C:\Users\Administrator\source\repos\xtlua-Tu-154\XTLua\src\ImgWindow\ImgWindow.h:343:12: warning: private field 'mFontTexture' is not used [clang-diagnostic-unused-private-field]
  343 |     GLuint mFontTexture;
      |            ^
C:\Users\Administrator\source\repos\xtlua-Tu-154\XTLua\src\ImgWindow\ImgWindow.h:353:10: warning: private field 'bResetBackspace' is not used [clang-diagnostic-unused-private-field]
  353 |     bool bResetBackspace = false;
      |          ^
C:\Users\Administrator\source\repos\xtlua-Tu-154\XTLua\src\imgui\imgui.cpp:2417:51: warning: The right operand of '^' is a garbage value [clang-analyzer-core.UndefinedBinaryOperatorResult]
 2417 |         crc = (crc >> 8) ^ crc32_lut[(crc & 0xFF) ^ *data++];
      |                                                   ^
C:\Users\Administrator\source\repos\xtlua-Tu-154\XTLua\src\imgui\imgui.cpp:16509:9: note: Assuming field 'ShowDebugLog' is false
 16509 |     if (cfg->ShowDebugLog)
       |         ^~~~~~~~~~~~~~~~~
C:\Users\Administrator\source\repos\xtlua-Tu-154\XTLua\src\imgui\imgui.cpp:16509:5: note: Taking false branch
 16509 |     if (cfg->ShowDebugLog)
       |     ^
C:\Users\Administrator\source\repos\xtlua-Tu-154\XTLua\src\imgui\imgui.cpp:16511:9: note: Assuming field 'ShowIDStackTool' is false
 16511 |     if (cfg->ShowIDStackTool)
       |         ^~~~~~~~~~~~~~~~~~~~
C:\Users\Administrator\source\repos\xtlua-Tu-154\XTLua\src\imgui\imgui.cpp:16511:5: note: Taking false branch
 16511 |     if (cfg->ShowIDStackTool)
       |     ^
C:\Users\Administrator\source\repos\xtlua-Tu-154\XTLua\src\imgui\imgui.cpp:16514:9: note: Assuming the condition is false
 16514 |     if (!Begin("Dear ImGui Metrics/Debugger", p_open) || GetCurrentWindow()->BeginCount > 1)
       |         ^~~~~~~~~~~~~~~~~~~~~~~~~~~~~~~~~~~~~~~~~~~~~
C:\Users\Administrator\source\repos\xtlua-Tu-154\XTLua\src\imgui\imgui.cpp:16514:9: note: Left side of '||' is false
C:\Users\Administrator\source\repos\xtlua-Tu-154\XTLua\src\imgui\imgui.cpp:16514:58: note: Assuming field 'BeginCount' is <= 1
 16514 |     if (!Begin("Dear ImGui Metrics/Debugger", p_open) || GetCurrentWindow()->BeginCount > 1)
       |                                                          ^~~~~~~~~~~~~~~~~~~~~~~~~~~~~~~~~~
C:\Users\Administrator\source\repos\xtlua-Tu-154\XTLua\src\imgui\imgui.cpp:16514:5: note: Taking false branch
 16514 |     if (!Begin("Dear ImGui Metrics/Debugger", p_open) || GetCurrentWindow()->BeginCount > 1)
       |     ^
C:\Users\Administrator\source\repos\xtlua-Tu-154\XTLua\src\imgui\imgui.cpp:16525:9: note: Assuming the condition is false
 16525 |     if (g.ContextName[0] != 0)
       |         ^~~~~~~~~~~~~~~~~~~~~
C:\Users\Administrator\source\repos\xtlua-Tu-154\XTLua\src\imgui\imgui.cpp:16525:5: note: Taking false branch
 16525 |     if (g.ContextName[0] != 0)
       |     ^
C:\Users\Administrator\source\repos\xtlua-Tu-154\XTLua\src\imgui\imgui.cpp:16542:9: note: Assuming field 'ShowWindowsRectsType' is >= 0
 16542 |     if (cfg->ShowWindowsRectsType < 0)
       |         ^~~~~~~~~~~~~~~~~~~~~~~~~~~~~
C:\Users\Administrator\source\repos\xtlua-Tu-154\XTLua\src\imgui\imgui.cpp:16542:5: note: Taking false branch
 16542 |     if (cfg->ShowWindowsRectsType < 0)
       |     ^
C:\Users\Administrator\source\repos\xtlua-Tu-154\XTLua\src\imgui\imgui.cpp:16544:9: note: Assuming field 'ShowTablesRectsType' is >= 0
 16544 |     if (cfg->ShowTablesRectsType < 0)
       |         ^~~~~~~~~~~~~~~~~~~~~~~~~~~~
C:\Users\Administrator\source\repos\xtlua-Tu-154\XTLua\src\imgui\imgui.cpp:16544:5: note: Taking false branch
 16544 |     if (cfg->ShowTablesRectsType < 0)
       |     ^
C:\Users\Administrator\source\repos\xtlua-Tu-154\XTLua\src\imgui\imgui.cpp:16589:9: note: Assuming the condition is false
 16589 |     if (TreeNode("Tools"))
       |         ^~~~~~~~~~~~~~~~~
C:\Users\Administrator\source\repos\xtlua-Tu-154\XTLua\src\imgui\imgui.cpp:16589:5: note: Taking false branch
 16589 |     if (TreeNode("Tools"))
       |     ^
C:\Users\Administrator\source\repos\xtlua-Tu-154\XTLua\src\imgui\imgui.cpp:16695:9: note: Assuming the condition is false
 16695 |     if (TreeNode("Windows", "Windows (%d)", g.Windows.Size))
       |         ^~~~~~~~~~~~~~~~~~~~~~~~~~~~~~~~~~~~~~~~~~~~~~~~~~~
C:\Users\Administrator\source\repos\xtlua-Tu-154\XTLua\src\imgui\imgui.cpp:16695:5: note: Taking false branch
 16695 |     if (TreeNode("Windows", "Windows (%d)", g.Windows.Size))
       |     ^
C:\Users\Administrator\source\repos\xtlua-Tu-154\XTLua\src\imgui\imgui.cpp:16719:35: note: Assuming '__begin1' is equal to '__end1'
 16719 |     for (ImGuiViewportP* viewport : g.Viewports)
       |                                   ^
C:\Users\Administrator\source\repos\xtlua-Tu-154\XTLua\src\imgui\imgui.cpp:16721:9: note: Assuming the condition is false
 16721 |     if (TreeNode("DrawLists", "DrawLists (%d)", drawlist_count))
       |         ^~~~~~~~~~~~~~~~~~~~~~~~~~~~~~~~~~~~~~~~~~~~~~~~~~~~~~~
C:\Users\Administrator\source\repos\xtlua-Tu-154\XTLua\src\imgui\imgui.cpp:16721:5: note: Taking false branch
 16721 |     if (TreeNode("DrawLists", "DrawLists (%d)", drawlist_count))
       |     ^
C:\Users\Administrator\source\repos\xtlua-Tu-154\XTLua\src\imgui\imgui.cpp:16732:9: note: Assuming the condition is true
 16732 |     if (TreeNode("Viewports", "Viewports (%d)", g.Viewports.Size))
       |         ^~~~~~~~~~~~~~~~~~~~~~~~~~~~~~~~~~~~~~~~~~~~~~~~~~~~~~~~~
C:\Users\Administrator\source\repos\xtlua-Tu-154\XTLua\src\imgui\imgui.cpp:16732:5: note: Taking true branch
 16732 |     if (TreeNode("Viewports", "Viewports (%d)", g.Viewports.Size))
       |     ^
C:\Users\Administrator\source\repos\xtlua-Tu-154\XTLua\src\imgui\imgui.cpp:16735:13: note: Assuming the condition is false
 16735 |         if (TreeNode("Windows Minimap"))
       |             ^~~~~~~~~~~~~~~~~~~~~~~~~~~
C:\Users\Administrator\source\repos\xtlua-Tu-154\XTLua\src\imgui\imgui.cpp:16735:9: note: Taking false branch
 16735 |         if (TreeNode("Windows Minimap"))
       |         ^
C:\Users\Administrator\source\repos\xtlua-Tu-154\XTLua\src\imgui\imgui.cpp:16742:39: note: Assuming '__begin2' is not equal to '__end2'
 16742 |         for (ImGuiViewportP* viewport : g.Viewports)
       |                                       ^
C:\Users\Administrator\source\repos\xtlua-Tu-154\XTLua\src\imgui\imgui.cpp:16743:13: note: Calling 'DebugNodeViewport'
 16743 |             DebugNodeViewport(viewport);
       |             ^~~~~~~~~~~~~~~~~~~~~~~~~~~
C:\Users\Administrator\source\repos\xtlua-Tu-154\XTLua\src\imgui\imgui.cpp:17583:9: note: Calling 'IsItemHovered'
 17583 |     if (IsItemHovered())
       |         ^~~~~~~~~~~~~~~
C:\Users\Administrator\source\repos\xtlua-Tu-154\XTLua\src\imgui\imgui.cpp:4815:5: note: Taking false branch
 4815 |     IM_ASSERT_USER_ERROR((flags & ~ImGuiHoveredFlags_AllowedMaskForIsItemHovered) == 0, "Invalid flags for IsItemHovered()!");
      |     ^
C:\Users\Administrator\source\repos\xtlua-Tu-154\XTLua\src\imgui\imgui_internal.h:2062:58: note: expanded from macro 'IM_ASSERT_USER_ERROR'
 2062 | #define IM_ASSERT_USER_ERROR(_EXPR,_MSG)            do { if (!(_EXPR)) { if (ImGui::ErrorLog(_MSG)) { IM_ASSERT((_EXPR) && _MSG); } } } while (0)               // Recoverable User Error
      |                                                          ^
C:\Users\Administrator\source\repos\xtlua-Tu-154\XTLua\src\imgui\imgui.cpp:4815:5: note: Loop condition is false.  Exiting loop
 4815 |     IM_ASSERT_USER_ERROR((flags & ~ImGuiHoveredFlags_AllowedMaskForIsItemHovered) == 0, "Invalid flags for IsItemHovered()!");
      |     ^
C:\Users\Administrator\source\repos\xtlua-Tu-154\XTLua\src\imgui\imgui_internal.h:2062:53: note: expanded from macro 'IM_ASSERT_USER_ERROR'
 2062 | #define IM_ASSERT_USER_ERROR(_EXPR,_MSG)            do { if (!(_EXPR)) { if (ImGui::ErrorLog(_MSG)) { IM_ASSERT((_EXPR) && _MSG); } } } while (0)               // Recoverable User Error
      |                                                     ^
C:\Users\Administrator\source\repos\xtlua-Tu-154\XTLua\src\imgui\imgui.cpp:4817:9: note: Assuming field 'NavHighlightItemUnderNav' is false
 4817 |     if (g.NavHighlightItemUnderNav && g.NavCursorVisible && !(flags & ImGuiHoveredFlags_NoNavOverride))
      |         ^~~~~~~~~~~~~~~~~~~~~~~~~~
C:\Users\Administrator\source\repos\xtlua-Tu-154\XTLua\src\imgui\imgui.cpp:4817:36: note: Left side of '&&' is false
 4817 |     if (g.NavHighlightItemUnderNav && g.NavCursorVisible && !(flags & ImGuiHoveredFlags_NoNavOverride))
      |                                    ^
C:\Users\Administrator\source\repos\xtlua-Tu-154\XTLua\src\imgui\imgui.cpp:4831:13: note: Assuming the condition is false
 4831 |         if (!(status_flags & ImGuiItemStatusFlags_HoveredRect))
      |             ^~~~~~~~~~~~~~~~~~~~~~~~~~~~~~~~~~~~~~~~~~~~~~~~~~
C:\Users\Administrator\source\repos\xtlua-Tu-154\XTLua\src\imgui\imgui.cpp:4831:9: note: Taking false branch
 4831 |         if (!(status_flags & ImGuiItemStatusFlags_HoveredRect))
      |         ^
C:\Users\Administrator\source\repos\xtlua-Tu-154\XTLua\src\imgui\imgui.cpp:4834:9: note: Taking false branch
 4834 |         if (flags & ImGuiHoveredFlags_ForTooltip)
      |         ^
C:\Users\Administrator\source\repos\xtlua-Tu-154\XTLua\src\imgui\imgui.cpp:4843:13: note: Assuming 'window' is equal to field 'HoveredWindow'
 4843 |         if (g.HoveredWindow != window && (status_flags & ImGuiItemStatusFlags_HoveredWindow) == 0)
      |             ^~~~~~~~~~~~~~~~~~~~~~~~~
C:\Users\Administrator\source\repos\xtlua-Tu-154\XTLua\src\imgui\imgui.cpp:4843:39: note: Left side of '&&' is false
 4843 |         if (g.HoveredWindow != window && (status_flags & ImGuiItemStatusFlags_HoveredWindow) == 0)
      |                                       ^
C:\Users\Administrator\source\repos\xtlua-Tu-154\XTLua\src\imgui\imgui.cpp:4849:9: note: Taking true branch
 4849 |         if ((flags & ImGuiHoveredFlags_AllowWhenBlockedByActiveItem) == 0)
      |         ^
C:\Users\Administrator\source\repos\xtlua-Tu-154\XTLua\src\imgui\imgui.cpp:4850:17: note: Assuming field 'ActiveId' is equal to 0
 4850 |             if (g.ActiveId != 0 && g.ActiveId != id && !g.ActiveIdAllowOverlap && !g.ActiveIdFromShortcut)
      |                 ^~~~~~~~~~~~~~~
C:\Users\Administrator\source\repos\xtlua-Tu-154\XTLua\src\imgui\imgui.cpp:4850:33: note: Left side of '&&' is false
 4850 |             if (g.ActiveId != 0 && g.ActiveId != id && !g.ActiveIdAllowOverlap && !g.ActiveIdFromShortcut)
      |                                 ^
C:\Users\Administrator\source\repos\xtlua-Tu-154\XTLua\src\imgui\imgui.cpp:4865:54: note: Left side of '&&' is false
 4865 |         if (!IsWindowContentHoverable(window, flags) && !(g.LastItemData.ItemFlags & ImGuiItemFlags_NoWindowHoverableCheck))
      |                                                      ^
C:\Users\Administrator\source\repos\xtlua-Tu-154\XTLua\src\imgui\imgui.cpp:4869:13: note: Assuming the condition is false
 4869 |         if ((g.LastItemData.ItemFlags & ImGuiItemFlags_Disabled) && !(flags & ImGuiHoveredFlags_AllowWhenDisabled))
      |             ^~~~~~~~~~~~~~~~~~~~~~~~~~~~~~~~~~~~~~~~~~~~~~~~~~~~
C:\Users\Administrator\source\repos\xtlua-Tu-154\XTLua\src\imgui\imgui.cpp:4869:66: note: Left side of '&&' is false
 4869 |         if ((g.LastItemData.ItemFlags & ImGuiItemFlags_Disabled) && !(flags & ImGuiHoveredFlags_AllowWhenDisabled))
      |                                                                  ^
C:\Users\Administrator\source\repos\xtlua-Tu-154\XTLua\src\imgui\imgui.cpp:4875:13: note: Assuming 'id' is not equal to field 'MoveId'
 4875 |         if (id == window->MoveId && window->WriteAccessed)
      |             ^~~~~~~~~~~~~~~~~~~~
C:\Users\Administrator\source\repos\xtlua-Tu-154\XTLua\src\imgui\imgui.cpp:4875:34: note: Left side of '&&' is false
 4875 |         if (id == window->MoveId && window->WriteAccessed)
      |                                  ^
C:\Users\Administrator\source\repos\xtlua-Tu-154\XTLua\src\imgui\imgui.cpp:4879:13: note: Assuming the condition is false
 4879 |         if ((g.LastItemData.ItemFlags & ImGuiItemFlags_AllowOverlap) && id != 0)
      |             ^~~~~~~~~~~~~~~~~~~~~~~~~~~~~~~~~~~~~~~~~~~~~~~~~~~~~~~~
C:\Users\Administrator\source\repos\xtlua-Tu-154\XTLua\src\imgui\imgui.cpp:4879:70: note: Left side of '&&' is false
 4879 |         if ((g.LastItemData.ItemFlags & ImGuiItemFlags_AllowOverlap) && id != 0)
      |                                                                      ^
C:\Users\Administrator\source\repos\xtlua-Tu-154\XTLua\src\imgui\imgui.cpp:4888:9: note: Assuming the condition is true
 4888 |     if (delay > 0.0f || (flags & ImGuiHoveredFlags_Stationary))
      |         ^~~~~~~~~~~~
C:\Users\Administrator\source\repos\xtlua-Tu-154\XTLua\src\imgui\imgui.cpp:4888:22: note: Left side of '||' is true
 4888 |     if (delay > 0.0f || (flags & ImGuiHoveredFlags_Stationary))
      |                      ^
C:\Users\Administrator\source\repos\xtlua-Tu-154\XTLua\src\imgui\imgui.cpp:4890:35: note: Assuming field 'ID' is equal to 0
 4890 |         ImGuiID hover_delay_id = (g.LastItemData.ID != 0) ? g.LastItemData.ID : window->GetIDFromPos(g.LastItemData.Rect.Min);
      |                                   ^~~~~~~~~~~~~~~~~~~~~~
C:\Users\Administrator\source\repos\xtlua-Tu-154\XTLua\src\imgui\imgui.cpp:4890:34: note: '?' condition is false
 4890 |         ImGuiID hover_delay_id = (g.LastItemData.ID != 0) ? g.LastItemData.ID : window->GetIDFromPos(g.LastItemData.Rect.Min);
      |                                  ^
C:\Users\Administrator\source\repos\xtlua-Tu-154\XTLua\src\imgui\imgui.cpp:4890:81: note: Calling 'ImGuiWindow::GetIDFromPos'
 4890 |         ImGuiID hover_delay_id = (g.LastItemData.ID != 0) ? g.LastItemData.ID : window->GetIDFromPos(g.LastItemData.Rect.Min);
      |                                                                                 ^~~~~~~~~~~~~~~~~~~~~~~~~~~~~~~~~~~~~~~~~~~~~
C:\Users\Administrator\source\repos\xtlua-Tu-154\XTLua\src\imgui\imgui.cpp:9186:18: note: Calling 'ImHashData'
 9186 |     ImGuiID id = ImHashData(&p_rel, sizeof(p_rel), seed);
      |                  ^~~~~~~~~~~~~~~~~~~~~~~~~~~~~~~~~~~~~~~
C:\Users\Administrator\source\repos\xtlua-Tu-154\XTLua\src\imgui\imgui.cpp:2416:5: note: Loop condition is true.  Entering loop body
 2416 |     while (data < data_end)
      |     ^
C:\Users\Administrator\source\repos\xtlua-Tu-154\XTLua\src\imgui\imgui.cpp:2416:5: note: Loop condition is true.  Entering loop body
C:\Users\Administrator\source\repos\xtlua-Tu-154\XTLua\src\imgui\imgui.cpp:2417:51: note: The right operand of '^' is a garbage value
 2417 |         crc = (crc >> 8) ^ crc32_lut[(crc & 0xFF) ^ *data++];
      |                                                   ^ ~~~~~~~
C:\Users\Administrator\source\repos\xtlua-Tu-154\XTLua\src\imgui\imgui.cpp:2604:36: warning: Out of bound access to memory preceding 'masks' [clang-analyzer-security.ArrayBound]
 2604 |     *out_char  = (uint32_t)(s[0] & masks[len]) << 18;
      |                                    ^
C:\Users\Administrator\source\repos\xtlua-Tu-154\XTLua\src\imgui\imgui.cpp:2764:9: note: Assuming 'in_text_start' is not equal to 'in_p'
 2764 |     if (in_text_start == in_p)
      |         ^~~~~~~~~~~~~~~~~~~~~
C:\Users\Administrator\source\repos\xtlua-Tu-154\XTLua\src\imgui\imgui.cpp:2764:5: note: Taking false branch
 2764 |     if (in_text_start == in_p)
      |     ^
C:\Users\Administrator\source\repos\xtlua-Tu-154\XTLua\src\imgui\imgui.cpp:2768:22: note: Calling 'ImTextCharFromUtf8'
 2768 |     int prev_c_len = ImTextCharFromUtf8(&prev_c, prev, in_text_end);
      |                      ^~~~~~~~~~~~~~~~~~~~~~~~~~~~~~~~~~~~~~~~~~~~~~
C:\Users\Administrator\source\repos\xtlua-Tu-154\XTLua\src\imgui\imgui.cpp:2589:25: note: Assuming 'len' is not equal to 0
 2589 |     int wanted = len + (len ? 0 : 1);
      |                         ^~~
C:\Users\Administrator\source\repos\xtlua-Tu-154\XTLua\src\imgui\imgui.cpp:2589:25: note: '?' condition is true
C:\Users\Administrator\source\repos\xtlua-Tu-154\XTLua\src\imgui\imgui.cpp:2592:9: note: Assuming 'in_text_end' is equal to NULL
 2592 |     if (in_text_end == NULL)
      |         ^~~~~~~~~~~~~~~~~~~
C:\Users\Administrator\source\repos\xtlua-Tu-154\XTLua\src\imgui\imgui.cpp:2592:5: note: Taking true branch
 2592 |     if (in_text_end == NULL)
      |     ^
C:\Users\Administrator\source\repos\xtlua-Tu-154\XTLua\src\imgui\imgui.cpp:2598:12: note: Assuming the condition is false
 2598 |     s[0] = in_text + 0 < in_text_end ? in_text[0] : 0;
      |            ^~~~~~~~~~~~~~~~~~~~~~~~~
C:\Users\Administrator\source\repos\xtlua-Tu-154\XTLua\src\imgui\imgui.cpp:2598:12: note: '?' condition is false
C:\Users\Administrator\source\repos\xtlua-Tu-154\XTLua\src\imgui\imgui.cpp:2599:12: note: '?' condition is false
 2599 |     s[1] = in_text + 1 < in_text_end ? in_text[1] : 0;
      |            ^
C:\Users\Administrator\source\repos\xtlua-Tu-154\XTLua\src\imgui\imgui.cpp:2600:12: note: '?' condition is false
 2600 |     s[2] = in_text + 2 < in_text_end ? in_text[2] : 0;
      |            ^
C:\Users\Administrator\source\repos\xtlua-Tu-154\XTLua\src\imgui\imgui.cpp:2601:12: note: '?' condition is false
 2601 |     s[3] = in_text + 3 < in_text_end ? in_text[3] : 0;
      |            ^
C:\Users\Administrator\source\repos\xtlua-Tu-154\XTLua\src\imgui\imgui.cpp:2604:36: note: Access of 'masks' at a negative index
 2604 |     *out_char  = (uint32_t)(s[0] & masks[len]) << 18;
      |                                    ^~~~~~~~~~
C:\Users\Administrator\source\repos\xtlua-Tu-154\XTLua\src\imgui\imgui.cpp:5340:23: warning: Access to field 'Flags' results in a dereference of a null pointer (loaded from variable 'hovered_root') [clang-analyzer-core.NullDereference]
 5340 |                 if (!(hovered_root->Flags & ImGuiWindowFlags_NoTitleBar))
      |                       ^
C:\Users\Administrator\source\repos\xtlua-Tu-154\XTLua\src\imgui\imgui.cpp:6075:9: note: Assuming field 'FrameCountEnded' is not equal to field 'FrameCount'
 6075 |     if (g.FrameCountEnded != g.FrameCount)
      |         ^~~~~~~~~~~~~~~~~~~~~~~~~~~~~~~~~
C:\Users\Administrator\source\repos\xtlua-Tu-154\XTLua\src\imgui\imgui.cpp:6075:5: note: Taking true branch
 6075 |     if (g.FrameCountEnded != g.FrameCount)
      |     ^
C:\Users\Administrator\source\repos\xtlua-Tu-154\XTLua\src\imgui\imgui.cpp:6076:9: note: Calling 'EndFrame'
 6076 |         EndFrame();
      |         ^~~~~~~~~~
C:\Users\Administrator\source\repos\xtlua-Tu-154\XTLua\src\imgui\imgui.cpp:5971:9: note: Assuming field 'FrameCountEnded' is not equal to field 'FrameCount'
 5971 |     if (g.FrameCountEnded == g.FrameCount)
      |         ^~~~~~~~~~~~~~~~~~~~~~~~~~~~~~~~~
C:\Users\Administrator\source\repos\xtlua-Tu-154\XTLua\src\imgui\imgui.cpp:5971:5: note: Taking false branch
 5971 |     if (g.FrameCountEnded == g.FrameCount)
      |     ^
C:\Users\Administrator\source\repos\xtlua-Tu-154\XTLua\src\imgui\imgui.cpp:5973:5: note: Assuming field 'WithinFrameScope' is true
 5973 |     IM_ASSERT_USER_ERROR_RET(g.WithinFrameScope, "Forgot to call ImGui::NewFrame()?");
      |     ^
C:\Users\Administrator\source\repos\xtlua-Tu-154\XTLua\src\imgui\imgui_internal.h:2063:62: note: expanded from macro 'IM_ASSERT_USER_ERROR_RET'
 2063 | #define IM_ASSERT_USER_ERROR_RET(_EXPR,_MSG)        do { if (!(_EXPR)) { if (ImGui::ErrorLog(_MSG)) { IM_ASSERT((_EXPR) && _MSG); } return; } } while (0)       // Recoverable User Error
      |                                                              ^~~~~~~~
C:\Users\Administrator\source\repos\xtlua-Tu-154\XTLua\src\imgui\imgui.cpp:5973:5: note: Taking false branch
 5973 |     IM_ASSERT_USER_ERROR_RET(g.WithinFrameScope, "Forgot to call ImGui::NewFrame()?");
      |     ^
C:\Users\Administrator\source\repos\xtlua-Tu-154\XTLua\src\imgui\imgui_internal.h:2063:58: note: expanded from macro 'IM_ASSERT_USER_ERROR_RET'
 2063 | #define IM_ASSERT_USER_ERROR_RET(_EXPR,_MSG)        do { if (!(_EXPR)) { if (ImGui::ErrorLog(_MSG)) { IM_ASSERT((_EXPR) && _MSG); } return; } } while (0)       // Recoverable User Error
      |                                                          ^
C:\Users\Administrator\source\repos\xtlua-Tu-154\XTLua\src\imgui\imgui.cpp:5973:5: note: Loop condition is false.  Exiting loop
 5973 |     IM_ASSERT_USER_ERROR_RET(g.WithinFrameScope, "Forgot to call ImGui::NewFrame()?");
      |     ^
C:\Users\Administrator\source\repos\xtlua-Tu-154\XTLua\src\imgui\imgui_internal.h:2063:53: note: expanded from macro 'IM_ASSERT_USER_ERROR_RET'
 2063 | #define IM_ASSERT_USER_ERROR_RET(_EXPR,_MSG)        do { if (!(_EXPR)) { if (ImGui::ErrorLog(_MSG)) { IM_ASSERT((_EXPR) && _MSG); } return; } } while (0)       // Recoverable User Error
      |                                                     ^
C:\Users\Administrator\source\repos\xtlua-Tu-154\XTLua\src\imgui\imgui.cpp:5978:9: note: Assuming field 'ConfigErrorRecovery' is false
 5978 |     if (g.IO.ConfigErrorRecovery)
      |         ^~~~~~~~~~~~~~~~~~~~~~~~
C:\Users\Administrator\source\repos\xtlua-Tu-154\XTLua\src\imgui\imgui.cpp:5978:5: note: Taking false branch
 5978 |     if (g.IO.ConfigErrorRecovery)
      |     ^
C:\Users\Administrator\source\repos\xtlua-Tu-154\XTLua\src\imgui\imgui.cpp:5985:9: note: Assuming field 'Platform_SetImeDataFn' is equal to NULL
 5985 |     if (g.PlatformIO.Platform_SetImeDataFn != NULL && memcmp(ime_data, &g.PlatformImeDataPrev, sizeof(ImGuiPlatformImeData)) != 0)
      |         ^~~~~~~~~~~~~~~~~~~~~~~~~~~~~~~~~~~~~~~~~~
C:\Users\Administrator\source\repos\xtlua-Tu-154\XTLua\src\imgui\imgui.cpp:5985:52: note: Left side of '&&' is false
 5985 |     if (g.PlatformIO.Platform_SetImeDataFn != NULL && memcmp(ime_data, &g.PlatformImeDataPrev, sizeof(ImGuiPlatformImeData)) != 0)
      |                                                    ^
C:\Users\Administrator\source\repos\xtlua-Tu-154\XTLua\src\imgui\imgui.cpp:5992:32: note: Assuming field 'WantTextInput' is false
 5992 |     g.WantTextInputNextFrame = ime_data->WantTextInput ? 1 : 0;
      |                                ^~~~~~~~~~~~~~~~~~~~~~~
C:\Users\Administrator\source\repos\xtlua-Tu-154\XTLua\src\imgui\imgui.cpp:5992:32: note: '?' condition is false
C:\Users\Administrator\source\repos\xtlua-Tu-154\XTLua\src\imgui\imgui.cpp:5996:9: note: Assuming field 'CurrentWindow' is null
 5996 |     if (g.CurrentWindow && g.CurrentWindow->IsFallbackWindow && g.CurrentWindow->WriteAccessed == false)
      |         ^~~~~~~~~~~~~~~
C:\Users\Administrator\source\repos\xtlua-Tu-154\XTLua\src\imgui\imgui.cpp:5996:25: note: Left side of '&&' is false
 5996 |     if (g.CurrentWindow && g.CurrentWindow->IsFallbackWindow && g.CurrentWindow->WriteAccessed == false)
      |                         ^
C:\Users\Administrator\source\repos\xtlua-Tu-154\XTLua\src\imgui\imgui.cpp:6008:9: note: Assuming field 'DragDropActive' is false
 6008 |     if (g.DragDropActive)
      |         ^~~~~~~~~~~~~~~~
C:\Users\Administrator\source\repos\xtlua-Tu-154\XTLua\src\imgui\imgui.cpp:6008:5: note: Taking false branch
 6008 |     if (g.DragDropActive)
      |     ^
C:\Users\Administrator\source\repos\xtlua-Tu-154\XTLua\src\imgui\imgui.cpp:6021:11: note: Field 'DragDropActive' is false
 6021 |     if (g.DragDropActive && g.DragDropSourceFrameCount + 1 < g.FrameCount && !(g.DragDropSourceFlags & ImGuiDragDropFlags_SourceNoPreviewTooltip))
      |           ^
C:\Users\Administrator\source\repos\xtlua-Tu-154\XTLua\src\imgui\imgui.cpp:6021:26: note: Left side of '&&' is false
 6021 |     if (g.DragDropActive && g.DragDropSourceFrameCount + 1 < g.FrameCount && !(g.DragDropSourceFlags & ImGuiDragDropFlags_SourceNoPreviewTooltip))
      |                          ^
C:\Users\Administrator\source\repos\xtlua-Tu-154\XTLua\src\imgui\imgui.cpp:6034:5: note: Calling 'UpdateMouseMovingWindowEndFrame'
 6034 |     UpdateMouseMovingWindowEndFrame();
      |     ^~~~~~~~~~~~~~~~~~~~~~~~~~~~~~~~~
C:\Users\Administrator\source\repos\xtlua-Tu-154\XTLua\src\imgui\imgui.cpp:5313:9: note: Assuming field 'ActiveId' is equal to 0
 5313 |     if (g.ActiveId != 0 || (g.HoveredId != 0 && !g.HoveredIdIsDisabled))
      |         ^~~~~~~~~~~~~~~
C:\Users\Administrator\source\repos\xtlua-Tu-154\XTLua\src\imgui\imgui.cpp:5313:9: note: Left side of '||' is false
C:\Users\Administrator\source\repos\xtlua-Tu-154\XTLua\src\imgui\imgui.cpp:5313:29: note: Assuming field 'HoveredId' is equal to 0
 5313 |     if (g.ActiveId != 0 || (g.HoveredId != 0 && !g.HoveredIdIsDisabled))
      |                             ^~~~~~~~~~~~~~~~
C:\Users\Administrator\source\repos\xtlua-Tu-154\XTLua\src\imgui\imgui.cpp:5313:46: note: Left side of '&&' is false
 5313 |     if (g.ActiveId != 0 || (g.HoveredId != 0 && !g.HoveredIdIsDisabled))
      |                                              ^
C:\Users\Administrator\source\repos\xtlua-Tu-154\XTLua\src\imgui\imgui.cpp:5317:9: note: Assuming field 'NavWindow' is null
 5317 |     if (g.NavWindow && g.NavWindow->Appearing)
      |         ^~~~~~~~~~~
C:\Users\Administrator\source\repos\xtlua-Tu-154\XTLua\src\imgui\imgui.cpp:5317:21: note: Left side of '&&' is false
 5317 |     if (g.NavWindow && g.NavWindow->Appearing)
      |                     ^
C:\Users\Administrator\source\repos\xtlua-Tu-154\XTLua\src\imgui\imgui.cpp:5324:9: note: Assuming the condition is true
 5324 |     if (g.IO.MouseClicked[0])
      |         ^~~~~~~~~~~~~~~~~~~~
C:\Users\Administrator\source\repos\xtlua-Tu-154\XTLua\src\imgui\imgui.cpp:5324:5: note: Taking true branch
 5324 |     if (g.IO.MouseClicked[0])
      |     ^
C:\Users\Administrator\source\repos\xtlua-Tu-154\XTLua\src\imgui\imgui.cpp:5328:37: note: Assuming 'hovered_window' is non-null
 5328 |         ImGuiWindow* hovered_root = hovered_window ? hovered_window->RootWindow : NULL;
      |                                     ^~~~~~~~~~~~~~
C:\Users\Administrator\source\repos\xtlua-Tu-154\XTLua\src\imgui\imgui.cpp:5328:37: note: '?' condition is true
C:\Users\Administrator\source\repos\xtlua-Tu-154\XTLua\src\imgui\imgui.cpp:5328:9: note: 'hovered_root' initialized here
 5328 |         ImGuiWindow* hovered_root = hovered_window ? hovered_window->RootWindow : NULL;
      |         ^~~~~~~~~~~~~~~~~~~~~~~~~
C:\Users\Administrator\source\repos\xtlua-Tu-154\XTLua\src\imgui\imgui.cpp:5329:38: note: Assuming 'hovered_root' is null
 5329 |         const bool is_closed_popup = hovered_root && (hovered_root->Flags & ImGuiWindowFlags_Popup) && !IsPopupOpen(hovered_root->PopupId, ImGuiPopupFlags_AnyPopupLevel);
      |                                      ^~~~~~~~~~~~
C:\Users\Administrator\source\repos\xtlua-Tu-154\XTLua\src\imgui\imgui.cpp:5329:51: note: Left side of '&&' is false
 5329 |         const bool is_closed_popup = hovered_root && (hovered_root->Flags & ImGuiWindowFlags_Popup) && !IsPopupOpen(hovered_root->PopupId, ImGuiPopupFlags_AnyPopupLevel);
      |                                                   ^
C:\Users\Administrator\source\repos\xtlua-Tu-154\XTLua\src\imgui\imgui.cpp:5331:13: note: 'hovered_window' is not equal to NULL
 5331 |         if (hovered_window != NULL && !is_closed_popup)
      |             ^~~~~~~~~~~~~~
C:\Users\Administrator\source\repos\xtlua-Tu-154\XTLua\src\imgui\imgui.cpp:5331:13: note: Left side of '&&' is true
C:\Users\Administrator\source\repos\xtlua-Tu-154\XTLua\src\imgui\imgui.cpp:5331:40: note: 'is_closed_popup' is false
 5331 |         if (hovered_window != NULL && !is_closed_popup)
      |                                        ^~~~~~~~~~~~~~~
C:\Users\Administrator\source\repos\xtlua-Tu-154\XTLua\src\imgui\imgui.cpp:5331:9: note: Taking true branch
 5331 |         if (hovered_window != NULL && !is_closed_popup)
      |         ^
C:\Users\Administrator\source\repos\xtlua-Tu-154\XTLua\src\imgui\imgui.cpp:5339:17: note: Assuming the condition is true
 5339 |             if ((hovered_window->BgClickFlags & ImGuiWindowBgClickFlags_Move) == 0) // set by io.ConfigWindowsMoveFromTitleBarOnly
      |                 ^~~~~~~~~~~~~~~~~~~~~~~~~~~~~~~~~~~~~~~~~~~~~~~~~~~~~~~~~~~~~~~~~~
C:\Users\Administrator\source\repos\xtlua-Tu-154\XTLua\src\imgui\imgui.cpp:5339:13: note: Taking true branch
 5339 |             if ((hovered_window->BgClickFlags & ImGuiWindowBgClickFlags_Move) == 0) // set by io.ConfigWindowsMoveFromTitleBarOnly
      |             ^
C:\Users\Administrator\source\repos\xtlua-Tu-154\XTLua\src\imgui\imgui.cpp:5340:23: note: Access to field 'Flags' results in a dereference of a null pointer (loaded from variable 'hovered_root')
 5340 |                 if (!(hovered_root->Flags & ImGuiWindowFlags_NoTitleBar))
      |                       ^~~~~~~~~~~~
C:\Users\Administrator\source\repos\xtlua-Tu-154\XTLua\src\imgui\imgui.cpp:7341:12: warning: Access to field 'ChildFlags' results in a dereference of a null pointer (loaded from field 'RootWindowForNav') [clang-analyzer-core.NullDereference]
 7341 |     while (window->RootWindowForNav->ChildFlags & ImGuiChildFlags_NavFlattened)
      |            ^       ~~~~~~~~~~~~~~~~
C:\Users\Administrator\source\repos\xtlua-Tu-154\XTLua\src\imgui\imgui.cpp:7333:5: note: Value assigned to field 'ParentWindow'
 7333 |     window->ParentWindow = parent_window;
      |     ^~~~~~~~~~~~~~~~~~~~~~~~~~~~~~~~~~~~
C:\Users\Administrator\source\repos\xtlua-Tu-154\XTLua\src\imgui\imgui.cpp:7335:9: note: Assuming 'parent_window' is null
 7335 |     if (parent_window && (flags & ImGuiWindowFlags_ChildWindow) && !(flags & ImGuiWindowFlags_Tooltip))
      |         ^~~~~~~~~~~~~
C:\Users\Administrator\source\repos\xtlua-Tu-154\XTLua\src\imgui\imgui.cpp:7335:23: note: Left side of '&&' is false
 7335 |     if (parent_window && (flags & ImGuiWindowFlags_ChildWindow) && !(flags & ImGuiWindowFlags_Tooltip))
      |                       ^
C:\Users\Administrator\source\repos\xtlua-Tu-154\XTLua\src\imgui\imgui.cpp:7337:9: note: 'parent_window' is null
 7337 |     if (parent_window && (flags & ImGuiWindowFlags_Popup))
      |         ^~~~~~~~~~~~~
C:\Users\Administrator\source\repos\xtlua-Tu-154\XTLua\src\imgui\imgui.cpp:7337:23: note: Left side of '&&' is false
 7337 |     if (parent_window && (flags & ImGuiWindowFlags_Popup))
      |                       ^
C:\Users\Administrator\source\repos\xtlua-Tu-154\XTLua\src\imgui\imgui.cpp:7339:9: note: 'parent_window' is null
 7339 |     if (parent_window && !(flags & ImGuiWindowFlags_Modal) && (flags & (ImGuiWindowFlags_ChildWindow | ImGuiWindowFlags_Popup | ImGuiWindowFlags_Tooltip)))
      |         ^~~~~~~~~~~~~
C:\Users\Administrator\source\repos\xtlua-Tu-154\XTLua\src\imgui\imgui.cpp:7339:23: note: Left side of '&&' is false
 7339 |     if (parent_window && !(flags & ImGuiWindowFlags_Modal) && (flags & (ImGuiWindowFlags_ChildWindow | ImGuiWindowFlags_Popup | ImGuiWindowFlags_Tooltip)))
      |                       ^
C:\Users\Administrator\source\repos\xtlua-Tu-154\XTLua\src\imgui\imgui.cpp:7341:5: note: Loop condition is true.  Entering loop body
 7341 |     while (window->RootWindowForNav->ChildFlags & ImGuiChildFlags_NavFlattened)
      |     ^
C:\Users\Administrator\source\repos\xtlua-Tu-154\XTLua\src\imgui\imgui.cpp:7344:9: note: Null pointer value stored to field 'RootWindowForNav'
 7344 |         window->RootWindowForNav = window->RootWindowForNav->ParentWindow;
      |         ^~~~~~~~~~~~~~~~~~~~~~~~~~~~~~~~~~~~~~~~~~~~~~~~~~~~~~~~~~~~~~~~~
C:\Users\Administrator\source\repos\xtlua-Tu-154\XTLua\src\imgui\imgui.cpp:7341:12: note: Access to field 'ChildFlags' results in a dereference of a null pointer (loaded from field 'RootWindowForNav')
 7341 |     while (window->RootWindowForNav->ChildFlags & ImGuiChildFlags_NavFlattened)
      |            ^       ~~~~~~~~~~~~~~~~
C:\Users\Administrator\source\repos\xtlua-Tu-154\XTLua\src\imgui\imgui.cpp:7491:36: warning: Dereference of null pointer [clang-analyzer-core.NullDereference]
 7491 |         popup_ref.ParentNavLayer = parent_window_in_stack->DC.NavLayerCurrent;
      |                                    ^~~~~~~~~~~~~~~~~~~~~~~~~~~~~~~~~~~~~~~~~~
C:\Users\Administrator\source\repos\xtlua-Tu-154\XTLua\src\imgui\imgui.cpp:7402:39: note: Assuming 'window' is not equal to NULL
 7402 |     const bool window_just_created = (window == NULL);
      |                                       ^~~~~~~~~~~~~~
C:\Users\Administrator\source\repos\xtlua-Tu-154\XTLua\src\imgui\imgui.cpp:7403:9: note: 'window_just_created' is false
 7403 |     if (window_just_created)
      |         ^~~~~~~~~~~~~~~~~~~
C:\Users\Administrator\source\repos\xtlua-Tu-154\XTLua\src\imgui\imgui.cpp:7403:5: note: Taking false branch
 7403 |     if (window_just_created)
      |     ^
C:\Users\Administrator\source\repos\xtlua-Tu-154\XTLua\src\imgui\imgui.cpp:7407:9: note: Assuming field 'DebugBreakInWindow' is not equal to field 'ID'
 7407 |     if (g.DebugBreakInWindow == window->ID)
      |         ^~~~~~~~~~~~~~~~~~~~~~~~~~~~~~~~~~
C:\Users\Administrator\source\repos\xtlua-Tu-154\XTLua\src\imgui\imgui.cpp:7407:5: note: Taking false branch
 7407 |     if (g.DebugBreakInWindow == window->ID)
      |     ^
C:\Users\Administrator\source\repos\xtlua-Tu-154\XTLua\src\imgui\imgui.cpp:7411:9: note: Assuming the condition is false
 7411 |     if ((flags & ImGuiWindowFlags_NoInputs) == ImGuiWindowFlags_NoInputs)
      |         ^~~~~~~~~~~~~~~~~~~~~~~~~~~~~~~~~~~~~~~~~~~~~~~~~~~~~~~~~~~~~~~~
C:\Users\Administrator\source\repos\xtlua-Tu-154\XTLua\src\imgui\imgui.cpp:7411:5: note: Taking false branch
 7411 |     if ((flags & ImGuiWindowFlags_NoInputs) == ImGuiWindowFlags_NoInputs)
      |     ^
C:\Users\Administrator\source\repos\xtlua-Tu-154\XTLua\src\imgui\imgui.cpp:7415:44: note: Assuming 'current_frame' is equal to field 'LastFrameActive'
 7415 |     const bool first_begin_of_the_frame = (window->LastFrameActive != current_frame);
      |                                            ^~~~~~~~~~~~~~~~~~~~~~~~~~~~~~~~~~~~~~~~
C:\Users\Administrator\source\repos\xtlua-Tu-154\XTLua\src\imgui\imgui.cpp:7416:33: note: Assuming field 'Size' is not equal to 0
 7416 |     window->IsFallbackWindow = (g.CurrentWindowStack.Size == 0 && g.WithinFrameScopeWithImplicitWindow);
      |                                 ^~~~~~~~~~~~~~~~~~~~~~~~~~~~~~
C:\Users\Administrator\source\repos\xtlua-Tu-154\XTLua\src\imgui\imgui.cpp:7416:64: note: Left side of '&&' is false
 7416 |     window->IsFallbackWindow = (g.CurrentWindowStack.Size == 0 && g.WithinFrameScopeWithImplicitWindow);
      |                                                                ^
C:\Users\Administrator\source\repos\xtlua-Tu-154\XTLua\src\imgui\imgui.cpp:7419:43: note: Assuming the condition is false
 7419 |     bool window_just_activated_by_user = (window->LastFrameActive < current_frame - 1);   // Not using !WasActive because the implicit "Debug" window would always toggle off->on
      |                                           ^~~~~~~~~~~~~~~~~~~~~~~~~~~~~~~~~~~~~~~~~~~
C:\Users\Administrator\source\repos\xtlua-Tu-154\XTLua\src\imgui\imgui.cpp:7420:9: note: Assuming the condition is false
 7420 |     if (flags & ImGuiWindowFlags_Popup)
      |         ^~~~~~~~~~~~~~~~~~~~~~~~~~~~~~
C:\Users\Administrator\source\repos\xtlua-Tu-154\XTLua\src\imgui\imgui.cpp:7420:5: note: Taking false branch
 7420 |     if (flags & ImGuiWindowFlags_Popup)
      |     ^
C:\Users\Administrator\source\repos\xtlua-Tu-154\XTLua\src\imgui\imgui.cpp:7427:17: note: Field 'Appearing' is false
 7427 |     if (window->Appearing)
      |                 ^
C:\Users\Administrator\source\repos\xtlua-Tu-154\XTLua\src\imgui\imgui.cpp:7427:5: note: Taking false branch
 7427 |     if (window->Appearing)
      |     ^
C:\Users\Administrator\source\repos\xtlua-Tu-154\XTLua\src\imgui\imgui.cpp:7431:9: note: 'first_begin_of_the_frame' is false
 7431 |     if (first_begin_of_the_frame)
      |         ^~~~~~~~~~~~~~~~~~~~~~~~
C:\Users\Administrator\source\repos\xtlua-Tu-154\XTLua\src\imgui\imgui.cpp:7431:5: note: Taking false branch
 7431 |     if (first_begin_of_the_frame)
      |     ^
C:\Users\Administrator\source\repos\xtlua-Tu-154\XTLua\src\imgui\imgui.cpp:7447:43: note: Assuming the condition is true
 7447 |     ImGuiWindow* parent_window_in_stack = g.CurrentWindowStack.empty() ? NULL : g.CurrentWindowStack.back().Window;
      |                                           ^~~~~~~~~~~~~~~~~~~~~~~~~~~~
C:\Users\Administrator\source\repos\xtlua-Tu-154\XTLua\src\imgui\imgui.cpp:7447:43: note: '?' condition is true
C:\Users\Administrator\source\repos\xtlua-Tu-154\XTLua\src\imgui\imgui.cpp:7447:5: note: 'parent_window_in_stack' initialized to a null pointer value
 7447 |     ImGuiWindow* parent_window_in_stack = g.CurrentWindowStack.empty() ? NULL : g.CurrentWindowStack.back().Window;
      |     ^~~~~~~~~~~~~~~~~~~~~~~~~~~~~~~~~~~
C:\Users\Administrator\source\repos\xtlua-Tu-154\XTLua\src\imgui\imgui.cpp:7448:34: note: 'first_begin_of_the_frame' is false
 7448 |     ImGuiWindow* parent_window = first_begin_of_the_frame ? ((flags & (ImGuiWindowFlags_ChildWindow | ImGuiWindowFlags_Popup | ImGuiWindowFlags_Tooltip)) ? parent_window_in_stack : NULL) : window->ParentWindow;
      |                                  ^~~~~~~~~~~~~~~~~~~~~~~~
C:\Users\Administrator\source\repos\xtlua-Tu-154\XTLua\src\imgui\imgui.cpp:7448:34: note: '?' condition is false
C:\Users\Administrator\source\repos\xtlua-Tu-154\XTLua\src\imgui\imgui.cpp:7452:9: note: Assuming field 'Size' is not equal to 0
 7452 |     if (window->IDStack.Size == 0)
      |         ^~~~~~~~~~~~~~~~~~~~~~~~~
C:\Users\Administrator\source\repos\xtlua-Tu-154\XTLua\src\imgui\imgui.cpp:7452:5: note: Taking false branch
 7452 |     if (window->IDStack.Size == 0)
      |     ^
C:\Users\Administrator\source\repos\xtlua-Tu-154\XTLua\src\imgui\imgui.cpp:7461:50: note: Assuming the condition is false
 7461 |     window_stack_data.DisabledOverrideReenable = (flags & ImGuiWindowFlags_Tooltip) && (g.CurrentItemFlags & ImGuiItemFlags_Disabled);
      |                                                  ^~~~~~~~~~~~~~~~~~~~~~~~~~~~~~~~~~
C:\Users\Administrator\source\repos\xtlua-Tu-154\XTLua\src\imgui\imgui.cpp:7461:85: note: Left side of '&&' is false
 7461 |     window_stack_data.DisabledOverrideReenable = (flags & ImGuiWindowFlags_Tooltip) && (g.CurrentItemFlags & ImGuiItemFlags_Disabled);
      |                                                                                     ^
C:\Users\Administrator\source\repos\xtlua-Tu-154\XTLua\src\imgui\imgui.cpp:7465:9: note: Assuming the condition is false
 7465 |     if (flags & ImGuiWindowFlags_ChildMenu)
      |         ^~~~~~~~~~~~~~~~~~~~~~~~~~~~~~~~~~
C:\Users\Administrator\source\repos\xtlua-Tu-154\XTLua\src\imgui\imgui.cpp:7465:5: note: Taking false branch
 7465 |     if (flags & ImGuiWindowFlags_ChildMenu)
      |     ^
C:\Users\Administrator\source\repos\xtlua-Tu-154\XTLua\src\imgui\imgui.cpp:7469:9: note: 'first_begin_of_the_frame' is false
 7469 |     if (first_begin_of_the_frame)
      |         ^~~~~~~~~~~~~~~~~~~~~~~~
C:\Users\Administrator\source\repos\xtlua-Tu-154\XTLua\src\imgui\imgui.cpp:7469:5: note: Taking false branch
 7469 |     if (first_begin_of_the_frame)
      |     ^
C:\Users\Administrator\source\repos\xtlua-Tu-154\XTLua\src\imgui\imgui.cpp:7483:20: note: Assuming the condition is false
 7483 |     PushFocusScope((window->ChildFlags & ImGuiChildFlags_NavFlattened) ? g.CurrentFocusScopeId : window->ID);
      |                    ^~~~~~~~~~~~~~~~~~~~~~~~~~~~~~~~~~~~~~~~~~~~~~~~~~~
C:\Users\Administrator\source\repos\xtlua-Tu-154\XTLua\src\imgui\imgui.cpp:7483:20: note: '?' condition is false
C:\Users\Administrator\source\repos\xtlua-Tu-154\XTLua\src\imgui\imgui.cpp:7487:9: note: Assuming the condition is true
 7487 |     if (flags & ImGuiWindowFlags_Popup)
      |         ^~~~~~~~~~~~~~~~~~~~~~~~~~~~~~
C:\Users\Administrator\source\repos\xtlua-Tu-154\XTLua\src\imgui\imgui.cpp:7487:5: note: Taking true branch
 7487 |     if (flags & ImGuiWindowFlags_Popup)
      |     ^
C:\Users\Administrator\source\repos\xtlua-Tu-154\XTLua\src\imgui\imgui.cpp:7491:36: note: Dereference of null pointer
 7491 |         popup_ref.ParentNavLayer = parent_window_in_stack->DC.NavLayerCurrent;
      |                                    ^~~~~~~~~~~~~~~~~~~~~~~~~~~~~~~~~~~~~~~~~~
C:\Users\Administrator\source\repos\xtlua-Tu-154\XTLua\src\imgui\imgui.cpp:9382:20: warning: The value provided to the cast expression is not in the valid range of values for 'ImGuiKey' [clang-analyzer-optin.core.EnumCastOutOfRange]
 9382 |     ImGuiKey key = (ImGuiKey)(key_chord & ~ImGuiMod_Mask_);
      |                    ^
C:\Users\Administrator\source\repos\xtlua-Tu-154\XTLua\src\imgui\imgui.h:1554:6: note: enum declared here
 1554 | enum ImGuiKey : int
      | ~~~~~^~~~~~~~~~~~~~
 1555 | {
      | ~
 1556 |     // Keyboard
      |     ~~~~~~~~~~~
 1557 |     ImGuiKey_None = 0,
      |     ~~~~~~~~~~~~~~~~~~
 1558 |     ImGuiKey_NamedKey_BEGIN = 512,  // First valid key value (other than 0)
      |     ~~~~~~~~~~~~~~~~~~~~~~~~~~~~~~~~~~~~~~~~~~~~~~~~~~~~~~~~~~~~~~~~~~~~~~~
 1559 | 
 1560 |     ImGuiKey_Tab = 512,             // == ImGuiKey_NamedKey_BEGIN
      |     ~~~~~~~~~~~~~~~~~~~~~~~~~~~~~~~~~~~~~~~~~~~~~~~~~~~~~~~~~~~~~
 1561 |     ImGuiKey_LeftArrow,
      |     ~~~~~~~~~~~~~~~~~~~
 1562 |     ImGuiKey_RightArrow,
      |     ~~~~~~~~~~~~~~~~~~~~
 1563 |     ImGuiKey_UpArrow,
      |     ~~~~~~~~~~~~~~~~~
 1564 |     ImGuiKey_DownArrow,
      |     ~~~~~~~~~~~~~~~~~~~
 1565 |     ImGuiKey_PageUp,
      |     ~~~~~~~~~~~~~~~~
 1566 |     ImGuiKey_PageDown,
      |     ~~~~~~~~~~~~~~~~~~
 1567 |     ImGuiKey_Home,
      |     ~~~~~~~~~~~~~~
 1568 |     ImGuiKey_End,
      |     ~~~~~~~~~~~~~
 1569 |     ImGuiKey_Insert,
      |     ~~~~~~~~~~~~~~~~
C:\Users\Administrator\source\repos\xtlua-Tu-154\XTLua\src\imgui\imgui.cpp:14508:29: note: Assuming 'modal_window' is equal to NULL
 14508 |     bool allow_windowing = (modal_window == NULL); // FIXME: This prevent Ctrl+Tab from being usable with windows that are inside the Begin-stack of that modal.
       |                             ^~~~~~~~~~~~~~~~~~~~
C:\Users\Administrator\source\repos\xtlua-Tu-154\XTLua\src\imgui\imgui.cpp:14509:10: note: 'allow_windowing' is true
 14509 |     if (!allow_windowing)
       |          ^~~~~~~~~~~~~~~
C:\Users\Administrator\source\repos\xtlua-Tu-154\XTLua\src\imgui\imgui.cpp:14509:5: note: Taking false branch
 14509 |     if (!allow_windowing)
       |     ^
C:\Users\Administrator\source\repos\xtlua-Tu-154\XTLua\src\imgui\imgui.cpp:14513:9: note: Assuming field 'NavWindowingTargetAnim' is null
 14513 |     if (g.NavWindowingTargetAnim && g.NavWindowingTarget == NULL)
       |         ^~~~~~~~~~~~~~~~~~~~~~~~
C:\Users\Administrator\source\repos\xtlua-Tu-154\XTLua\src\imgui\imgui.cpp:14513:34: note: Left side of '&&' is false
 14513 |     if (g.NavWindowingTargetAnim && g.NavWindowingTarget == NULL)
       |                                  ^
C:\Users\Administrator\source\repos\xtlua-Tu-154\XTLua\src\imgui\imgui.cpp:14523:37: note: Assuming the condition is false
 14523 |     const bool nav_gamepad_active = (io.ConfigFlags & ImGuiConfigFlags_NavEnableGamepad) != 0 && (io.BackendFlags & ImGuiBackendFlags_HasGamepad) != 0;
       |                                     ^~~~~~~~~~~~~~~~~~~~~~~~~~~~~~~~~~~~~~~~~~~~~~~~~~~~~~~~~
C:\Users\Administrator\source\repos\xtlua-Tu-154\XTLua\src\imgui\imgui.cpp:14523:95: note: Left side of '&&' is false
 14523 |     const bool nav_gamepad_active = (io.ConfigFlags & ImGuiConfigFlags_NavEnableGamepad) != 0 && (io.BackendFlags & ImGuiBackendFlags_HasGamepad) != 0;
       |                                                                                               ^
C:\Users\Administrator\source\repos\xtlua-Tu-154\XTLua\src\imgui\imgui.cpp:14524:38: note: Assuming the condition is false
 14524 |     const bool nav_keyboard_active = (io.ConfigFlags & ImGuiConfigFlags_NavEnableKeyboard) != 0;
       |                                      ^~~~~~~~~~~~~~~~~~~~~~~~~~~~~~~~~~~~~~~~~~~~~~~~~~~~~~~~~~
C:\Users\Administrator\source\repos\xtlua-Tu-154\XTLua\src\imgui\imgui.cpp:14525:39: note: 'allow_windowing' is true
 14525 |     const bool keyboard_next_window = allow_windowing && g.ConfigNavWindowingKeyNext && Shortcut(g.ConfigNavWindowingKeyNext, ImGuiInputFlags_Repeat | ImGuiInputFlags_RouteAlways, owner_id);
       |                                       ^~~~~~~~~~~~~~~
C:\Users\Administrator\source\repos\xtlua-Tu-154\XTLua\src\imgui\imgui.cpp:14525:39: note: Left side of '&&' is true
C:\Users\Administrator\source\repos\xtlua-Tu-154\XTLua\src\imgui\imgui.cpp:14525:58: note: Assuming field 'ConfigNavWindowingKeyNext' is not equal to 0
 14525 |     const bool keyboard_next_window = allow_windowing && g.ConfigNavWindowingKeyNext && Shortcut(g.ConfigNavWindowingKeyNext, ImGuiInputFlags_Repeat | ImGuiInputFlags_RouteAlways, owner_id);
       |                                                          ^~~~~~~~~~~~~~~~~~~~~~~~~~~
C:\Users\Administrator\source\repos\xtlua-Tu-154\XTLua\src\imgui\imgui.cpp:14525:39: note: Left side of '&&' is true
 14525 |     const bool keyboard_next_window = allow_windowing && g.ConfigNavWindowingKeyNext && Shortcut(g.ConfigNavWindowingKeyNext, ImGuiInputFlags_Repeat | ImGuiInputFlags_RouteAlways, owner_id);
       |                                       ^
C:\Users\Administrator\source\repos\xtlua-Tu-154\XTLua\src\imgui\imgui.cpp:14525:89: note: Calling 'Shortcut'
 14525 |     const bool keyboard_next_window = allow_windowing && g.ConfigNavWindowingKeyNext && Shortcut(g.ConfigNavWindowingKeyNext, ImGuiInputFlags_Repeat | ImGuiInputFlags_RouteAlways, owner_id);
       |                                                                                         ^~~~~~~~~~~~~~~~~~~~~~~~~~~~~~~~~~~~~~~~~~~~~~~~~~~~~~~~~~~~~~~~~~~~~~~~~~~~~~~~~~~~~~~~~~~~~~~~~~~~~
C:\Users\Administrator\source\repos\xtlua-Tu-154\XTLua\src\imgui\imgui.cpp:10737:5: note: Taking false branch
 10737 |     if ((flags & ImGuiInputFlags_RouteTypeMask_) == 0)
       |     ^
C:\Users\Administrator\source\repos\xtlua-Tu-154\XTLua\src\imgui\imgui.cpp:10742:9: note: Assuming 'owner_id' is not equal to ImGuiKeyOwner_Any
 10742 |     if (owner_id == ImGuiKeyOwner_Any || owner_id == ImGuiKeyOwner_NoOwner)
       |         ^~~~~~~~~~~~~~~~~~~~~~~~~~~~~
C:\Users\Administrator\source\repos\xtlua-Tu-154\XTLua\src\imgui\imgui.cpp:10742:9: note: Left side of '||' is false
C:\Users\Administrator\source\repos\xtlua-Tu-154\XTLua\src\imgui\imgui.cpp:10742:42: note: Assuming the condition is false
 10742 |     if (owner_id == ImGuiKeyOwner_Any || owner_id == ImGuiKeyOwner_NoOwner)
       |                                          ^~~~~~~~~~~~~~~~~~~~~~~~~~~~~~~~~
C:\Users\Administrator\source\repos\xtlua-Tu-154\XTLua\src\imgui\imgui.cpp:10742:5: note: Taking false branch
 10742 |     if (owner_id == ImGuiKeyOwner_Any || owner_id == ImGuiKeyOwner_NoOwner)
       |     ^
C:\Users\Administrator\source\repos\xtlua-Tu-154\XTLua\src\imgui\imgui.cpp:10745:9: note: Assuming the condition is false
 10745 |     if (g.CurrentItemFlags & ImGuiItemFlags_Disabled)
       |         ^~~~~~~~~~~~~~~~~~~~~~~~~~~~~~~~~~~~~~~~~~~~
C:\Users\Administrator\source\repos\xtlua-Tu-154\XTLua\src\imgui\imgui.cpp:10745:5: note: Taking false branch
 10745 |     if (g.CurrentItemFlags & ImGuiItemFlags_Disabled)
       |     ^
C:\Users\Administrator\source\repos\xtlua-Tu-154\XTLua\src\imgui\imgui.cpp:10749:5: note: Taking false branch
 10749 |     if (!SetShortcutRouting(key_chord, flags, owner_id))
       |     ^
C:\Users\Administrator\source\repos\xtlua-Tu-154\XTLua\src\imgui\imgui.cpp:10754:9: note: Left side of '&&' is true
 10754 |     if ((flags & ImGuiInputFlags_Repeat) != 0 && (flags & ImGuiInputFlags_RepeatUntilMask_) == 0)
       |         ^
C:\Users\Administrator\source\repos\xtlua-Tu-154\XTLua\src\imgui\imgui.cpp:10754:5: note: Taking true branch
 10754 |     if ((flags & ImGuiInputFlags_Repeat) != 0 && (flags & ImGuiInputFlags_RepeatUntilMask_) == 0)
       |     ^
C:\Users\Administrator\source\repos\xtlua-Tu-154\XTLua\src\imgui\imgui.cpp:10757:10: note: Calling 'IsKeyChordPressed'
 10757 |     if (!IsKeyChordPressed(key_chord, flags, owner_id))
       |          ^~~~~~~~~~~~~~~~~~~~~~~~~~~~~~~~~~~~~~~~~~~~~
C:\Users\Administrator\source\repos\xtlua-Tu-154\XTLua\src\imgui\imgui.cpp:10679:17: note: Calling 'FixupKeyChord'
 10679 |     key_chord = FixupKeyChord(key_chord);
       |                 ^~~~~~~~~~~~~~~~~~~~~~~~
C:\Users\Administrator\source\repos\xtlua-Tu-154\XTLua\src\imgui\imgui.cpp:9382:20: note: The value provided to the cast expression is not in the valid range of values for 'ImGuiKey'
 9382 |     ImGuiKey key = (ImGuiKey)(key_chord & ~ImGuiMod_Mask_);
      |                    ^~~~~~~~~~~~~~~~~~~~~~~~~~~~~~~~~~~~~~~
C:\Users\Administrator\source\repos\xtlua-Tu-154\XTLua\src\imgui\imgui.cpp:9665:21: warning: The value '36864' provided to the cast expression is not in the valid range of values for 'ImGuiKey' [clang-analyzer-optin.core.EnumCastOutOfRange]
 9665 |     ImGuiKey mods = (ImGuiKey)(key_chord & ImGuiMod_Mask_);
      |                     ^
C:\Users\Administrator\source\repos\xtlua-Tu-154\XTLua\src\imgui\imgui.h:1554:6: note: enum declared here
 1554 | enum ImGuiKey : int
      | ~~~~~^~~~~~~~~~~~~~
 1555 | {
      | ~
 1556 |     // Keyboard
      |     ~~~~~~~~~~~
 1557 |     ImGuiKey_None = 0,
      |     ~~~~~~~~~~~~~~~~~~
 1558 |     ImGuiKey_NamedKey_BEGIN = 512,  // First valid key value (other than 0)
      |     ~~~~~~~~~~~~~~~~~~~~~~~~~~~~~~~~~~~~~~~~~~~~~~~~~~~~~~~~~~~~~~~~~~~~~~~
 1559 | 
 1560 |     ImGuiKey_Tab = 512,             // == ImGuiKey_NamedKey_BEGIN
      |     ~~~~~~~~~~~~~~~~~~~~~~~~~~~~~~~~~~~~~~~~~~~~~~~~~~~~~~~~~~~~~
 1561 |     ImGuiKey_LeftArrow,
      |     ~~~~~~~~~~~~~~~~~~~
 1562 |     ImGuiKey_RightArrow,
      |     ~~~~~~~~~~~~~~~~~~~~
 1563 |     ImGuiKey_UpArrow,
      |     ~~~~~~~~~~~~~~~~~
 1564 |     ImGuiKey_DownArrow,
      |     ~~~~~~~~~~~~~~~~~~~
 1565 |     ImGuiKey_PageUp,
      |     ~~~~~~~~~~~~~~~~
 1566 |     ImGuiKey_PageDown,
      |     ~~~~~~~~~~~~~~~~~~
 1567 |     ImGuiKey_Home,
      |     ~~~~~~~~~~~~~~
 1568 |     ImGuiKey_End,
      |     ~~~~~~~~~~~~~
 1569 |     ImGuiKey_Insert,
      |     ~~~~~~~~~~~~~~~~
C:\Users\Administrator\source\repos\xtlua-Tu-154\XTLua\src\imgui\imgui.cpp:5492:36: note: Assuming 'n' is < 0
 5492 |     for (int n = g.Hooks.Size - 1; n >= 0; n--)
      |                                    ^~~~~~
C:\Users\Administrator\source\repos\xtlua-Tu-154\XTLua\src\imgui\imgui.cpp:5492:5: note: Loop condition is false. Execution continues on line 5496
 5492 |     for (int n = g.Hooks.Size - 1; n >= 0; n--)
      |     ^
C:\Users\Administrator\source\repos\xtlua-Tu-154\XTLua\src\imgui\imgui.cpp:5515:23: note: Assuming the condition is false
 5515 |     g.IO.Framerate = (g.FramerateSecPerFrameAccum > 0.0f) ? (1.0f / (g.FramerateSecPerFrameAccum / (float)g.FramerateSecPerFrameCount)) : FLT_MAX;
      |                       ^~~~~~~~~~~~~~~~~~~~~~~~~~~~~~~~~~
C:\Users\Administrator\source\repos\xtlua-Tu-154\XTLua\src\imgui\imgui.cpp:5515:22: note: '?' condition is false
 5515 |     g.IO.Framerate = (g.FramerateSecPerFrameAccum > 0.0f) ? (1.0f / (g.FramerateSecPerFrameAccum / (float)g.FramerateSecPerFrameCount)) : FLT_MAX;
      |                      ^
C:\Users\Administrator\source\repos\xtlua-Tu-154\XTLua\src\imgui\imgui.cpp:5519:5: note: Calling 'UpdateInputEvents'
 5519 |     UpdateInputEvents(g.IO.ConfigInputTrickleEventQueue);
      |     ^~~~~~~~~~~~~~~~~~~~~~~~~~~~~~~~~~~~~~~~~~~~~~~~~~~~
C:\Users\Administrator\source\repos\xtlua-Tu-154\XTLua\src\imgui\imgui.cpp:10434:61: note: Assuming 'trickle_fast_inputs' is false
 10434 |     const bool trickle_interleaved_nonchar_keys_and_text = (trickle_fast_inputs && g.WantTextInputNextFrame == 1);
       |                                                             ^~~~~~~~~~~~~~~~~~~
C:\Users\Administrator\source\repos\xtlua-Tu-154\XTLua\src\imgui\imgui.cpp:10434:81: note: Left side of '&&' is false
 10434 |     const bool trickle_interleaved_nonchar_keys_and_text = (trickle_fast_inputs && g.WantTextInputNextFrame == 1);
       |                                                                                 ^
C:\Users\Administrator\source\repos\xtlua-Tu-154\XTLua\src\imgui\imgui.cpp:10441:12: note: Assuming 'event_n' is < field 'Size'
 10441 |     for (; event_n < g.InputEventsQueue.Size; event_n++)
       |            ^~~~~~~~~~~~~~~~~~~~~~~~~~~~~~~~~
C:\Users\Administrator\source\repos\xtlua-Tu-154\XTLua\src\imgui\imgui.cpp:10441:5: note: Loop condition is true.  Entering loop body
 10441 |     for (; event_n < g.InputEventsQueue.Size; event_n++)
       |     ^
C:\Users\Administrator\source\repos\xtlua-Tu-154\XTLua\src\imgui\imgui.cpp:10444:13: note: Assuming field 'Type' is not equal to ImGuiInputEventType_MousePos
 10444 |         if (e->Type == ImGuiInputEventType_MousePos)
       |             ^~~~~~~~~~~~~~~~~~~~~~~~~~~~~~~~~~~~~~~
C:\Users\Administrator\source\repos\xtlua-Tu-154\XTLua\src\imgui\imgui.cpp:10444:9: note: Taking false branch
 10444 |         if (e->Type == ImGuiInputEventType_MousePos)
       |         ^
C:\Users\Administrator\source\repos\xtlua-Tu-154\XTLua\src\imgui\imgui.cpp:10456:18: note: Assuming field 'Type' is not equal to ImGuiInputEventType_MouseButton
 10456 |         else if (e->Type == ImGuiInputEventType_MouseButton)
       |                  ^~~~~~~~~~~~~~~~~~~~~~~~~~~~~~~~~~~~~~~~~~
C:\Users\Administrator\source\repos\xtlua-Tu-154\XTLua\src\imgui\imgui.cpp:10456:14: note: Taking false branch
 10456 |         else if (e->Type == ImGuiInputEventType_MouseButton)
       |              ^
C:\Users\Administrator\source\repos\xtlua-Tu-154\XTLua\src\imgui\imgui.cpp:10469:18: note: Assuming field 'Type' is not equal to ImGuiInputEventType_MouseWheel
 10469 |         else if (e->Type == ImGuiInputEventType_MouseWheel)
       |                  ^~~~~~~~~~~~~~~~~~~~~~~~~~~~~~~~~~~~~~~~~
C:\Users\Administrator\source\repos\xtlua-Tu-154\XTLua\src\imgui\imgui.cpp:10469:14: note: Taking false branch
 10469 |         else if (e->Type == ImGuiInputEventType_MouseWheel)
       |              ^
C:\Users\Administrator\source\repos\xtlua-Tu-154\XTLua\src\imgui\imgui.cpp:10479:18: note: Assuming field 'Type' is equal to ImGuiInputEventType_Key
 10479 |         else if (e->Type == ImGuiInputEventType_Key)
       |                  ^~~~~~~~~~~~~~~~~~~~~~~~~~~~~~~~~~
C:\Users\Administrator\source\repos\xtlua-Tu-154\XTLua\src\imgui\imgui.cpp:10479:14: note: Taking true branch
 10479 |         else if (e->Type == ImGuiInputEventType_Key)
       |              ^
C:\Users\Administrator\source\repos\xtlua-Tu-154\XTLua\src\imgui\imgui.cpp:10482:17: note: Assuming the condition is false
 10482 |             if (io.ConfigFlags & ImGuiConfigFlags_NoKeyboard)
       |                 ^~~~~~~~~~~~~~~~~~~~~~~~~~~~~~~~~~~~~~~~~~~~
C:\Users\Administrator\source\repos\xtlua-Tu-154\XTLua\src\imgui\imgui.cpp:10482:13: note: Taking false branch
 10482 |             if (io.ConfigFlags & ImGuiConfigFlags_NoKeyboard)
       |             ^
C:\Users\Administrator\source\repos\xtlua-Tu-154\XTLua\src\imgui\imgui.cpp:10488:17: note: 'trickle_fast_inputs' is false
 10488 |             if (trickle_fast_inputs && key_data->Down != e->Key.Down && (key_changed_mask.TestBit(key_data_index) || mouse_button_changed != 0))
       |                 ^~~~~~~~~~~~~~~~~~~
C:\Users\Administrator\source\repos\xtlua-Tu-154\XTLua\src\imgui\imgui.cpp:10488:37: note: Left side of '&&' is false
 10488 |             if (trickle_fast_inputs && key_data->Down != e->Key.Down && (key_changed_mask.TestBit(key_data_index) || mouse_button_changed != 0))
       |                                     ^
C:\Users\Administrator\source\repos\xtlua-Tu-154\XTLua\src\imgui\imgui.cpp:10491:60: note: Calling 'IsKeyChordPotentiallyCharInput'
 10491 |             const bool key_is_potentially_for_char_input = IsKeyChordPotentiallyCharInput(GetMergedModsFromKeys() | key);
       |                                                            ^~~~~~~~~~~~~~~~~~~~~~~~~~~~~~~~~~~~~~~~~~~~~~~~~~~~~~~~~~~~~
C:\Users\Administrator\source\repos\xtlua-Tu-154\XTLua\src\imgui\imgui.cpp:9665:21: note: The value '36864' provided to the cast expression is not in the valid range of values for 'ImGuiKey'
 9665 |     ImGuiKey mods = (ImGuiKey)(key_chord & ImGuiMod_Mask_);
      |                     ^~~~~~~~~~~~~~~~~~~~~~~~~~~~~~~~~~~~~~
C:\Users\Administrator\source\repos\xtlua-Tu-154\XTLua\src\imgui\imgui.cpp:9665:21: warning: The value '40960' provided to the cast expression is not in the valid range of values for 'ImGuiKey' [clang-analyzer-optin.core.EnumCastOutOfRange]
 9665 |     ImGuiKey mods = (ImGuiKey)(key_chord & ImGuiMod_Mask_);
      |                     ^
C:\Users\Administrator\source\repos\xtlua-Tu-154\XTLua\src\imgui\imgui.h:1554:6: note: enum declared here
 1554 | enum ImGuiKey : int
      | ~~~~~^~~~~~~~~~~~~~
 1555 | {
      | ~
 1556 |     // Keyboard
      |     ~~~~~~~~~~~
 1557 |     ImGuiKey_None = 0,
      |     ~~~~~~~~~~~~~~~~~~
 1558 |     ImGuiKey_NamedKey_BEGIN = 512,  // First valid key value (other than 0)
      |     ~~~~~~~~~~~~~~~~~~~~~~~~~~~~~~~~~~~~~~~~~~~~~~~~~~~~~~~~~~~~~~~~~~~~~~~
 1559 | 
 1560 |     ImGuiKey_Tab = 512,             // == ImGuiKey_NamedKey_BEGIN
      |     ~~~~~~~~~~~~~~~~~~~~~~~~~~~~~~~~~~~~~~~~~~~~~~~~~~~~~~~~~~~~~
 1561 |     ImGuiKey_LeftArrow,
      |     ~~~~~~~~~~~~~~~~~~~
 1562 |     ImGuiKey_RightArrow,
      |     ~~~~~~~~~~~~~~~~~~~~
 1563 |     ImGuiKey_UpArrow,
      |     ~~~~~~~~~~~~~~~~~
 1564 |     ImGuiKey_DownArrow,
      |     ~~~~~~~~~~~~~~~~~~~
 1565 |     ImGuiKey_PageUp,
      |     ~~~~~~~~~~~~~~~~
 1566 |     ImGuiKey_PageDown,
      |     ~~~~~~~~~~~~~~~~~~
 1567 |     ImGuiKey_Home,
      |     ~~~~~~~~~~~~~~
 1568 |     ImGuiKey_End,
      |     ~~~~~~~~~~~~~
 1569 |     ImGuiKey_Insert,
      |     ~~~~~~~~~~~~~~~~
C:\Users\Administrator\source\repos\xtlua-Tu-154\XTLua\src\imgui\imgui.cpp:5492:36: note: Assuming 'n' is < 0
 5492 |     for (int n = g.Hooks.Size - 1; n >= 0; n--)
      |                                    ^~~~~~
C:\Users\Administrator\source\repos\xtlua-Tu-154\XTLua\src\imgui\imgui.cpp:5492:5: note: Loop condition is false. Execution continues on line 5496
 5492 |     for (int n = g.Hooks.Size - 1; n >= 0; n--)
      |     ^
C:\Users\Administrator\source\repos\xtlua-Tu-154\XTLua\src\imgui\imgui.cpp:5515:23: note: Assuming the condition is false
 5515 |     g.IO.Framerate = (g.FramerateSecPerFrameAccum > 0.0f) ? (1.0f / (g.FramerateSecPerFrameAccum / (float)g.FramerateSecPerFrameCount)) : FLT_MAX;
      |                       ^~~~~~~~~~~~~~~~~~~~~~~~~~~~~~~~~~
C:\Users\Administrator\source\repos\xtlua-Tu-154\XTLua\src\imgui\imgui.cpp:5515:22: note: '?' condition is false
 5515 |     g.IO.Framerate = (g.FramerateSecPerFrameAccum > 0.0f) ? (1.0f / (g.FramerateSecPerFrameAccum / (float)g.FramerateSecPerFrameCount)) : FLT_MAX;
      |                      ^
C:\Users\Administrator\source\repos\xtlua-Tu-154\XTLua\src\imgui\imgui.cpp:5519:5: note: Calling 'UpdateInputEvents'
 5519 |     UpdateInputEvents(g.IO.ConfigInputTrickleEventQueue);
      |     ^~~~~~~~~~~~~~~~~~~~~~~~~~~~~~~~~~~~~~~~~~~~~~~~~~~~
C:\Users\Administrator\source\repos\xtlua-Tu-154\XTLua\src\imgui\imgui.cpp:10434:61: note: Assuming 'trickle_fast_inputs' is false
 10434 |     const bool trickle_interleaved_nonchar_keys_and_text = (trickle_fast_inputs && g.WantTextInputNextFrame == 1);
       |                                                             ^~~~~~~~~~~~~~~~~~~
C:\Users\Administrator\source\repos\xtlua-Tu-154\XTLua\src\imgui\imgui.cpp:10434:81: note: Left side of '&&' is false
 10434 |     const bool trickle_interleaved_nonchar_keys_and_text = (trickle_fast_inputs && g.WantTextInputNextFrame == 1);
       |                                                                                 ^
C:\Users\Administrator\source\repos\xtlua-Tu-154\XTLua\src\imgui\imgui.cpp:10441:12: note: Assuming 'event_n' is < field 'Size'
 10441 |     for (; event_n < g.InputEventsQueue.Size; event_n++)
       |            ^~~~~~~~~~~~~~~~~~~~~~~~~~~~~~~~~
C:\Users\Administrator\source\repos\xtlua-Tu-154\XTLua\src\imgui\imgui.cpp:10441:5: note: Loop condition is true.  Entering loop body
 10441 |     for (; event_n < g.InputEventsQueue.Size; event_n++)
       |     ^
C:\Users\Administrator\source\repos\xtlua-Tu-154\XTLua\src\imgui\imgui.cpp:10444:13: note: Assuming field 'Type' is not equal to ImGuiInputEventType_MousePos
 10444 |         if (e->Type == ImGuiInputEventType_MousePos)
       |             ^~~~~~~~~~~~~~~~~~~~~~~~~~~~~~~~~~~~~~~
C:\Users\Administrator\source\repos\xtlua-Tu-154\XTLua\src\imgui\imgui.cpp:10444:9: note: Taking false branch
 10444 |         if (e->Type == ImGuiInputEventType_MousePos)
       |         ^
C:\Users\Administrator\source\repos\xtlua-Tu-154\XTLua\src\imgui\imgui.cpp:10456:18: note: Assuming field 'Type' is not equal to ImGuiInputEventType_MouseButton
 10456 |         else if (e->Type == ImGuiInputEventType_MouseButton)
       |                  ^~~~~~~~~~~~~~~~~~~~~~~~~~~~~~~~~~~~~~~~~~
C:\Users\Administrator\source\repos\xtlua-Tu-154\XTLua\src\imgui\imgui.cpp:10456:14: note: Taking false branch
 10456 |         else if (e->Type == ImGuiInputEventType_MouseButton)
       |              ^
C:\Users\Administrator\source\repos\xtlua-Tu-154\XTLua\src\imgui\imgui.cpp:10469:18: note: Assuming field 'Type' is not equal to ImGuiInputEventType_MouseWheel
 10469 |         else if (e->Type == ImGuiInputEventType_MouseWheel)
       |                  ^~~~~~~~~~~~~~~~~~~~~~~~~~~~~~~~~~~~~~~~~
C:\Users\Administrator\source\repos\xtlua-Tu-154\XTLua\src\imgui\imgui.cpp:10469:14: note: Taking false branch
 10469 |         else if (e->Type == ImGuiInputEventType_MouseWheel)
       |              ^
C:\Users\Administrator\source\repos\xtlua-Tu-154\XTLua\src\imgui\imgui.cpp:10479:18: note: Assuming field 'Type' is equal to ImGuiInputEventType_Key
 10479 |         else if (e->Type == ImGuiInputEventType_Key)
       |                  ^~~~~~~~~~~~~~~~~~~~~~~~~~~~~~~~~~
C:\Users\Administrator\source\repos\xtlua-Tu-154\XTLua\src\imgui\imgui.cpp:10479:14: note: Taking true branch
 10479 |         else if (e->Type == ImGuiInputEventType_Key)
       |              ^
C:\Users\Administrator\source\repos\xtlua-Tu-154\XTLua\src\imgui\imgui.cpp:10482:17: note: Assuming the condition is false
 10482 |             if (io.ConfigFlags & ImGuiConfigFlags_NoKeyboard)
       |                 ^~~~~~~~~~~~~~~~~~~~~~~~~~~~~~~~~~~~~~~~~~~~
C:\Users\Administrator\source\repos\xtlua-Tu-154\XTLua\src\imgui\imgui.cpp:10482:13: note: Taking false branch
 10482 |             if (io.ConfigFlags & ImGuiConfigFlags_NoKeyboard)
       |             ^
C:\Users\Administrator\source\repos\xtlua-Tu-154\XTLua\src\imgui\imgui.cpp:10488:17: note: 'trickle_fast_inputs' is false
 10488 |             if (trickle_fast_inputs && key_data->Down != e->Key.Down && (key_changed_mask.TestBit(key_data_index) || mouse_button_changed != 0))
       |                 ^~~~~~~~~~~~~~~~~~~
C:\Users\Administrator\source\repos\xtlua-Tu-154\XTLua\src\imgui\imgui.cpp:10488:37: note: Left side of '&&' is false
 10488 |             if (trickle_fast_inputs && key_data->Down != e->Key.Down && (key_changed_mask.TestBit(key_data_index) || mouse_button_changed != 0))
       |                                     ^
C:\Users\Administrator\source\repos\xtlua-Tu-154\XTLua\src\imgui\imgui.cpp:10491:60: note: Calling 'IsKeyChordPotentiallyCharInput'
 10491 |             const bool key_is_potentially_for_char_input = IsKeyChordPotentiallyCharInput(GetMergedModsFromKeys() | key);
       |                                                            ^~~~~~~~~~~~~~~~~~~~~~~~~~~~~~~~~~~~~~~~~~~~~~~~~~~~~~~~~~~~~
C:\Users\Administrator\source\repos\xtlua-Tu-154\XTLua\src\imgui\imgui.cpp:9665:21: note: The value '40960' provided to the cast expression is not in the valid range of values for 'ImGuiKey'
 9665 |     ImGuiKey mods = (ImGuiKey)(key_chord & ImGuiMod_Mask_);
      |                     ^~~~~~~~~~~~~~~~~~~~~~~~~~~~~~~~~~~~~~
C:\Users\Administrator\source\repos\xtlua-Tu-154\XTLua\src\imgui\imgui.cpp:9665:21: warning: The value '45056' provided to the cast expression is not in the valid range of values for 'ImGuiKey' [clang-analyzer-optin.core.EnumCastOutOfRange]
 9665 |     ImGuiKey mods = (ImGuiKey)(key_chord & ImGuiMod_Mask_);
      |                     ^
C:\Users\Administrator\source\repos\xtlua-Tu-154\XTLua\src\imgui\imgui.h:1554:6: note: enum declared here
 1554 | enum ImGuiKey : int
      | ~~~~~^~~~~~~~~~~~~~
 1555 | {
      | ~
 1556 |     // Keyboard
      |     ~~~~~~~~~~~
 1557 |     ImGuiKey_None = 0,
      |     ~~~~~~~~~~~~~~~~~~
 1558 |     ImGuiKey_NamedKey_BEGIN = 512,  // First valid key value (other than 0)
      |     ~~~~~~~~~~~~~~~~~~~~~~~~~~~~~~~~~~~~~~~~~~~~~~~~~~~~~~~~~~~~~~~~~~~~~~~
 1559 | 
 1560 |     ImGuiKey_Tab = 512,             // == ImGuiKey_NamedKey_BEGIN
      |     ~~~~~~~~~~~~~~~~~~~~~~~~~~~~~~~~~~~~~~~~~~~~~~~~~~~~~~~~~~~~~
 1561 |     ImGuiKey_LeftArrow,
      |     ~~~~~~~~~~~~~~~~~~~
 1562 |     ImGuiKey_RightArrow,
      |     ~~~~~~~~~~~~~~~~~~~~
 1563 |     ImGuiKey_UpArrow,
      |     ~~~~~~~~~~~~~~~~~
 1564 |     ImGuiKey_DownArrow,
      |     ~~~~~~~~~~~~~~~~~~~
 1565 |     ImGuiKey_PageUp,
      |     ~~~~~~~~~~~~~~~~
 1566 |     ImGuiKey_PageDown,
      |     ~~~~~~~~~~~~~~~~~~
 1567 |     ImGuiKey_Home,
      |     ~~~~~~~~~~~~~~
 1568 |     ImGuiKey_End,
      |     ~~~~~~~~~~~~~
 1569 |     ImGuiKey_Insert,
      |     ~~~~~~~~~~~~~~~~
C:\Users\Administrator\source\repos\xtlua-Tu-154\XTLua\src\imgui\imgui.cpp:5492:36: note: Assuming 'n' is < 0
 5492 |     for (int n = g.Hooks.Size - 1; n >= 0; n--)
      |                                    ^~~~~~
C:\Users\Administrator\source\repos\xtlua-Tu-154\XTLua\src\imgui\imgui.cpp:5492:5: note: Loop condition is false. Execution continues on line 5496
 5492 |     for (int n = g.Hooks.Size - 1; n >= 0; n--)
      |     ^
C:\Users\Administrator\source\repos\xtlua-Tu-154\XTLua\src\imgui\imgui.cpp:5515:23: note: Assuming the condition is false
 5515 |     g.IO.Framerate = (g.FramerateSecPerFrameAccum > 0.0f) ? (1.0f / (g.FramerateSecPerFrameAccum / (float)g.FramerateSecPerFrameCount)) : FLT_MAX;
      |                       ^~~~~~~~~~~~~~~~~~~~~~~~~~~~~~~~~~
C:\Users\Administrator\source\repos\xtlua-Tu-154\XTLua\src\imgui\imgui.cpp:5515:22: note: '?' condition is false
 5515 |     g.IO.Framerate = (g.FramerateSecPerFrameAccum > 0.0f) ? (1.0f / (g.FramerateSecPerFrameAccum / (float)g.FramerateSecPerFrameCount)) : FLT_MAX;
      |                      ^
C:\Users\Administrator\source\repos\xtlua-Tu-154\XTLua\src\imgui\imgui.cpp:5519:5: note: Calling 'UpdateInputEvents'
 5519 |     UpdateInputEvents(g.IO.ConfigInputTrickleEventQueue);
      |     ^~~~~~~~~~~~~~~~~~~~~~~~~~~~~~~~~~~~~~~~~~~~~~~~~~~~
C:\Users\Administrator\source\repos\xtlua-Tu-154\XTLua\src\imgui\imgui.cpp:10434:61: note: Assuming 'trickle_fast_inputs' is false
 10434 |     const bool trickle_interleaved_nonchar_keys_and_text = (trickle_fast_inputs && g.WantTextInputNextFrame == 1);
       |                                                             ^~~~~~~~~~~~~~~~~~~
C:\Users\Administrator\source\repos\xtlua-Tu-154\XTLua\src\imgui\imgui.cpp:10434:81: note: Left side of '&&' is false
 10434 |     const bool trickle_interleaved_nonchar_keys_and_text = (trickle_fast_inputs && g.WantTextInputNextFrame == 1);
       |                                                                                 ^
C:\Users\Administrator\source\repos\xtlua-Tu-154\XTLua\src\imgui\imgui.cpp:10441:12: note: Assuming 'event_n' is < field 'Size'
 10441 |     for (; event_n < g.InputEventsQueue.Size; event_n++)
       |            ^~~~~~~~~~~~~~~~~~~~~~~~~~~~~~~~~
C:\Users\Administrator\source\repos\xtlua-Tu-154\XTLua\src\imgui\imgui.cpp:10441:5: note: Loop condition is true.  Entering loop body
 10441 |     for (; event_n < g.InputEventsQueue.Size; event_n++)
       |     ^
C:\Users\Administrator\source\repos\xtlua-Tu-154\XTLua\src\imgui\imgui.cpp:10444:13: note: Assuming field 'Type' is not equal to ImGuiInputEventType_MousePos
 10444 |         if (e->Type == ImGuiInputEventType_MousePos)
       |             ^~~~~~~~~~~~~~~~~~~~~~~~~~~~~~~~~~~~~~~
C:\Users\Administrator\source\repos\xtlua-Tu-154\XTLua\src\imgui\imgui.cpp:10444:9: note: Taking false branch
 10444 |         if (e->Type == ImGuiInputEventType_MousePos)
       |         ^
C:\Users\Administrator\source\repos\xtlua-Tu-154\XTLua\src\imgui\imgui.cpp:10456:18: note: Assuming field 'Type' is not equal to ImGuiInputEventType_MouseButton
 10456 |         else if (e->Type == ImGuiInputEventType_MouseButton)
       |                  ^~~~~~~~~~~~~~~~~~~~~~~~~~~~~~~~~~~~~~~~~~
C:\Users\Administrator\source\repos\xtlua-Tu-154\XTLua\src\imgui\imgui.cpp:10456:14: note: Taking false branch
 10456 |         else if (e->Type == ImGuiInputEventType_MouseButton)
       |              ^
C:\Users\Administrator\source\repos\xtlua-Tu-154\XTLua\src\imgui\imgui.cpp:10469:18: note: Assuming field 'Type' is not equal to ImGuiInputEventType_MouseWheel
 10469 |         else if (e->Type == ImGuiInputEventType_MouseWheel)
       |                  ^~~~~~~~~~~~~~~~~~~~~~~~~~~~~~~~~~~~~~~~~
C:\Users\Administrator\source\repos\xtlua-Tu-154\XTLua\src\imgui\imgui.cpp:10469:14: note: Taking false branch
 10469 |         else if (e->Type == ImGuiInputEventType_MouseWheel)
       |              ^
C:\Users\Administrator\source\repos\xtlua-Tu-154\XTLua\src\imgui\imgui.cpp:10479:18: note: Assuming field 'Type' is equal to ImGuiInputEventType_Key
 10479 |         else if (e->Type == ImGuiInputEventType_Key)
       |                  ^~~~~~~~~~~~~~~~~~~~~~~~~~~~~~~~~~
C:\Users\Administrator\source\repos\xtlua-Tu-154\XTLua\src\imgui\imgui.cpp:10479:14: note: Taking true branch
 10479 |         else if (e->Type == ImGuiInputEventType_Key)
       |              ^
C:\Users\Administrator\source\repos\xtlua-Tu-154\XTLua\src\imgui\imgui.cpp:10482:17: note: Assuming the condition is false
 10482 |             if (io.ConfigFlags & ImGuiConfigFlags_NoKeyboard)
       |                 ^~~~~~~~~~~~~~~~~~~~~~~~~~~~~~~~~~~~~~~~~~~~
C:\Users\Administrator\source\repos\xtlua-Tu-154\XTLua\src\imgui\imgui.cpp:10482:13: note: Taking false branch
 10482 |             if (io.ConfigFlags & ImGuiConfigFlags_NoKeyboard)
       |             ^
C:\Users\Administrator\source\repos\xtlua-Tu-154\XTLua\src\imgui\imgui.cpp:10488:17: note: 'trickle_fast_inputs' is false
 10488 |             if (trickle_fast_inputs && key_data->Down != e->Key.Down && (key_changed_mask.TestBit(key_data_index) || mouse_button_changed != 0))
       |                 ^~~~~~~~~~~~~~~~~~~
C:\Users\Administrator\source\repos\xtlua-Tu-154\XTLua\src\imgui\imgui.cpp:10488:37: note: Left side of '&&' is false
 10488 |             if (trickle_fast_inputs && key_data->Down != e->Key.Down && (key_changed_mask.TestBit(key_data_index) || mouse_button_changed != 0))
       |                                     ^
C:\Users\Administrator\source\repos\xtlua-Tu-154\XTLua\src\imgui\imgui.cpp:10491:60: note: Calling 'IsKeyChordPotentiallyCharInput'
 10491 |             const bool key_is_potentially_for_char_input = IsKeyChordPotentiallyCharInput(GetMergedModsFromKeys() | key);
       |                                                            ^~~~~~~~~~~~~~~~~~~~~~~~~~~~~~~~~~~~~~~~~~~~~~~~~~~~~~~~~~~~~
C:\Users\Administrator\source\repos\xtlua-Tu-154\XTLua\src\imgui\imgui.cpp:9665:21: note: The value '45056' provided to the cast expression is not in the valid range of values for 'ImGuiKey'
 9665 |     ImGuiKey mods = (ImGuiKey)(key_chord & ImGuiMod_Mask_);
      |                     ^~~~~~~~~~~~~~~~~~~~~~~~~~~~~~~~~~~~~~
C:\Users\Administrator\source\repos\xtlua-Tu-154\XTLua\src\imgui\imgui.cpp:9665:21: warning: The value '49152' provided to the cast expression is not in the valid range of values for 'ImGuiKey' [clang-analyzer-optin.core.EnumCastOutOfRange]
 9665 |     ImGuiKey mods = (ImGuiKey)(key_chord & ImGuiMod_Mask_);
      |                     ^
C:\Users\Administrator\source\repos\xtlua-Tu-154\XTLua\src\imgui\imgui.h:1554:6: note: enum declared here
 1554 | enum ImGuiKey : int
      | ~~~~~^~~~~~~~~~~~~~
 1555 | {
      | ~
 1556 |     // Keyboard
      |     ~~~~~~~~~~~
 1557 |     ImGuiKey_None = 0,
      |     ~~~~~~~~~~~~~~~~~~
 1558 |     ImGuiKey_NamedKey_BEGIN = 512,  // First valid key value (other than 0)
      |     ~~~~~~~~~~~~~~~~~~~~~~~~~~~~~~~~~~~~~~~~~~~~~~~~~~~~~~~~~~~~~~~~~~~~~~~
 1559 | 
 1560 |     ImGuiKey_Tab = 512,             // == ImGuiKey_NamedKey_BEGIN
      |     ~~~~~~~~~~~~~~~~~~~~~~~~~~~~~~~~~~~~~~~~~~~~~~~~~~~~~~~~~~~~~
 1561 |     ImGuiKey_LeftArrow,
      |     ~~~~~~~~~~~~~~~~~~~
 1562 |     ImGuiKey_RightArrow,
      |     ~~~~~~~~~~~~~~~~~~~~
 1563 |     ImGuiKey_UpArrow,
      |     ~~~~~~~~~~~~~~~~~
 1564 |     ImGuiKey_DownArrow,
      |     ~~~~~~~~~~~~~~~~~~~
 1565 |     ImGuiKey_PageUp,
      |     ~~~~~~~~~~~~~~~~
 1566 |     ImGuiKey_PageDown,
      |     ~~~~~~~~~~~~~~~~~~
 1567 |     ImGuiKey_Home,
      |     ~~~~~~~~~~~~~~
 1568 |     ImGuiKey_End,
      |     ~~~~~~~~~~~~~
 1569 |     ImGuiKey_Insert,
      |     ~~~~~~~~~~~~~~~~
C:\Users\Administrator\source\repos\xtlua-Tu-154\XTLua\src\imgui\imgui.cpp:5492:36: note: Assuming 'n' is < 0
 5492 |     for (int n = g.Hooks.Size - 1; n >= 0; n--)
      |                                    ^~~~~~
C:\Users\Administrator\source\repos\xtlua-Tu-154\XTLua\src\imgui\imgui.cpp:5492:5: note: Loop condition is false. Execution continues on line 5496
 5492 |     for (int n = g.Hooks.Size - 1; n >= 0; n--)
      |     ^
C:\Users\Administrator\source\repos\xtlua-Tu-154\XTLua\src\imgui\imgui.cpp:5515:23: note: Assuming the condition is false
 5515 |     g.IO.Framerate = (g.FramerateSecPerFrameAccum > 0.0f) ? (1.0f / (g.FramerateSecPerFrameAccum / (float)g.FramerateSecPerFrameCount)) : FLT_MAX;
      |                       ^~~~~~~~~~~~~~~~~~~~~~~~~~~~~~~~~~
C:\Users\Administrator\source\repos\xtlua-Tu-154\XTLua\src\imgui\imgui.cpp:5515:22: note: '?' condition is false
 5515 |     g.IO.Framerate = (g.FramerateSecPerFrameAccum > 0.0f) ? (1.0f / (g.FramerateSecPerFrameAccum / (float)g.FramerateSecPerFrameCount)) : FLT_MAX;
      |                      ^
C:\Users\Administrator\source\repos\xtlua-Tu-154\XTLua\src\imgui\imgui.cpp:5519:5: note: Calling 'UpdateInputEvents'
 5519 |     UpdateInputEvents(g.IO.ConfigInputTrickleEventQueue);
      |     ^~~~~~~~~~~~~~~~~~~~~~~~~~~~~~~~~~~~~~~~~~~~~~~~~~~~
C:\Users\Administrator\source\repos\xtlua-Tu-154\XTLua\src\imgui\imgui.cpp:10434:61: note: Assuming 'trickle_fast_inputs' is false
 10434 |     const bool trickle_interleaved_nonchar_keys_and_text = (trickle_fast_inputs && g.WantTextInputNextFrame == 1);
       |                                                             ^~~~~~~~~~~~~~~~~~~
C:\Users\Administrator\source\repos\xtlua-Tu-154\XTLua\src\imgui\imgui.cpp:10434:81: note: Left side of '&&' is false
 10434 |     const bool trickle_interleaved_nonchar_keys_and_text = (trickle_fast_inputs && g.WantTextInputNextFrame == 1);
       |                                                                                 ^
C:\Users\Administrator\source\repos\xtlua-Tu-154\XTLua\src\imgui\imgui.cpp:10441:12: note: Assuming 'event_n' is < field 'Size'
 10441 |     for (; event_n < g.InputEventsQueue.Size; event_n++)
       |            ^~~~~~~~~~~~~~~~~~~~~~~~~~~~~~~~~
C:\Users\Administrator\source\repos\xtlua-Tu-154\XTLua\src\imgui\imgui.cpp:10441:5: note: Loop condition is true.  Entering loop body
 10441 |     for (; event_n < g.InputEventsQueue.Size; event_n++)
       |     ^
C:\Users\Administrator\source\repos\xtlua-Tu-154\XTLua\src\imgui\imgui.cpp:10444:13: note: Assuming field 'Type' is not equal to ImGuiInputEventType_MousePos
 10444 |         if (e->Type == ImGuiInputEventType_MousePos)
       |             ^~~~~~~~~~~~~~~~~~~~~~~~~~~~~~~~~~~~~~~
C:\Users\Administrator\source\repos\xtlua-Tu-154\XTLua\src\imgui\imgui.cpp:10444:9: note: Taking false branch
 10444 |         if (e->Type == ImGuiInputEventType_MousePos)
       |         ^
C:\Users\Administrator\source\repos\xtlua-Tu-154\XTLua\src\imgui\imgui.cpp:10456:18: note: Assuming field 'Type' is not equal to ImGuiInputEventType_MouseButton
 10456 |         else if (e->Type == ImGuiInputEventType_MouseButton)
       |                  ^~~~~~~~~~~~~~~~~~~~~~~~~~~~~~~~~~~~~~~~~~
C:\Users\Administrator\source\repos\xtlua-Tu-154\XTLua\src\imgui\imgui.cpp:10456:14: note: Taking false branch
 10456 |         else if (e->Type == ImGuiInputEventType_MouseButton)
       |              ^
C:\Users\Administrator\source\repos\xtlua-Tu-154\XTLua\src\imgui\imgui.cpp:10469:18: note: Assuming field 'Type' is not equal to ImGuiInputEventType_MouseWheel
 10469 |         else if (e->Type == ImGuiInputEventType_MouseWheel)
       |                  ^~~~~~~~~~~~~~~~~~~~~~~~~~~~~~~~~~~~~~~~~
C:\Users\Administrator\source\repos\xtlua-Tu-154\XTLua\src\imgui\imgui.cpp:10469:14: note: Taking false branch
 10469 |         else if (e->Type == ImGuiInputEventType_MouseWheel)
       |              ^
C:\Users\Administrator\source\repos\xtlua-Tu-154\XTLua\src\imgui\imgui.cpp:10479:18: note: Assuming field 'Type' is equal to ImGuiInputEventType_Key
 10479 |         else if (e->Type == ImGuiInputEventType_Key)
       |                  ^~~~~~~~~~~~~~~~~~~~~~~~~~~~~~~~~~
C:\Users\Administrator\source\repos\xtlua-Tu-154\XTLua\src\imgui\imgui.cpp:10479:14: note: Taking true branch
 10479 |         else if (e->Type == ImGuiInputEventType_Key)
       |              ^
C:\Users\Administrator\source\repos\xtlua-Tu-154\XTLua\src\imgui\imgui.cpp:10482:17: note: Assuming the condition is false
 10482 |             if (io.ConfigFlags & ImGuiConfigFlags_NoKeyboard)
       |                 ^~~~~~~~~~~~~~~~~~~~~~~~~~~~~~~~~~~~~~~~~~~~
C:\Users\Administrator\source\repos\xtlua-Tu-154\XTLua\src\imgui\imgui.cpp:10482:13: note: Taking false branch
 10482 |             if (io.ConfigFlags & ImGuiConfigFlags_NoKeyboard)
       |             ^
C:\Users\Administrator\source\repos\xtlua-Tu-154\XTLua\src\imgui\imgui.cpp:10488:17: note: 'trickle_fast_inputs' is false
 10488 |             if (trickle_fast_inputs && key_data->Down != e->Key.Down && (key_changed_mask.TestBit(key_data_index) || mouse_button_changed != 0))
       |                 ^~~~~~~~~~~~~~~~~~~
C:\Users\Administrator\source\repos\xtlua-Tu-154\XTLua\src\imgui\imgui.cpp:10488:37: note: Left side of '&&' is false
 10488 |             if (trickle_fast_inputs && key_data->Down != e->Key.Down && (key_changed_mask.TestBit(key_data_index) || mouse_button_changed != 0))
       |                                     ^
C:\Users\Administrator\source\repos\xtlua-Tu-154\XTLua\src\imgui\imgui.cpp:10491:60: note: Calling 'IsKeyChordPotentiallyCharInput'
 10491 |             const bool key_is_potentially_for_char_input = IsKeyChordPotentiallyCharInput(GetMergedModsFromKeys() | key);
       |                                                            ^~~~~~~~~~~~~~~~~~~~~~~~~~~~~~~~~~~~~~~~~~~~~~~~~~~~~~~~~~~~~
C:\Users\Administrator\source\repos\xtlua-Tu-154\XTLua\src\imgui\imgui.cpp:9665:21: note: The value '49152' provided to the cast expression is not in the valid range of values for 'ImGuiKey'
 9665 |     ImGuiKey mods = (ImGuiKey)(key_chord & ImGuiMod_Mask_);
      |                     ^~~~~~~~~~~~~~~~~~~~~~~~~~~~~~~~~~~~~~
C:\Users\Administrator\source\repos\xtlua-Tu-154\XTLua\src\imgui\imgui.cpp:9665:21: warning: The value '53248' provided to the cast expression is not in the valid range of values for 'ImGuiKey' [clang-analyzer-optin.core.EnumCastOutOfRange]
 9665 |     ImGuiKey mods = (ImGuiKey)(key_chord & ImGuiMod_Mask_);
      |                     ^
C:\Users\Administrator\source\repos\xtlua-Tu-154\XTLua\src\imgui\imgui.h:1554:6: note: enum declared here
 1554 | enum ImGuiKey : int
      | ~~~~~^~~~~~~~~~~~~~
 1555 | {
      | ~
 1556 |     // Keyboard
      |     ~~~~~~~~~~~
 1557 |     ImGuiKey_None = 0,
      |     ~~~~~~~~~~~~~~~~~~
 1558 |     ImGuiKey_NamedKey_BEGIN = 512,  // First valid key value (other than 0)
      |     ~~~~~~~~~~~~~~~~~~~~~~~~~~~~~~~~~~~~~~~~~~~~~~~~~~~~~~~~~~~~~~~~~~~~~~~
 1559 | 
 1560 |     ImGuiKey_Tab = 512,             // == ImGuiKey_NamedKey_BEGIN
      |     ~~~~~~~~~~~~~~~~~~~~~~~~~~~~~~~~~~~~~~~~~~~~~~~~~~~~~~~~~~~~~
 1561 |     ImGuiKey_LeftArrow,
      |     ~~~~~~~~~~~~~~~~~~~
 1562 |     ImGuiKey_RightArrow,
      |     ~~~~~~~~~~~~~~~~~~~~
 1563 |     ImGuiKey_UpArrow,
      |     ~~~~~~~~~~~~~~~~~
 1564 |     ImGuiKey_DownArrow,
      |     ~~~~~~~~~~~~~~~~~~~
 1565 |     ImGuiKey_PageUp,
      |     ~~~~~~~~~~~~~~~~
 1566 |     ImGuiKey_PageDown,
      |     ~~~~~~~~~~~~~~~~~~
 1567 |     ImGuiKey_Home,
      |     ~~~~~~~~~~~~~~
 1568 |     ImGuiKey_End,
      |     ~~~~~~~~~~~~~
 1569 |     ImGuiKey_Insert,
      |     ~~~~~~~~~~~~~~~~
C:\Users\Administrator\source\repos\xtlua-Tu-154\XTLua\src\imgui\imgui.cpp:5492:36: note: Assuming 'n' is < 0
 5492 |     for (int n = g.Hooks.Size - 1; n >= 0; n--)
      |                                    ^~~~~~
C:\Users\Administrator\source\repos\xtlua-Tu-154\XTLua\src\imgui\imgui.cpp:5492:5: note: Loop condition is false. Execution continues on line 5496
 5492 |     for (int n = g.Hooks.Size - 1; n >= 0; n--)
      |     ^
C:\Users\Administrator\source\repos\xtlua-Tu-154\XTLua\src\imgui\imgui.cpp:5515:23: note: Assuming the condition is false
 5515 |     g.IO.Framerate = (g.FramerateSecPerFrameAccum > 0.0f) ? (1.0f / (g.FramerateSecPerFrameAccum / (float)g.FramerateSecPerFrameCount)) : FLT_MAX;
      |                       ^~~~~~~~~~~~~~~~~~~~~~~~~~~~~~~~~~
C:\Users\Administrator\source\repos\xtlua-Tu-154\XTLua\src\imgui\imgui.cpp:5515:22: note: '?' condition is false
 5515 |     g.IO.Framerate = (g.FramerateSecPerFrameAccum > 0.0f) ? (1.0f / (g.FramerateSecPerFrameAccum / (float)g.FramerateSecPerFrameCount)) : FLT_MAX;
      |                      ^
C:\Users\Administrator\source\repos\xtlua-Tu-154\XTLua\src\imgui\imgui.cpp:5519:5: note: Calling 'UpdateInputEvents'
 5519 |     UpdateInputEvents(g.IO.ConfigInputTrickleEventQueue);
      |     ^~~~~~~~~~~~~~~~~~~~~~~~~~~~~~~~~~~~~~~~~~~~~~~~~~~~
C:\Users\Administrator\source\repos\xtlua-Tu-154\XTLua\src\imgui\imgui.cpp:10434:61: note: Assuming 'trickle_fast_inputs' is false
 10434 |     const bool trickle_interleaved_nonchar_keys_and_text = (trickle_fast_inputs && g.WantTextInputNextFrame == 1);
       |                                                             ^~~~~~~~~~~~~~~~~~~
C:\Users\Administrator\source\repos\xtlua-Tu-154\XTLua\src\imgui\imgui.cpp:10434:81: note: Left side of '&&' is false
 10434 |     const bool trickle_interleaved_nonchar_keys_and_text = (trickle_fast_inputs && g.WantTextInputNextFrame == 1);
       |                                                                                 ^
C:\Users\Administrator\source\repos\xtlua-Tu-154\XTLua\src\imgui\imgui.cpp:10441:12: note: Assuming 'event_n' is < field 'Size'
 10441 |     for (; event_n < g.InputEventsQueue.Size; event_n++)
       |            ^~~~~~~~~~~~~~~~~~~~~~~~~~~~~~~~~
C:\Users\Administrator\source\repos\xtlua-Tu-154\XTLua\src\imgui\imgui.cpp:10441:5: note: Loop condition is true.  Entering loop body
 10441 |     for (; event_n < g.InputEventsQueue.Size; event_n++)
       |     ^
C:\Users\Administrator\source\repos\xtlua-Tu-154\XTLua\src\imgui\imgui.cpp:10444:13: note: Assuming field 'Type' is not equal to ImGuiInputEventType_MousePos
 10444 |         if (e->Type == ImGuiInputEventType_MousePos)
       |             ^~~~~~~~~~~~~~~~~~~~~~~~~~~~~~~~~~~~~~~
C:\Users\Administrator\source\repos\xtlua-Tu-154\XTLua\src\imgui\imgui.cpp:10444:9: note: Taking false branch
 10444 |         if (e->Type == ImGuiInputEventType_MousePos)
       |         ^
C:\Users\Administrator\source\repos\xtlua-Tu-154\XTLua\src\imgui\imgui.cpp:10456:18: note: Assuming field 'Type' is not equal to ImGuiInputEventType_MouseButton
 10456 |         else if (e->Type == ImGuiInputEventType_MouseButton)
       |                  ^~~~~~~~~~~~~~~~~~~~~~~~~~~~~~~~~~~~~~~~~~
C:\Users\Administrator\source\repos\xtlua-Tu-154\XTLua\src\imgui\imgui.cpp:10456:14: note: Taking false branch
 10456 |         else if (e->Type == ImGuiInputEventType_MouseButton)
       |              ^
C:\Users\Administrator\source\repos\xtlua-Tu-154\XTLua\src\imgui\imgui.cpp:10469:18: note: Assuming field 'Type' is not equal to ImGuiInputEventType_MouseWheel
 10469 |         else if (e->Type == ImGuiInputEventType_MouseWheel)
       |                  ^~~~~~~~~~~~~~~~~~~~~~~~~~~~~~~~~~~~~~~~~
C:\Users\Administrator\source\repos\xtlua-Tu-154\XTLua\src\imgui\imgui.cpp:10469:14: note: Taking false branch
 10469 |         else if (e->Type == ImGuiInputEventType_MouseWheel)
       |              ^
C:\Users\Administrator\source\repos\xtlua-Tu-154\XTLua\src\imgui\imgui.cpp:10479:18: note: Assuming field 'Type' is equal to ImGuiInputEventType_Key
 10479 |         else if (e->Type == ImGuiInputEventType_Key)
       |                  ^~~~~~~~~~~~~~~~~~~~~~~~~~~~~~~~~~
C:\Users\Administrator\source\repos\xtlua-Tu-154\XTLua\src\imgui\imgui.cpp:10479:14: note: Taking true branch
 10479 |         else if (e->Type == ImGuiInputEventType_Key)
       |              ^
C:\Users\Administrator\source\repos\xtlua-Tu-154\XTLua\src\imgui\imgui.cpp:10482:17: note: Assuming the condition is false
 10482 |             if (io.ConfigFlags & ImGuiConfigFlags_NoKeyboard)
       |                 ^~~~~~~~~~~~~~~~~~~~~~~~~~~~~~~~~~~~~~~~~~~~
C:\Users\Administrator\source\repos\xtlua-Tu-154\XTLua\src\imgui\imgui.cpp:10482:13: note: Taking false branch
 10482 |             if (io.ConfigFlags & ImGuiConfigFlags_NoKeyboard)
       |             ^
C:\Users\Administrator\source\repos\xtlua-Tu-154\XTLua\src\imgui\imgui.cpp:10488:17: note: 'trickle_fast_inputs' is false
 10488 |             if (trickle_fast_inputs && key_data->Down != e->Key.Down && (key_changed_mask.TestBit(key_data_index) || mouse_button_changed != 0))
       |                 ^~~~~~~~~~~~~~~~~~~
C:\Users\Administrator\source\repos\xtlua-Tu-154\XTLua\src\imgui\imgui.cpp:10488:37: note: Left side of '&&' is false
 10488 |             if (trickle_fast_inputs && key_data->Down != e->Key.Down && (key_changed_mask.TestBit(key_data_index) || mouse_button_changed != 0))
       |                                     ^
C:\Users\Administrator\source\repos\xtlua-Tu-154\XTLua\src\imgui\imgui.cpp:10491:60: note: Calling 'IsKeyChordPotentiallyCharInput'
 10491 |             const bool key_is_potentially_for_char_input = IsKeyChordPotentiallyCharInput(GetMergedModsFromKeys() | key);
       |                                                            ^~~~~~~~~~~~~~~~~~~~~~~~~~~~~~~~~~~~~~~~~~~~~~~~~~~~~~~~~~~~~
C:\Users\Administrator\source\repos\xtlua-Tu-154\XTLua\src\imgui\imgui.cpp:9665:21: note: The value '53248' provided to the cast expression is not in the valid range of values for 'ImGuiKey'
 9665 |     ImGuiKey mods = (ImGuiKey)(key_chord & ImGuiMod_Mask_);
      |                     ^~~~~~~~~~~~~~~~~~~~~~~~~~~~~~~~~~~~~~
C:\Users\Administrator\source\repos\xtlua-Tu-154\XTLua\src\imgui\imgui.cpp:9665:21: warning: The value '57344' provided to the cast expression is not in the valid range of values for 'ImGuiKey' [clang-analyzer-optin.core.EnumCastOutOfRange]
 9665 |     ImGuiKey mods = (ImGuiKey)(key_chord & ImGuiMod_Mask_);
      |                     ^
C:\Users\Administrator\source\repos\xtlua-Tu-154\XTLua\src\imgui\imgui.h:1554:6: note: enum declared here
 1554 | enum ImGuiKey : int
      | ~~~~~^~~~~~~~~~~~~~
 1555 | {
      | ~
 1556 |     // Keyboard
      |     ~~~~~~~~~~~
 1557 |     ImGuiKey_None = 0,
      |     ~~~~~~~~~~~~~~~~~~
 1558 |     ImGuiKey_NamedKey_BEGIN = 512,  // First valid key value (other than 0)
      |     ~~~~~~~~~~~~~~~~~~~~~~~~~~~~~~~~~~~~~~~~~~~~~~~~~~~~~~~~~~~~~~~~~~~~~~~
 1559 | 
 1560 |     ImGuiKey_Tab = 512,             // == ImGuiKey_NamedKey_BEGIN
      |     ~~~~~~~~~~~~~~~~~~~~~~~~~~~~~~~~~~~~~~~~~~~~~~~~~~~~~~~~~~~~~
 1561 |     ImGuiKey_LeftArrow,
      |     ~~~~~~~~~~~~~~~~~~~
 1562 |     ImGuiKey_RightArrow,
      |     ~~~~~~~~~~~~~~~~~~~~
 1563 |     ImGuiKey_UpArrow,
      |     ~~~~~~~~~~~~~~~~~
 1564 |     ImGuiKey_DownArrow,
      |     ~~~~~~~~~~~~~~~~~~~
 1565 |     ImGuiKey_PageUp,
      |     ~~~~~~~~~~~~~~~~
 1566 |     ImGuiKey_PageDown,
      |     ~~~~~~~~~~~~~~~~~~
 1567 |     ImGuiKey_Home,
      |     ~~~~~~~~~~~~~~
 1568 |     ImGuiKey_End,
      |     ~~~~~~~~~~~~~
 1569 |     ImGuiKey_Insert,
      |     ~~~~~~~~~~~~~~~~
C:\Users\Administrator\source\repos\xtlua-Tu-154\XTLua\src\imgui\imgui.cpp:5492:36: note: Assuming 'n' is < 0
 5492 |     for (int n = g.Hooks.Size - 1; n >= 0; n--)
      |                                    ^~~~~~
C:\Users\Administrator\source\repos\xtlua-Tu-154\XTLua\src\imgui\imgui.cpp:5492:5: note: Loop condition is false. Execution continues on line 5496
 5492 |     for (int n = g.Hooks.Size - 1; n >= 0; n--)
      |     ^
C:\Users\Administrator\source\repos\xtlua-Tu-154\XTLua\src\imgui\imgui.cpp:5515:23: note: Assuming the condition is false
 5515 |     g.IO.Framerate = (g.FramerateSecPerFrameAccum > 0.0f) ? (1.0f / (g.FramerateSecPerFrameAccum / (float)g.FramerateSecPerFrameCount)) : FLT_MAX;
      |                       ^~~~~~~~~~~~~~~~~~~~~~~~~~~~~~~~~~
C:\Users\Administrator\source\repos\xtlua-Tu-154\XTLua\src\imgui\imgui.cpp:5515:22: note: '?' condition is false
 5515 |     g.IO.Framerate = (g.FramerateSecPerFrameAccum > 0.0f) ? (1.0f / (g.FramerateSecPerFrameAccum / (float)g.FramerateSecPerFrameCount)) : FLT_MAX;
      |                      ^
C:\Users\Administrator\source\repos\xtlua-Tu-154\XTLua\src\imgui\imgui.cpp:5519:5: note: Calling 'UpdateInputEvents'
 5519 |     UpdateInputEvents(g.IO.ConfigInputTrickleEventQueue);
      |     ^~~~~~~~~~~~~~~~~~~~~~~~~~~~~~~~~~~~~~~~~~~~~~~~~~~~
C:\Users\Administrator\source\repos\xtlua-Tu-154\XTLua\src\imgui\imgui.cpp:10434:61: note: Assuming 'trickle_fast_inputs' is false
 10434 |     const bool trickle_interleaved_nonchar_keys_and_text = (trickle_fast_inputs && g.WantTextInputNextFrame == 1);
       |                                                             ^~~~~~~~~~~~~~~~~~~
C:\Users\Administrator\source\repos\xtlua-Tu-154\XTLua\src\imgui\imgui.cpp:10434:81: note: Left side of '&&' is false
 10434 |     const bool trickle_interleaved_nonchar_keys_and_text = (trickle_fast_inputs && g.WantTextInputNextFrame == 1);
       |                                                                                 ^
C:\Users\Administrator\source\repos\xtlua-Tu-154\XTLua\src\imgui\imgui.cpp:10441:12: note: Assuming 'event_n' is < field 'Size'
 10441 |     for (; event_n < g.InputEventsQueue.Size; event_n++)
       |            ^~~~~~~~~~~~~~~~~~~~~~~~~~~~~~~~~
C:\Users\Administrator\source\repos\xtlua-Tu-154\XTLua\src\imgui\imgui.cpp:10441:5: note: Loop condition is true.  Entering loop body
 10441 |     for (; event_n < g.InputEventsQueue.Size; event_n++)
       |     ^
C:\Users\Administrator\source\repos\xtlua-Tu-154\XTLua\src\imgui\imgui.cpp:10444:13: note: Assuming field 'Type' is not equal to ImGuiInputEventType_MousePos
 10444 |         if (e->Type == ImGuiInputEventType_MousePos)
       |             ^~~~~~~~~~~~~~~~~~~~~~~~~~~~~~~~~~~~~~~
C:\Users\Administrator\source\repos\xtlua-Tu-154\XTLua\src\imgui\imgui.cpp:10444:9: note: Taking false branch
 10444 |         if (e->Type == ImGuiInputEventType_MousePos)
       |         ^
C:\Users\Administrator\source\repos\xtlua-Tu-154\XTLua\src\imgui\imgui.cpp:10456:18: note: Assuming field 'Type' is not equal to ImGuiInputEventType_MouseButton
 10456 |         else if (e->Type == ImGuiInputEventType_MouseButton)
       |                  ^~~~~~~~~~~~~~~~~~~~~~~~~~~~~~~~~~~~~~~~~~
C:\Users\Administrator\source\repos\xtlua-Tu-154\XTLua\src\imgui\imgui.cpp:10456:14: note: Taking false branch
 10456 |         else if (e->Type == ImGuiInputEventType_MouseButton)
       |              ^
C:\Users\Administrator\source\repos\xtlua-Tu-154\XTLua\src\imgui\imgui.cpp:10469:18: note: Assuming field 'Type' is not equal to ImGuiInputEventType_MouseWheel
 10469 |         else if (e->Type == ImGuiInputEventType_MouseWheel)
       |                  ^~~~~~~~~~~~~~~~~~~~~~~~~~~~~~~~~~~~~~~~~
C:\Users\Administrator\source\repos\xtlua-Tu-154\XTLua\src\imgui\imgui.cpp:10469:14: note: Taking false branch
 10469 |         else if (e->Type == ImGuiInputEventType_MouseWheel)
       |              ^
C:\Users\Administrator\source\repos\xtlua-Tu-154\XTLua\src\imgui\imgui.cpp:10479:18: note: Assuming field 'Type' is equal to ImGuiInputEventType_Key
 10479 |         else if (e->Type == ImGuiInputEventType_Key)
       |                  ^~~~~~~~~~~~~~~~~~~~~~~~~~~~~~~~~~
C:\Users\Administrator\source\repos\xtlua-Tu-154\XTLua\src\imgui\imgui.cpp:10479:14: note: Taking true branch
 10479 |         else if (e->Type == ImGuiInputEventType_Key)
       |              ^
C:\Users\Administrator\source\repos\xtlua-Tu-154\XTLua\src\imgui\imgui.cpp:10482:17: note: Assuming the condition is false
 10482 |             if (io.ConfigFlags & ImGuiConfigFlags_NoKeyboard)
       |                 ^~~~~~~~~~~~~~~~~~~~~~~~~~~~~~~~~~~~~~~~~~~~
C:\Users\Administrator\source\repos\xtlua-Tu-154\XTLua\src\imgui\imgui.cpp:10482:13: note: Taking false branch
 10482 |             if (io.ConfigFlags & ImGuiConfigFlags_NoKeyboard)
       |             ^
C:\Users\Administrator\source\repos\xtlua-Tu-154\XTLua\src\imgui\imgui.cpp:10488:17: note: 'trickle_fast_inputs' is false
 10488 |             if (trickle_fast_inputs && key_data->Down != e->Key.Down && (key_changed_mask.TestBit(key_data_index) || mouse_button_changed != 0))
       |                 ^~~~~~~~~~~~~~~~~~~
C:\Users\Administrator\source\repos\xtlua-Tu-154\XTLua\src\imgui\imgui.cpp:10488:37: note: Left side of '&&' is false
 10488 |             if (trickle_fast_inputs && key_data->Down != e->Key.Down && (key_changed_mask.TestBit(key_data_index) || mouse_button_changed != 0))
       |                                     ^
C:\Users\Administrator\source\repos\xtlua-Tu-154\XTLua\src\imgui\imgui.cpp:10491:60: note: Calling 'IsKeyChordPotentiallyCharInput'
 10491 |             const bool key_is_potentially_for_char_input = IsKeyChordPotentiallyCharInput(GetMergedModsFromKeys() | key);
       |                                                            ^~~~~~~~~~~~~~~~~~~~~~~~~~~~~~~~~~~~~~~~~~~~~~~~~~~~~~~~~~~~~
C:\Users\Administrator\source\repos\xtlua-Tu-154\XTLua\src\imgui\imgui.cpp:9665:21: note: The value '57344' provided to the cast expression is not in the valid range of values for 'ImGuiKey'
 9665 |     ImGuiKey mods = (ImGuiKey)(key_chord & ImGuiMod_Mask_);
      |                     ^~~~~~~~~~~~~~~~~~~~~~~~~~~~~~~~~~~~~~
C:\Users\Administrator\source\repos\xtlua-Tu-154\XTLua\src\imgui\imgui.cpp:10685:20: warning: The value provided to the cast expression is not in the valid range of values for 'ImGuiKey' [clang-analyzer-optin.core.EnumCastOutOfRange]
 10685 |     ImGuiKey key = (ImGuiKey)(key_chord & ~ImGuiMod_Mask_);
       |                    ^
C:\Users\Administrator\source\repos\xtlua-Tu-154\XTLua\src\imgui\imgui.h:1554:6: note: enum declared here
 1554 | enum ImGuiKey : int
      | ~~~~~^~~~~~~~~~~~~~
 1555 | {
      | ~
 1556 |     // Keyboard
      |     ~~~~~~~~~~~
 1557 |     ImGuiKey_None = 0,
      |     ~~~~~~~~~~~~~~~~~~
 1558 |     ImGuiKey_NamedKey_BEGIN = 512,  // First valid key value (other than 0)
      |     ~~~~~~~~~~~~~~~~~~~~~~~~~~~~~~~~~~~~~~~~~~~~~~~~~~~~~~~~~~~~~~~~~~~~~~~
 1559 | 
 1560 |     ImGuiKey_Tab = 512,             // == ImGuiKey_NamedKey_BEGIN
      |     ~~~~~~~~~~~~~~~~~~~~~~~~~~~~~~~~~~~~~~~~~~~~~~~~~~~~~~~~~~~~~
 1561 |     ImGuiKey_LeftArrow,
      |     ~~~~~~~~~~~~~~~~~~~
 1562 |     ImGuiKey_RightArrow,
      |     ~~~~~~~~~~~~~~~~~~~~
 1563 |     ImGuiKey_UpArrow,
      |     ~~~~~~~~~~~~~~~~~
 1564 |     ImGuiKey_DownArrow,
      |     ~~~~~~~~~~~~~~~~~~~
 1565 |     ImGuiKey_PageUp,
      |     ~~~~~~~~~~~~~~~~
 1566 |     ImGuiKey_PageDown,
      |     ~~~~~~~~~~~~~~~~~~
 1567 |     ImGuiKey_Home,
      |     ~~~~~~~~~~~~~~
 1568 |     ImGuiKey_End,
      |     ~~~~~~~~~~~~~
 1569 |     ImGuiKey_Insert,
      |     ~~~~~~~~~~~~~~~~
C:\Users\Administrator\source\repos\xtlua-Tu-154\XTLua\src\imgui\imgui.cpp:14508:29: note: Assuming 'modal_window' is equal to NULL
 14508 |     bool allow_windowing = (modal_window == NULL); // FIXME: This prevent Ctrl+Tab from being usable with windows that are inside the Begin-stack of that modal.
       |                             ^~~~~~~~~~~~~~~~~~~~
C:\Users\Administrator\source\repos\xtlua-Tu-154\XTLua\src\imgui\imgui.cpp:14509:10: note: 'allow_windowing' is true
 14509 |     if (!allow_windowing)
       |          ^~~~~~~~~~~~~~~
C:\Users\Administrator\source\repos\xtlua-Tu-154\XTLua\src\imgui\imgui.cpp:14509:5: note: Taking false branch
 14509 |     if (!allow_windowing)
       |     ^
C:\Users\Administrator\source\repos\xtlua-Tu-154\XTLua\src\imgui\imgui.cpp:14513:9: note: Assuming field 'NavWindowingTargetAnim' is null
 14513 |     if (g.NavWindowingTargetAnim && g.NavWindowingTarget == NULL)
       |         ^~~~~~~~~~~~~~~~~~~~~~~~
C:\Users\Administrator\source\repos\xtlua-Tu-154\XTLua\src\imgui\imgui.cpp:14513:34: note: Left side of '&&' is false
 14513 |     if (g.NavWindowingTargetAnim && g.NavWindowingTarget == NULL)
       |                                  ^
C:\Users\Administrator\source\repos\xtlua-Tu-154\XTLua\src\imgui\imgui.cpp:14523:37: note: Assuming the condition is false
 14523 |     const bool nav_gamepad_active = (io.ConfigFlags & ImGuiConfigFlags_NavEnableGamepad) != 0 && (io.BackendFlags & ImGuiBackendFlags_HasGamepad) != 0;
       |                                     ^~~~~~~~~~~~~~~~~~~~~~~~~~~~~~~~~~~~~~~~~~~~~~~~~~~~~~~~~
C:\Users\Administrator\source\repos\xtlua-Tu-154\XTLua\src\imgui\imgui.cpp:14523:95: note: Left side of '&&' is false
 14523 |     const bool nav_gamepad_active = (io.ConfigFlags & ImGuiConfigFlags_NavEnableGamepad) != 0 && (io.BackendFlags & ImGuiBackendFlags_HasGamepad) != 0;
       |                                                                                               ^
C:\Users\Administrator\source\repos\xtlua-Tu-154\XTLua\src\imgui\imgui.cpp:14524:38: note: Assuming the condition is false
 14524 |     const bool nav_keyboard_active = (io.ConfigFlags & ImGuiConfigFlags_NavEnableKeyboard) != 0;
       |                                      ^~~~~~~~~~~~~~~~~~~~~~~~~~~~~~~~~~~~~~~~~~~~~~~~~~~~~~~~~~
C:\Users\Administrator\source\repos\xtlua-Tu-154\XTLua\src\imgui\imgui.cpp:14525:39: note: 'allow_windowing' is true
 14525 |     const bool keyboard_next_window = allow_windowing && g.ConfigNavWindowingKeyNext && Shortcut(g.ConfigNavWindowingKeyNext, ImGuiInputFlags_Repeat | ImGuiInputFlags_RouteAlways, owner_id);
       |                                       ^~~~~~~~~~~~~~~
C:\Users\Administrator\source\repos\xtlua-Tu-154\XTLua\src\imgui\imgui.cpp:14525:39: note: Left side of '&&' is true
C:\Users\Administrator\source\repos\xtlua-Tu-154\XTLua\src\imgui\imgui.cpp:14525:58: note: Assuming field 'ConfigNavWindowingKeyNext' is not equal to 0
 14525 |     const bool keyboard_next_window = allow_windowing && g.ConfigNavWindowingKeyNext && Shortcut(g.ConfigNavWindowingKeyNext, ImGuiInputFlags_Repeat | ImGuiInputFlags_RouteAlways, owner_id);
       |                                                          ^~~~~~~~~~~~~~~~~~~~~~~~~~~
C:\Users\Administrator\source\repos\xtlua-Tu-154\XTLua\src\imgui\imgui.cpp:14525:39: note: Left side of '&&' is true
 14525 |     const bool keyboard_next_window = allow_windowing && g.ConfigNavWindowingKeyNext && Shortcut(g.ConfigNavWindowingKeyNext, ImGuiInputFlags_Repeat | ImGuiInputFlags_RouteAlways, owner_id);
       |                                       ^
C:\Users\Administrator\source\repos\xtlua-Tu-154\XTLua\src\imgui\imgui.cpp:14525:89: note: Calling 'Shortcut'
 14525 |     const bool keyboard_next_window = allow_windowing && g.ConfigNavWindowingKeyNext && Shortcut(g.ConfigNavWindowingKeyNext, ImGuiInputFlags_Repeat | ImGuiInputFlags_RouteAlways, owner_id);
       |                                                                                         ^~~~~~~~~~~~~~~~~~~~~~~~~~~~~~~~~~~~~~~~~~~~~~~~~~~~~~~~~~~~~~~~~~~~~~~~~~~~~~~~~~~~~~~~~~~~~~~~~~~~~
C:\Users\Administrator\source\repos\xtlua-Tu-154\XTLua\src\imgui\imgui.cpp:10737:5: note: Taking false branch
 10737 |     if ((flags & ImGuiInputFlags_RouteTypeMask_) == 0)
       |     ^
C:\Users\Administrator\source\repos\xtlua-Tu-154\XTLua\src\imgui\imgui.cpp:10742:9: note: Assuming 'owner_id' is not equal to ImGuiKeyOwner_Any
 10742 |     if (owner_id == ImGuiKeyOwner_Any || owner_id == ImGuiKeyOwner_NoOwner)
       |         ^~~~~~~~~~~~~~~~~~~~~~~~~~~~~
C:\Users\Administrator\source\repos\xtlua-Tu-154\XTLua\src\imgui\imgui.cpp:10742:9: note: Left side of '||' is false
C:\Users\Administrator\source\repos\xtlua-Tu-154\XTLua\src\imgui\imgui.cpp:10742:42: note: Assuming the condition is false
 10742 |     if (owner_id == ImGuiKeyOwner_Any || owner_id == ImGuiKeyOwner_NoOwner)
       |                                          ^~~~~~~~~~~~~~~~~~~~~~~~~~~~~~~~~
C:\Users\Administrator\source\repos\xtlua-Tu-154\XTLua\src\imgui\imgui.cpp:10742:5: note: Taking false branch
 10742 |     if (owner_id == ImGuiKeyOwner_Any || owner_id == ImGuiKeyOwner_NoOwner)
       |     ^
C:\Users\Administrator\source\repos\xtlua-Tu-154\XTLua\src\imgui\imgui.cpp:10745:9: note: Assuming the condition is false
 10745 |     if (g.CurrentItemFlags & ImGuiItemFlags_Disabled)
       |         ^~~~~~~~~~~~~~~~~~~~~~~~~~~~~~~~~~~~~~~~~~~~
C:\Users\Administrator\source\repos\xtlua-Tu-154\XTLua\src\imgui\imgui.cpp:10745:5: note: Taking false branch
 10745 |     if (g.CurrentItemFlags & ImGuiItemFlags_Disabled)
       |     ^
C:\Users\Administrator\source\repos\xtlua-Tu-154\XTLua\src\imgui\imgui.cpp:10749:5: note: Taking false branch
 10749 |     if (!SetShortcutRouting(key_chord, flags, owner_id))
       |     ^
C:\Users\Administrator\source\repos\xtlua-Tu-154\XTLua\src\imgui\imgui.cpp:10754:9: note: Left side of '&&' is true
 10754 |     if ((flags & ImGuiInputFlags_Repeat) != 0 && (flags & ImGuiInputFlags_RepeatUntilMask_) == 0)
       |         ^
C:\Users\Administrator\source\repos\xtlua-Tu-154\XTLua\src\imgui\imgui.cpp:10754:5: note: Taking true branch
 10754 |     if ((flags & ImGuiInputFlags_Repeat) != 0 && (flags & ImGuiInputFlags_RepeatUntilMask_) == 0)
       |     ^
C:\Users\Administrator\source\repos\xtlua-Tu-154\XTLua\src\imgui\imgui.cpp:10757:10: note: Calling 'IsKeyChordPressed'
 10757 |     if (!IsKeyChordPressed(key_chord, flags, owner_id))
       |          ^~~~~~~~~~~~~~~~~~~~~~~~~~~~~~~~~~~~~~~~~~~~~
C:\Users\Administrator\source\repos\xtlua-Tu-154\XTLua\src\imgui\imgui.cpp:10681:9: note: Assuming 'mods' is equal to field 'KeyMods'
 10681 |     if (g.IO.KeyMods != mods)
       |         ^~~~~~~~~~~~~~~~~~~~
C:\Users\Administrator\source\repos\xtlua-Tu-154\XTLua\src\imgui\imgui.cpp:10681:5: note: Taking false branch
 10681 |     if (g.IO.KeyMods != mods)
       |     ^
C:\Users\Administrator\source\repos\xtlua-Tu-154\XTLua\src\imgui\imgui.cpp:10685:20: note: The value provided to the cast expression is not in the valid range of values for 'ImGuiKey'
 10685 |     ImGuiKey key = (ImGuiKey)(key_chord & ~ImGuiMod_Mask_);
       |                    ^~~~~~~~~~~~~~~~~~~~~~~~~~~~~~~~~~~~~~~
C:\Users\Administrator\source\repos\xtlua-Tu-154\XTLua\src\imgui\imgui.cpp:13571:9: warning: Out of bound access to memory around the field 'NavLastIds' [clang-analyzer-security.ArrayBound]
 13571 |     if (window->NavLastIds[layer] != 0)
       |         ^
C:\Users\Administrator\source\repos\xtlua-Tu-154\XTLua\src\imgui\imgui.cpp:14508:29: note: Assuming 'modal_window' is not equal to NULL
 14508 |     bool allow_windowing = (modal_window == NULL); // FIXME: This prevent Ctrl+Tab from being usable with windows that are inside the Begin-stack of that modal.
       |                             ^~~~~~~~~~~~~~~~~~~~
C:\Users\Administrator\source\repos\xtlua-Tu-154\XTLua\src\imgui\imgui.cpp:14509:10: note: 'allow_windowing' is false
 14509 |     if (!allow_windowing)
       |          ^~~~~~~~~~~~~~~
C:\Users\Administrator\source\repos\xtlua-Tu-154\XTLua\src\imgui\imgui.cpp:14509:5: note: Taking true branch
 14509 |     if (!allow_windowing)
       |     ^
C:\Users\Administrator\source\repos\xtlua-Tu-154\XTLua\src\imgui\imgui.cpp:14513:9: note: Assuming field 'NavWindowingTargetAnim' is null
 14513 |     if (g.NavWindowingTargetAnim && g.NavWindowingTarget == NULL)
       |         ^~~~~~~~~~~~~~~~~~~~~~~~
C:\Users\Administrator\source\repos\xtlua-Tu-154\XTLua\src\imgui\imgui.cpp:14513:34: note: Left side of '&&' is false
 14513 |     if (g.NavWindowingTargetAnim && g.NavWindowingTarget == NULL)
       |                                  ^
C:\Users\Administrator\source\repos\xtlua-Tu-154\XTLua\src\imgui\imgui.cpp:14523:37: note: Assuming the condition is false
 14523 |     const bool nav_gamepad_active = (io.ConfigFlags & ImGuiConfigFlags_NavEnableGamepad) != 0 && (io.BackendFlags & ImGuiBackendFlags_HasGamepad) != 0;
       |                                     ^~~~~~~~~~~~~~~~~~~~~~~~~~~~~~~~~~~~~~~~~~~~~~~~~~~~~~~~~
C:\Users\Administrator\source\repos\xtlua-Tu-154\XTLua\src\imgui\imgui.cpp:14523:95: note: Left side of '&&' is false
 14523 |     const bool nav_gamepad_active = (io.ConfigFlags & ImGuiConfigFlags_NavEnableGamepad) != 0 && (io.BackendFlags & ImGuiBackendFlags_HasGamepad) != 0;
       |                                                                                               ^
C:\Users\Administrator\source\repos\xtlua-Tu-154\XTLua\src\imgui\imgui.cpp:14524:38: note: Assuming the condition is false
 14524 |     const bool nav_keyboard_active = (io.ConfigFlags & ImGuiConfigFlags_NavEnableKeyboard) != 0;
       |                                      ^~~~~~~~~~~~~~~~~~~~~~~~~~~~~~~~~~~~~~~~~~~~~~~~~~~~~~~~~~
C:\Users\Administrator\source\repos\xtlua-Tu-154\XTLua\src\imgui\imgui.cpp:14525:39: note: 'allow_windowing' is false
 14525 |     const bool keyboard_next_window = allow_windowing && g.ConfigNavWindowingKeyNext && Shortcut(g.ConfigNavWindowingKeyNext, ImGuiInputFlags_Repeat | ImGuiInputFlags_RouteAlways, owner_id);
       |                                       ^~~~~~~~~~~~~~~
C:\Users\Administrator\source\repos\xtlua-Tu-154\XTLua\src\imgui\imgui.cpp:14525:55: note: Left side of '&&' is false
 14525 |     const bool keyboard_next_window = allow_windowing && g.ConfigNavWindowingKeyNext && Shortcut(g.ConfigNavWindowingKeyNext, ImGuiInputFlags_Repeat | ImGuiInputFlags_RouteAlways, owner_id);
       |                                                       ^
C:\Users\Administrator\source\repos\xtlua-Tu-154\XTLua\src\imgui\imgui.cpp:14526:39: note: 'allow_windowing' is false
 14526 |     const bool keyboard_prev_window = allow_windowing && g.ConfigNavWindowingKeyPrev && Shortcut(g.ConfigNavWindowingKeyPrev, ImGuiInputFlags_Repeat | ImGuiInputFlags_RouteAlways, owner_id);
       |                                       ^~~~~~~~~~~~~~~
C:\Users\Administrator\source\repos\xtlua-Tu-154\XTLua\src\imgui\imgui.cpp:14526:55: note: Left side of '&&' is false
 14526 |     const bool keyboard_prev_window = allow_windowing && g.ConfigNavWindowingKeyPrev && Shortcut(g.ConfigNavWindowingKeyPrev, ImGuiInputFlags_Repeat | ImGuiInputFlags_RouteAlways, owner_id);
       |                                                       ^
C:\Users\Administrator\source\repos\xtlua-Tu-154\XTLua\src\imgui\imgui.cpp:14527:46: note: 'nav_gamepad_active' is false
 14527 |     const bool start_toggling_with_gamepad = nav_gamepad_active && !g.NavWindowingTarget && Shortcut(ImGuiKey_NavGamepadMenu, ImGuiInputFlags_RouteAlways, owner_id);
       |                                              ^~~~~~~~~~~~~~~~~~
C:\Users\Administrator\source\repos\xtlua-Tu-154\XTLua\src\imgui\imgui.cpp:14527:65: note: Left side of '&&' is false
 14527 |     const bool start_toggling_with_gamepad = nav_gamepad_active && !g.NavWindowingTarget && Shortcut(ImGuiKey_NavGamepadMenu, ImGuiInputFlags_RouteAlways, owner_id);
       |                                                                 ^
C:\Users\Administrator\source\repos\xtlua-Tu-154\XTLua\src\imgui\imgui.cpp:14528:47: note: 'allow_windowing' is false
 14528 |     const bool start_windowing_with_gamepad = allow_windowing && start_toggling_with_gamepad;
       |                                               ^~~~~~~~~~~~~~~
C:\Users\Administrator\source\repos\xtlua-Tu-154\XTLua\src\imgui\imgui.cpp:14528:63: note: Left side of '&&' is false
 14528 |     const bool start_windowing_with_gamepad = allow_windowing && start_toggling_with_gamepad;
       |                                                               ^
C:\Users\Administrator\source\repos\xtlua-Tu-154\XTLua\src\imgui\imgui.cpp:14529:48: note: 'allow_windowing' is false
 14529 |     const bool start_windowing_with_keyboard = allow_windowing && !g.NavWindowingTarget && (keyboard_next_window || keyboard_prev_window); // Note: enabled even without NavEnableKeyboard!
       |                                                ^~~~~~~~~~~~~~~
C:\Users\Administrator\source\repos\xtlua-Tu-154\XTLua\src\imgui\imgui.cpp:14529:64: note: Left side of '&&' is false
 14529 |     const bool start_windowing_with_keyboard = allow_windowing && !g.NavWindowingTarget && (keyboard_next_window || keyboard_prev_window); // Note: enabled even without NavEnableKeyboard!
       |                                                                ^
C:\Users\Administrator\source\repos\xtlua-Tu-154\XTLua\src\imgui\imgui.cpp:14531:9: note: 'start_toggling_with_gamepad' is false
 14531 |     if (start_toggling_with_gamepad)
       |         ^~~~~~~~~~~~~~~~~~~~~~~~~~~
C:\Users\Administrator\source\repos\xtlua-Tu-154\XTLua\src\imgui\imgui.cpp:14531:5: note: Taking false branch
 14531 |     if (start_toggling_with_gamepad)
       |     ^
C:\Users\Administrator\source\repos\xtlua-Tu-154\XTLua\src\imgui\imgui.cpp:14537:9: note: 'start_windowing_with_gamepad' is false
 14537 |     if (start_windowing_with_gamepad || start_windowing_with_keyboard)
       |         ^~~~~~~~~~~~~~~~~~~~~~~~~~~~
C:\Users\Administrator\source\repos\xtlua-Tu-154\XTLua\src\imgui\imgui.cpp:14537:9: note: Left side of '||' is false
C:\Users\Administrator\source\repos\xtlua-Tu-154\XTLua\src\imgui\imgui.cpp:14537:41: note: 'start_windowing_with_keyboard' is false
 14537 |     if (start_windowing_with_gamepad || start_windowing_with_keyboard)
       |                                         ^~~~~~~~~~~~~~~~~~~~~~~~~~~~~
C:\Users\Administrator\source\repos\xtlua-Tu-154\XTLua\src\imgui\imgui.cpp:14537:5: note: Taking false branch
 14537 |     if (start_windowing_with_gamepad || start_windowing_with_keyboard)
       |     ^
C:\Users\Administrator\source\repos\xtlua-Tu-154\XTLua\src\imgui\imgui.cpp:14554:12: note: Field 'NavWindowingTarget' is null
 14554 |     if ((g.NavWindowingTarget || g.NavWindowingToggleLayer) && g.NavWindowingInputSource == ImGuiInputSource_Gamepad)
       |            ^
C:\Users\Administrator\source\repos\xtlua-Tu-154\XTLua\src\imgui\imgui.cpp:14554:10: note: Left side of '||' is false
 14554 |     if ((g.NavWindowingTarget || g.NavWindowingToggleLayer) && g.NavWindowingInputSource == ImGuiInputSource_Gamepad)
       |          ^
C:\Users\Administrator\source\repos\xtlua-Tu-154\XTLua\src\imgui\imgui.cpp:14554:34: note: Assuming field 'NavWindowingToggleLayer' is true
 14554 |     if ((g.NavWindowingTarget || g.NavWindowingToggleLayer) && g.NavWindowingInputSource == ImGuiInputSource_Gamepad)
       |                                  ^~~~~~~~~~~~~~~~~~~~~~~~~
C:\Users\Administrator\source\repos\xtlua-Tu-154\XTLua\src\imgui\imgui.cpp:14554:9: note: Left side of '&&' is true
 14554 |     if ((g.NavWindowingTarget || g.NavWindowingToggleLayer) && g.NavWindowingInputSource == ImGuiInputSource_Gamepad)
       |         ^
C:\Users\Administrator\source\repos\xtlua-Tu-154\XTLua\src\imgui\imgui.cpp:14554:64: note: Assuming field 'NavWindowingInputSource' is equal to ImGuiInputSource_Gamepad
 14554 |     if ((g.NavWindowingTarget || g.NavWindowingToggleLayer) && g.NavWindowingInputSource == ImGuiInputSource_Gamepad)
       |                                                                ^~~~~~~~~~~~~~~~~~~~~~~~~~~~~~~~~~~~~~~~~~~~~~~~~~~~~
C:\Users\Administrator\source\repos\xtlua-Tu-154\XTLua\src\imgui\imgui.cpp:14554:5: note: Taking true branch
 14554 |     if ((g.NavWindowingTarget || g.NavWindowingToggleLayer) && g.NavWindowingInputSource == ImGuiInputSource_Gamepad)
       |     ^
C:\Users\Administrator\source\repos\xtlua-Tu-154\XTLua\src\imgui\imgui.cpp:14556:15: note: Field 'NavWindowingTarget' is equal to NULL
 14556 |         if (g.NavWindowingTarget != NULL)
       |               ^
C:\Users\Administrator\source\repos\xtlua-Tu-154\XTLua\src\imgui\imgui.cpp:14556:9: note: Taking false branch
 14556 |         if (g.NavWindowingTarget != NULL)
       |         ^
C:\Users\Administrator\source\repos\xtlua-Tu-154\XTLua\src\imgui\imgui.cpp:14573:9: note: Taking true branch
 14573 |         if (!IsKeyDown(ImGuiKey_NavGamepadMenu))
       |         ^
C:\Users\Administrator\source\repos\xtlua-Tu-154\XTLua\src\imgui\imgui.cpp:14576:17: note: Assuming field 'NavWindowingToggleLayer' is true
 14576 |             if (g.NavWindowingToggleLayer && g.NavWindow)
       |                 ^~~~~~~~~~~~~~~~~~~~~~~~~
C:\Users\Administrator\source\repos\xtlua-Tu-154\XTLua\src\imgui\imgui.cpp:14576:17: note: Left side of '&&' is true
C:\Users\Administrator\source\repos\xtlua-Tu-154\XTLua\src\imgui\imgui.cpp:14576:46: note: Assuming field 'NavWindow' is non-null
 14576 |             if (g.NavWindowingToggleLayer && g.NavWindow)
       |                                              ^~~~~~~~~~~
C:\Users\Administrator\source\repos\xtlua-Tu-154\XTLua\src\imgui\imgui.cpp:14576:13: note: Taking true branch
 14576 |             if (g.NavWindowingToggleLayer && g.NavWindow)
       |             ^
C:\Users\Administrator\source\repos\xtlua-Tu-154\XTLua\src\imgui\imgui.cpp:14586:11: note: Field 'NavWindowingTarget' is null
 14586 |     if (g.NavWindowingTarget && g.NavWindowingInputSource == ImGuiInputSource_Keyboard)
       |           ^
C:\Users\Administrator\source\repos\xtlua-Tu-154\XTLua\src\imgui\imgui.cpp:14586:30: note: Left side of '&&' is false
 14586 |     if (g.NavWindowingTarget && g.NavWindowingInputSource == ImGuiInputSource_Keyboard)
       |                              ^
C:\Users\Administrator\source\repos\xtlua-Tu-154\XTLua\src\imgui\imgui.cpp:14602:11: note: Field 'NavWindow' is not equal to NULL
 14602 |     if (g.NavWindow != NULL && !(g.NavWindow->Flags & ImGuiWindowFlags_NoNavInputs))
       |           ^
C:\Users\Administrator\source\repos\xtlua-Tu-154\XTLua\src\imgui\imgui.cpp:14602:9: note: Left side of '&&' is true
 14602 |     if (g.NavWindow != NULL && !(g.NavWindow->Flags & ImGuiWindowFlags_NoNavInputs))
       |         ^
C:\Users\Administrator\source\repos\xtlua-Tu-154\XTLua\src\imgui\imgui.cpp:14602:32: note: Assuming the condition is false
 14602 |     if (g.NavWindow != NULL && !(g.NavWindow->Flags & ImGuiWindowFlags_NoNavInputs))
       |                                ^~~~~~~~~~~~~~~~~~~~~~~~~~~~~~~~~~~~~~~~~~~~~~~~~~~~
C:\Users\Administrator\source\repos\xtlua-Tu-154\XTLua\src\imgui\imgui.cpp:14602:5: note: Taking false branch
 14602 |     if (g.NavWindow != NULL && !(g.NavWindow->Flags & ImGuiWindowFlags_NoNavInputs))
       |     ^
C:\Users\Administrator\source\repos\xtlua-Tu-154\XTLua\src\imgui\imgui.cpp:14612:11: note: Field 'NavWindowingToggleLayer' is false
 14612 |     if (g.NavWindowingToggleLayer && g.NavWindowingInputSource == ImGuiInputSource_Keyboard)
       |           ^
C:\Users\Administrator\source\repos\xtlua-Tu-154\XTLua\src\imgui\imgui.cpp:14612:35: note: Left side of '&&' is false
 14612 |     if (g.NavWindowingToggleLayer && g.NavWindowingInputSource == ImGuiInputSource_Keyboard)
       |                                   ^
C:\Users\Administrator\source\repos\xtlua-Tu-154\XTLua\src\imgui\imgui.cpp:14636:11: note: Field 'NavWindowingTarget' is null
 14636 |     if (g.NavWindowingTarget && !(g.NavWindowingTarget->Flags & ImGuiWindowFlags_NoMove))
       |           ^
C:\Users\Administrator\source\repos\xtlua-Tu-154\XTLua\src\imgui\imgui.cpp:14636:30: note: Left side of '&&' is false
 14636 |     if (g.NavWindowingTarget && !(g.NavWindowingTarget->Flags & ImGuiWindowFlags_NoMove))
       |                              ^
C:\Users\Administrator\source\repos\xtlua-Tu-154\XTLua\src\imgui\imgui.cpp:14660:9: note: 'apply_focus_window' is null
 14660 |     if (apply_focus_window)
       |         ^~~~~~~~~~~~~~~~~~
C:\Users\Administrator\source\repos\xtlua-Tu-154\XTLua\src\imgui\imgui.cpp:14660:5: note: Taking false branch
 14660 |     if (apply_focus_window)
       |     ^
C:\Users\Administrator\source\repos\xtlua-Tu-154\XTLua\src\imgui\imgui.cpp:14664:9: note: 'apply_toggle_layer' is true
 14664 |     if (apply_toggle_layer && g.NavWindow)
       |         ^~~~~~~~~~~~~~~~~~
C:\Users\Administrator\source\repos\xtlua-Tu-154\XTLua\src\imgui\imgui.cpp:14664:9: note: Left side of '&&' is true
C:\Users\Administrator\source\repos\xtlua-Tu-154\XTLua\src\imgui\imgui.cpp:14664:33: note: Field 'NavWindow' is non-null
 14664 |     if (apply_toggle_layer && g.NavWindow)
       |                                 ^
C:\Users\Administrator\source\repos\xtlua-Tu-154\XTLua\src\imgui\imgui.cpp:14664:5: note: Taking true branch
 14664 |     if (apply_toggle_layer && g.NavWindow)
       |     ^
C:\Users\Administrator\source\repos\xtlua-Tu-154\XTLua\src\imgui\imgui.cpp:14670:16: note: Assuming field 'ParentWindow' is null
 14670 |         while (new_nav_window->ParentWindow
       |                ^~~~~~~~~~~~~~~~~~~~~~~~~~~~
C:\Users\Administrator\source\repos\xtlua-Tu-154\XTLua\src\imgui\imgui.cpp:14671:13: note: Left side of '&&' is false
 14671 |             && (new_nav_window->DC.NavLayersActiveMask & (1 << ImGuiNavLayer_Menu)) == 0
       |             ^
C:\Users\Administrator\source\repos\xtlua-Tu-154\XTLua\src\imgui\imgui.cpp:14675:13: note: 'new_nav_window' is equal to field 'NavWindow'
 14675 |         if (new_nav_window != g.NavWindow)
       |             ^~~~~~~~~~~~~~
C:\Users\Administrator\source\repos\xtlua-Tu-154\XTLua\src\imgui\imgui.cpp:14675:9: note: Taking false branch
 14675 |         if (new_nav_window != g.NavWindow)
       |         ^
C:\Users\Administrator\source\repos\xtlua-Tu-154\XTLua\src\imgui\imgui.cpp:14683:45: note: Assuming the condition is true
 14683 |         const ImGuiNavLayer new_nav_layer = (g.NavWindow->DC.NavLayersActiveMask & (1 << ImGuiNavLayer_Menu)) ? (ImGuiNavLayer)((int)g.NavLayer ^ 1) : ImGuiNavLayer_Main;
       |                                             ^~~~~~~~~~~~~~~~~~~~~~~~~~~~~~~~~~~~~~~~~~~~~~~~~~~~~~~~~~~~~~~~~
C:\Users\Administrator\source\repos\xtlua-Tu-154\XTLua\src\imgui\imgui.cpp:14683:45: note: '?' condition is true
C:\Users\Administrator\source\repos\xtlua-Tu-154\XTLua\src\imgui\imgui.cpp:14684:13: note: Assuming 'new_nav_layer' is not equal to field 'NavLayer'
 14684 |         if (new_nav_layer != g.NavLayer)
       |             ^~~~~~~~~~~~~~~~~~~~~~~~~~~
C:\Users\Administrator\source\repos\xtlua-Tu-154\XTLua\src\imgui\imgui.cpp:14684:9: note: Taking true branch
 14684 |         if (new_nav_layer != g.NavLayer)
       |         ^
C:\Users\Administrator\source\repos\xtlua-Tu-154\XTLua\src\imgui\imgui.cpp:14687:17: note: Assuming 'new_nav_layer' is not equal to ImGuiNavLayer_Menu
 14687 |             if (new_nav_layer == ImGuiNavLayer_Menu)
       |                 ^~~~~~~~~~~~~~~~~~~~~~~~~~~~~~~~~~~
C:\Users\Administrator\source\repos\xtlua-Tu-154\XTLua\src\imgui\imgui.cpp:14687:13: note: Taking false branch
 14687 |             if (new_nav_layer == ImGuiNavLayer_Menu)
       |             ^
C:\Users\Administrator\source\repos\xtlua-Tu-154\XTLua\src\imgui\imgui.cpp:14689:13: note: Calling 'NavRestoreLayer'
 14689 |             NavRestoreLayer(new_nav_layer);
       |             ^~~~~~~~~~~~~~~~~~~~~~~~~~~~~~
C:\Users\Administrator\source\repos\xtlua-Tu-154\XTLua\src\imgui\imgui.cpp:13562:9: note: Assuming 'layer' is not equal to ImGuiNavLayer_Main
 13562 |     if (layer == ImGuiNavLayer_Main)
       |         ^~~~~~~~~~~~~~~~~~~~~~~~~~~
C:\Users\Administrator\source\repos\xtlua-Tu-154\XTLua\src\imgui\imgui.cpp:13562:5: note: Taking false branch
 13562 |     if (layer == ImGuiNavLayer_Main)
       |     ^
C:\Users\Administrator\source\repos\xtlua-Tu-154\XTLua\src\imgui\imgui.cpp:13571:9: note: Access of the field 'NavLastIds' at a negative or overflowing index, while it holds only 2 'unsigned int' elements
 13571 |     if (window->NavLastIds[layer] != 0)
       |         ^~~~~~~~~~~~~~~~~~~~~~~~~
C:\Users\Administrator\source\repos\xtlua-Tu-154\XTLua\src\imgui\imgui.cpp:14480:13: warning: Array access (via field 'NavLastIds') results in a null pointer dereference [clang-analyzer-core.NullDereference]
 14480 |         if (apply_focus_window->NavLastIds[0] == 0)
       |             ^                   ~~~~~~~~~~
C:\Users\Administrator\source\repos\xtlua-Tu-154\XTLua\src\imgui\imgui.cpp:14472:9: note: Assuming field 'NavWindow' is equal to NULL
 14472 |     if (g.NavWindow == NULL || apply_focus_window != g.NavWindow->RootWindow)
       |         ^~~~~~~~~~~~~~~~~~~
C:\Users\Administrator\source\repos\xtlua-Tu-154\XTLua\src\imgui\imgui.cpp:14472:29: note: Left side of '||' is true
 14472 |     if (g.NavWindow == NULL || apply_focus_window != g.NavWindow->RootWindow)
       |                             ^
C:\Users\Administrator\source\repos\xtlua-Tu-154\XTLua\src\imgui\imgui.cpp:14479:9: note: Null pointer value stored to 'apply_focus_window'
 14479 |         apply_focus_window = g.NavWindow;
       |         ^~~~~~~~~~~~~~~~~~~~~~~~~~~~~~~~
C:\Users\Administrator\source\repos\xtlua-Tu-154\XTLua\src\imgui\imgui.cpp:14480:13: note: Array access (via field 'NavLastIds') results in a null pointer dereference
 14480 |         if (apply_focus_window->NavLastIds[0] == 0)
       |             ^                   ~~~~~~~~~~
C:\Users\Administrator\source\repos\xtlua-Tu-154\XTLua\src\imgui\imgui.cpp:17551:5: warning: Value stored to 'p' is never read [clang-analyzer-deadcode.DeadStores]
 17551 |     p += ImFormatString(p, buf_end - p, (tab_bar->Tabs.Size > 3) ? " ... }" : " } ");
       |     ^    ~~~~~~~~~~~~~~~~~~~~~~~~~~~~~~~~~~~~~~~~~~~~~~~~~~~~~~~~~~~~~~~~~~~~~~~~~~~
C:\Users\Administrator\source\repos\xtlua-Tu-154\XTLua\src\imgui\imgui.cpp:17551:5: note: Value stored to 'p' is never read
 17551 |     p += ImFormatString(p, buf_end - p, (tab_bar->Tabs.Size > 3) ? " ... }" : " } ");
       |     ^    ~~~~~~~~~~~~~~~~~~~~~~~~~~~~~~~~~~~~~~~~~~~~~~~~~~~~~~~~~~~~~~~~~~~~~~~~~~~
C:\Users\Administrator\source\repos\xtlua-Tu-154\XTLua\src\imgui\imgui_internal.h:401:91: warning: Although the value stored to 'c' is used in the enclosing expression, the value is never actually read from 'c' [clang-analyzer-deadcode.DeadStores]
  401 | inline char             ImToUpper(char c)               { return (c >= 'a' && c <= 'z') ? c &= ~32 : c; }
      |                                                                                           ^    ~~~
C:\Users\Administrator\source\repos\xtlua-Tu-154\XTLua\src\imgui\imgui_internal.h:401:91: note: Although the value stored to 'c' is used in the enclosing expression, the value is never actually read from 'c'
  401 | inline char             ImToUpper(char c)               { return (c >= 'a' && c <= 'z') ? c &= ~32 : c; }
      |                                                                                           ^    ~~~
C:\Users\Administrator\source\repos\xtlua-Tu-154\XTLua\src\imgui\imgui_internal.h:2192:8: warning: Excessive padding in 'struct ImGuiContext' (78 padding bytes, where 6 is optimal). Optimal fields order: Time, Font, FontBaked, TestEngine, CurrentWindow, HoveredWindow, HoveredWindowUnderMovingWindow, HoveredWindowBeforeClear, MovingWindow, WheelingWindow, ActiveIdWindow, LastKeyModsChangeTime, LastKeyModsChangeFromNoneTime, LastKeyboardKeyPressTime, NavWindow, NavLastValidSelectionUserData, NavWindowingTarget, NavWindowingTargetAnim, NavWindowingListWindow, CurrentTable, CurrentTabBar, CurrentMultiSelect, TooltipPreviousWindow, DemoMarkerCallback, LogWindow, LogFile, LogNextPrefix, LogNextSuffix, ErrorCallback, ErrorCallbackUserData, StackSizesInBeginForCurrentWindow, FontAtlases, InputEventsQueue, InputEventsTrail, Windows, WindowsFocusOrder, WindowsTempSortBuffer, CurrentWindowStack, WindowsById, ColorStack, StyleVarStack, FontStack, FocusScopeStack, ItemFlagsStack, GroupStack, OpenPopupStack, BeginPopupStack, TreeNodeStack, Viewports, NavFocusRoute, DragDropPayloadBufHeap, ClipperTempData, TablesTempData, TablesLastTimeActive, DrawChannelsTempMergeBuffer, CurrentTabBarStack, ShrinkWidthBuffer, MultiSelectTempData, ClipboardHandlerData, MenusIdSubmittedThisFrame, UserTextures, SettingsIniData, SettingsHandlers, SettingsWindows, SettingsTables, Hooks, LogBuffer, DebugLogBuf, TempBuffer, InputTextLineIndex, InputTextDeactivatedState, DebugLogIndex, Tables, TabBars, MultiSelectStorage, NextItemData, NavInitResult, NavMoveResultLocal, NavMoveResultLocalVisible, NavMoveResultOther, NavTabbingResultFirst, DebugItemPathQuery, DragDropPayload, LocalizationTable, PlatformIO, BoxSelectState, InputTextPasswordFontBackupBaked, TypingSelectState, NextWindowData, InputTextState, KeysRoutingTable, DrawListSharedData, IO, FrameCount, FrameCountEnded, FrameCountRendered, FontSize, FontSizeBase, FontBakedScale, FontRasterizerDensity, CurrentDpiScale, WithinEndChildID, InputEventsNextMouseSource, InputEventsNextEventId, WindowsActiveCount, WindowsBorderHoverPadding, DebugBreakInWindow, WheelingWindowStartFrame, WheelingWindowScrolledFrame, WheelingWindowReleaseTimer, DebugDrawIdConflictsId, DebugHookIdInfoId, HoveredId, HoveredIdPreviousFrame, HoveredIdPreviousFrameItemCount, HoveredIdTimer, HoveredIdNotActiveTimer, ActiveId, ActiveIdIsAlive, ActiveIdTimer, ActiveIdDisabledId, ActiveIdSource, ActiveIdPreviousFrame, LastActiveId, LastActiveIdTimer, ActiveIdUsingNavDirMask, DebugBreakInShortcutRouting, CurrentFocusScopeId, CurrentItemFlags, DebugLocateId, DebugFlashStyleColorIdx, NavId, NavFocusScopeId, NavLayer, NavIdItemFlags, NavActivateId, NavActivateDownId, NavActivatePressedId, NavActivateFlags, NavHighlightActivatedId, NavHighlightActivatedTimer, NavOpenContextMenuItemId, NavOpenContextMenuWindowId, NavNextActivateId, NavNextActivateFlags, NavInputSource, NavMoveFlags, NavMoveScrollFlags, NavMoveKeyMods, NavMoveDir, NavMoveDirForDebug, NavMoveClipDir, NavScoringDebugCount, NavTabbingDir, NavTabbingCounter, NavJustMovedFromFocusScopeId, NavJustMovedToId, NavJustMovedToFocusScopeId, NavJustMovedToKeyMods, ConfigNavWindowingKeyNext, ConfigNavWindowingKeyPrev, NavWindowingTimer, NavWindowingHighlightAlpha, NavWindowingInputSource, NavWindowingToggleKey, DimBgRatio, DragDropSourceFlags, DragDropSourceFrameCount, DragDropMouseButton, DragDropTargetId, DragDropTargetFullViewport, DragDropAcceptFlagsCurr, DragDropAcceptFlagsPrev, DragDropAcceptIdCurrRectSurface, DragDropAcceptIdCurr, DragDropAcceptIdPrev, DragDropAcceptFrameCount, DragDropHoldJustPressedId, ClipperTempDataStacked, DebugBreakInTable, TablesTempDataStacked, MultiSelectTempDataStacked, HoverItemDelayId, HoverItemDelayIdPreviousFrame, HoverItemDelayTimer, HoverItemDelayClearTimer, HoverItemUnlockedStationaryId, HoverWindowUnlockedStationaryId, MouseCursor, MouseStationaryTimer, InputTextPasswordFontBackupFlags, InputTextReactivateId, TempInputId, BeginMenuDepth, BeginComboDepth, ColorEditOptions, ColorEditCurrentID, ColorEditSavedID, ColorEditSavedHue, ColorEditSavedSat, ColorEditSavedColor, ScrollbarClickDeltaToGrabCenter, SliderGrabClickOffset, SliderCurrentAccum, DragCurrentAccum, DragSpeedDefaultRatio, DisabledAlphaBackup, SettingsDirtyTimer, HookIdNext, LogFlags, LogLinePosY, LogDepthRef, LogDepthToExpand, LogDepthToExpandDefault, ErrorCountCurrentFrame, DebugDrawIdConflictsCount, DebugLogFlags, DebugLogSkippedErrors, DebugLogAutoDisableFlags, DebugBreakKeyChord, DebugItemPickerBreakId, DebugFlashStyleColorTime, FramerateSecPerFrameIdx, FramerateSecPerFrameCount, FramerateSecPerFrameAccum, WantCaptureMouseNextFrame, WantCaptureKeyboardNextFrame, WantTextInputNextFrame, WheelingWindowRefMousePos, WheelingWindowWheelRemainder, WheelingAxisAvg, ActiveIdClickOffset, NavWindowingAccumDeltaPos, NavWindowingAccumDeltaSize, MouseLastValidPos, ErrorTooltipLockedPos, DeactivatedItemData, DebugIDStackTool, NavScoringRect, NavScoringNoClipRect, DragDropTargetRect, DragDropTargetClipRect, ColorPickerRef, WindowResizeBorderExpectedRect, DebugFlashStyleColorBackup, KeysMayBeCharInput, PlatformImeData, PlatformImeDataPrev, DebugMetricsConfig, ComboPreviewData, DebugAllocInfo, LastItemData, FramerateSecPerFrame, Style, KeysOwnerData, ScrollbarSeekMode, DisabledStackSize, TooltipOverrideCount, StackSizesInNewFrame, Initialized, WithinFrameScope, WithinFrameScopeWithImplicitWindow, TestEngineHookItems, HoveredIdAllowOverlap, HoveredIdIsDisabled, ItemUnclipByLog, ActiveIdIsJustActivated, ActiveIdAllowOverlap, ActiveIdNoClearOnFocusLoss, ActiveIdHasBeenPressedBefore, ActiveIdHasBeenEditedBefore, ActiveIdHasBeenEditedThisFrame, ActiveIdFromShortcut, ActiveIdMouseButton, ActiveIdUsingAllKeyboardKeys, DebugShowGroupRects, GcCompactAll, NavCursorVisible, NavHighlightItemUnderNav, NavMousePosDirty, NavIdIsAlive, NavCursorHideFrames, NavAnyRequest, NavInitRequest, NavInitRequestFromMove, NavMoveSubmitted, NavMoveScoringItems, NavMoveForwardToNextFrame, NavJustMovedToIsTabbing, NavJustMovedToHasSelectionData, ConfigNavEnableTabbing, ConfigNavWindowingWithGamepad, NavWindowingToggleLayer, DragDropActive, DragDropWithinSource, DragDropWithinTarget, WindowResizeRelativeMode, SliderCurrentAccumDirty, DragCurrentAccumDirty, SettingsLoaded, LogEnabled, LogLineFirstItem, ErrorFirst, DebugLogAutoDisableFrames, DebugLocateFrames, DebugBreakInLocateId, DebugBeginReturnValueCullDepth, DebugItemPickerActive, DebugItemPickerMouseButton, ActiveIdValueOnActivation, DataTypeZeroValue, ContextName, DragDropPayloadBufLocal, TempKeychordName, consider reordering the fields or adding explicit padding members [clang-analyzer-optin.performance.Padding]
 2192 | struct ImGuiContext
      | ~~~~~~~^~~~~~~~~~~~
 2193 | {
      | ~
 2194 |     bool                    Initialized;
      |     ~~~~~~~~~~~~~~~~~~~~~~~~~~~~~~~~~~~~
 2195 |     bool                    WithinFrameScope;                   // Set by NewFrame(), cleared by EndFrame()
      |     ~~~~~~~~~~~~~~~~~~~~~~~~~~~~~~~~~~~~~~~~~~~~~~~~~~~~~~~~~~~~~~~~~~~~~~~~~~~~~~~~~~~~~~~~~~~~~~~~~~~~~~~
 2196 |     bool                    WithinFrameScopeWithImplicitWindow; // Set by NewFrame(), cleared by EndFrame() when the implicit debug window has been pushed
      |     ~~~~~~~~~~~~~~~~~~~~~~~~~~~~~~~~~~~~~~~~~~~~~~~~~~~~~~~~~~~~~~~~~~~~~~~~~~~~~~~~~~~~~~~~~~~~~~~~~~~~~~~~~~~~~~~~~~~~~~~~~~~~~~~~~~~~~~~~~~~~~~~~~~~~~~
 2197 |     bool                    TestEngineHookItems;                // Will call test engine hooks: ImGuiTestEngineHook_ItemAdd(), ImGuiTestEngineHook_ItemInfo(), ImGuiTestEngineHook_Log()
      |     ~~~~~~~~~~~~~~~~~~~~~~~~~~~~~~~~~~~~~~~~~~~~~~~~~~~~~~~~~~~~~~~~~~~~~~~~~~~~~~~~~~~~~~~~~~~~~~~~~~~~~~~~~~~~~~~~~~~~~~~~~~~~~~~~~~~~~~~~~~~~~~~~~~~~~~~~~~~~~~~~~~~~~~~~~~~~~~~~~~~~
 2198 |     int                     FrameCount;
      |     ~~~~~~~~~~~~~~~~~~~~~~~~~~~~~~~~~~~
 2199 |     int                     FrameCountEnded;
      |     ~~~~~~~~~~~~~~~~~~~~~~~~~~~~~~~~~~~~~~~~
 2200 |     int                     FrameCountRendered;
      |     ~~~~~~~~~~~~~~~~~~~~~~~~~~~~~~~~~~~~~~~~~~~
 2201 |     double                  Time;
      |     ~~~~~~~~~~~~~~~~~~~~~~~~~~~~~
 2202 |     char                    ContextName[16];                    // Storage for a context name (to facilitate debugging multi-context setups)
      |     ~~~~~~~~~~~~~~~~~~~~~~~~~~~~~~~~~~~~~~~~~~~~~~~~~~~~~~~~~~~~~~~~~~~~~~~~~~~~~~~~~~~~~~~~~~~~~~~~~~~~~~~~~~~~~~~~~~~~~~~~~~~~~~~~~~~~~~~~
 2203 |     ImGuiIO                 IO;
      |     ~~~~~~~~~~~~~~~~~~~~~~~~~~~
 2204 |     ImGuiPlatformIO         PlatformIO;
      |     ~~~~~~~~~~~~~~~~~~~~~~~~~~~~~~~~~~~
 2205 |     ImGuiStyle              Style;
      |     ~~~~~~~~~~~~~~~~~~~~~~~~~~~~~~
 2206 |     ImVector<ImFontAtlas*>  FontAtlases;                        // List of font atlases used by the context (generally only contains g.IO.Fonts aka the main font atlas)
      |     ~~~~~~~~~~~~~~~~~~~~~~~~~~~~~~~~~~~~~~~~~~~~~~~~~~~~~~~~~~~~~~~~~~~~~~~~~~~~~~~~~~~~~~~~~~~~~~~~~~~~~~~~~~~~~~~~~~~~~~~~~~~~~~~~~~~~~~~~~~~~~~~~~~~~~~~~~~~~~~~~~~~~
 2207 |     ImFont*                 Font;                               // Currently bound font. (== FontStack.back().Font)
      |     ~~~~~~~~~~~~~~~~~~~~~~~~~~~~~~~~~~~~~~~~~~~~~~~~~~~~~~~~~~~~~~~~~~~~~~~~~~~~~~~~~~~~~~~~~~~~~~~~~~~~~~~~~~~~~~~
C:\Users\Administrator\source\repos\xtlua-Tu-154\XTLua\src\imgui\imgui_internal.h:2192:8: note: Excessive padding in 'struct ImGuiContext' (78 padding bytes, where 6 is optimal). Optimal fields order: Time, Font, FontBaked, TestEngine, CurrentWindow, HoveredWindow, HoveredWindowUnderMovingWindow, HoveredWindowBeforeClear, MovingWindow, WheelingWindow, ActiveIdWindow, LastKeyModsChangeTime, LastKeyModsChangeFromNoneTime, LastKeyboardKeyPressTime, NavWindow, NavLastValidSelectionUserData, NavWindowingTarget, NavWindowingTargetAnim, NavWindowingListWindow, CurrentTable, CurrentTabBar, CurrentMultiSelect, TooltipPreviousWindow, DemoMarkerCallback, LogWindow, LogFile, LogNextPrefix, LogNextSuffix, ErrorCallback, ErrorCallbackUserData, StackSizesInBeginForCurrentWindow, FontAtlases, InputEventsQueue, InputEventsTrail, Windows, WindowsFocusOrder, WindowsTempSortBuffer, CurrentWindowStack, WindowsById, ColorStack, StyleVarStack, FontStack, FocusScopeStack, ItemFlagsStack, GroupStack, OpenPopupStack, BeginPopupStack, TreeNodeStack, Viewports, NavFocusRoute, DragDropPayloadBufHeap, ClipperTempData, TablesTempData, TablesLastTimeActive, DrawChannelsTempMergeBuffer, CurrentTabBarStack, ShrinkWidthBuffer, MultiSelectTempData, ClipboardHandlerData, MenusIdSubmittedThisFrame, UserTextures, SettingsIniData, SettingsHandlers, SettingsWindows, SettingsTables, Hooks, LogBuffer, DebugLogBuf, TempBuffer, InputTextLineIndex, InputTextDeactivatedState, DebugLogIndex, Tables, TabBars, MultiSelectStorage, NextItemData, NavInitResult, NavMoveResultLocal, NavMoveResultLocalVisible, NavMoveResultOther, NavTabbingResultFirst, DebugItemPathQuery, DragDropPayload, LocalizationTable, PlatformIO, BoxSelectState, InputTextPasswordFontBackupBaked, TypingSelectState, NextWindowData, InputTextState, KeysRoutingTable, DrawListSharedData, IO, FrameCount, FrameCountEnded, FrameCountRendered, FontSize, FontSizeBase, FontBakedScale, FontRasterizerDensity, CurrentDpiScale, WithinEndChildID, InputEventsNextMouseSource, InputEventsNextEventId, WindowsActiveCount, WindowsBorderHoverPadding, DebugBreakInWindow, WheelingWindowStartFrame, WheelingWindowScrolledFrame, WheelingWindowReleaseTimer, DebugDrawIdConflictsId, DebugHookIdInfoId, HoveredId, HoveredIdPreviousFrame, HoveredIdPreviousFrameItemCount, HoveredIdTimer, HoveredIdNotActiveTimer, ActiveId, ActiveIdIsAlive, ActiveIdTimer, ActiveIdDisabledId, ActiveIdSource, ActiveIdPreviousFrame, LastActiveId, LastActiveIdTimer, ActiveIdUsingNavDirMask, DebugBreakInShortcutRouting, CurrentFocusScopeId, CurrentItemFlags, DebugLocateId, DebugFlashStyleColorIdx, NavId, NavFocusScopeId, NavLayer, NavIdItemFlags, NavActivateId, NavActivateDownId, NavActivatePressedId, NavActivateFlags, NavHighlightActivatedId, NavHighlightActivatedTimer, NavOpenContextMenuItemId, NavOpenContextMenuWindowId, NavNextActivateId, NavNextActivateFlags, NavInputSource, NavMoveFlags, NavMoveScrollFlags, NavMoveKeyMods, NavMoveDir, NavMoveDirForDebug, NavMoveClipDir, NavScoringDebugCount, NavTabbingDir, NavTabbingCounter, NavJustMovedFromFocusScopeId, NavJustMovedToId, NavJustMovedToFocusScopeId, NavJustMovedToKeyMods, ConfigNavWindowingKeyNext, ConfigNavWindowingKeyPrev, NavWindowingTimer, NavWindowingHighlightAlpha, NavWindowingInputSource, NavWindowingToggleKey, DimBgRatio, DragDropSourceFlags, DragDropSourceFrameCount, DragDropMouseButton, DragDropTargetId, DragDropTargetFullViewport, DragDropAcceptFlagsCurr, DragDropAcceptFlagsPrev, DragDropAcceptIdCurrRectSurface, DragDropAcceptIdCurr, DragDropAcceptIdPrev, DragDropAcceptFrameCount, DragDropHoldJustPressedId, ClipperTempDataStacked, DebugBreakInTable, TablesTempDataStacked, MultiSelectTempDataStacked, HoverItemDelayId, HoverItemDelayIdPreviousFrame, HoverItemDelayTimer, HoverItemDelayClearTimer, HoverItemUnlockedStationaryId, HoverWindowUnlockedStationaryId, MouseCursor, MouseStationaryTimer, InputTextPasswordFontBackupFlags, InputTextReactivateId, TempInputId, BeginMenuDepth, BeginComboDepth, ColorEditOptions, ColorEditCurrentID, ColorEditSavedID, ColorEditSavedHue, ColorEditSavedSat, ColorEditSavedColor, ScrollbarClickDeltaToGrabCenter, SliderGrabClickOffset, SliderCurrentAccum, DragCurrentAccum, DragSpeedDefaultRatio, DisabledAlphaBackup, SettingsDirtyTimer, HookIdNext, LogFlags, LogLinePosY, LogDepthRef, LogDepthToExpand, LogDepthToExpandDefault, ErrorCountCurrentFrame, DebugDrawIdConflictsCount, DebugLogFlags, DebugLogSkippedErrors, DebugLogAutoDisableFlags, DebugBreakKeyChord, DebugItemPickerBreakId, DebugFlashStyleColorTime, FramerateSecPerFrameIdx, FramerateSecPerFrameCount, FramerateSecPerFrameAccum, WantCaptureMouseNextFrame, WantCaptureKeyboardNextFrame, WantTextInputNextFrame, WheelingWindowRefMousePos, WheelingWindowWheelRemainder, WheelingAxisAvg, ActiveIdClickOffset, NavWindowingAccumDeltaPos, NavWindowingAccumDeltaSize, MouseLastValidPos, ErrorTooltipLockedPos, DeactivatedItemData, DebugIDStackTool, NavScoringRect, NavScoringNoClipRect, DragDropTargetRect, DragDropTargetClipRect, ColorPickerRef, WindowResizeBorderExpectedRect, DebugFlashStyleColorBackup, KeysMayBeCharInput, PlatformImeData, PlatformImeDataPrev, DebugMetricsConfig, ComboPreviewData, DebugAllocInfo, LastItemData, FramerateSecPerFrame, Style, KeysOwnerData, ScrollbarSeekMode, DisabledStackSize, TooltipOverrideCount, StackSizesInNewFrame, Initialized, WithinFrameScope, WithinFrameScopeWithImplicitWindow, TestEngineHookItems, HoveredIdAllowOverlap, HoveredIdIsDisabled, ItemUnclipByLog, ActiveIdIsJustActivated, ActiveIdAllowOverlap, ActiveIdNoClearOnFocusLoss, ActiveIdHasBeenPressedBefore, ActiveIdHasBeenEditedBefore, ActiveIdHasBeenEditedThisFrame, ActiveIdFromShortcut, ActiveIdMouseButton, ActiveIdUsingAllKeyboardKeys, DebugShowGroupRects, GcCompactAll, NavCursorVisible, NavHighlightItemUnderNav, NavMousePosDirty, NavIdIsAlive, NavCursorHideFrames, NavAnyRequest, NavInitRequest, NavInitRequestFromMove, NavMoveSubmitted, NavMoveScoringItems, NavMoveForwardToNextFrame, NavJustMovedToIsTabbing, NavJustMovedToHasSelectionData, ConfigNavEnableTabbing, ConfigNavWindowingWithGamepad, NavWindowingToggleLayer, DragDropActive, DragDropWithinSource, DragDropWithinTarget, WindowResizeRelativeMode, SliderCurrentAccumDirty, DragCurrentAccumDirty, SettingsLoaded, LogEnabled, LogLineFirstItem, ErrorFirst, DebugLogAutoDisableFrames, DebugLocateFrames, DebugBreakInLocateId, DebugBeginReturnValueCullDepth, DebugItemPickerActive, DebugItemPickerMouseButton, ActiveIdValueOnActivation, DataTypeZeroValue, ContextName, DragDropPayloadBufLocal, TempKeychordName, consider reordering the fields or adding explicit padding members
 2192 | struct ImGuiContext
      | ~~~~~~~^~~~~~~~~~~~
 2193 | {
      | ~
 2194 |     bool                    Initialized;
      |     ~~~~~~~~~~~~~~~~~~~~~~~~~~~~~~~~~~~~
 2195 |     bool                    WithinFrameScope;                   // Set by NewFrame(), cleared by EndFrame()
      |     ~~~~~~~~~~~~~~~~~~~~~~~~~~~~~~~~~~~~~~~~~~~~~~~~~~~~~~~~~~~~~~~~~~~~~~~~~~~~~~~~~~~~~~~~~~~~~~~~~~~~~~~
 2196 |     bool                    WithinFrameScopeWithImplicitWindow; // Set by NewFrame(), cleared by EndFrame() when the implicit debug window has been pushed
      |     ~~~~~~~~~~~~~~~~~~~~~~~~~~~~~~~~~~~~~~~~~~~~~~~~~~~~~~~~~~~~~~~~~~~~~~~~~~~~~~~~~~~~~~~~~~~~~~~~~~~~~~~~~~~~~~~~~~~~~~~~~~~~~~~~~~~~~~~~~~~~~~~~~~~~~~
 2197 |     bool                    TestEngineHookItems;                // Will call test engine hooks: ImGuiTestEngineHook_ItemAdd(), ImGuiTestEngineHook_ItemInfo(), ImGuiTestEngineHook_Log()
      |     ~~~~~~~~~~~~~~~~~~~~~~~~~~~~~~~~~~~~~~~~~~~~~~~~~~~~~~~~~~~~~~~~~~~~~~~~~~~~~~~~~~~~~~~~~~~~~~~~~~~~~~~~~~~~~~~~~~~~~~~~~~~~~~~~~~~~~~~~~~~~~~~~~~~~~~~~~~~~~~~~~~~~~~~~~~~~~~~~~~~~
 2198 |     int                     FrameCount;
      |     ~~~~~~~~~~~~~~~~~~~~~~~~~~~~~~~~~~~
 2199 |     int                     FrameCountEnded;
      |     ~~~~~~~~~~~~~~~~~~~~~~~~~~~~~~~~~~~~~~~~
 2200 |     int                     FrameCountRendered;
      |     ~~~~~~~~~~~~~~~~~~~~~~~~~~~~~~~~~~~~~~~~~~~
 2201 |     double                  Time;
      |     ~~~~~~~~~~~~~~~~~~~~~~~~~~~~~
 2202 |     char                    ContextName[16];                    // Storage for a context name (to facilitate debugging multi-context setups)
      |     ~~~~~~~~~~~~~~~~~~~~~~~~~~~~~~~~~~~~~~~~~~~~~~~~~~~~~~~~~~~~~~~~~~~~~~~~~~~~~~~~~~~~~~~~~~~~~~~~~~~~~~~~~~~~~~~~~~~~~~~~~~~~~~~~~~~~~~~~
 2203 |     ImGuiIO                 IO;
      |     ~~~~~~~~~~~~~~~~~~~~~~~~~~~
 2204 |     ImGuiPlatformIO         PlatformIO;
      |     ~~~~~~~~~~~~~~~~~~~~~~~~~~~~~~~~~~~
 2205 |     ImGuiStyle              Style;
      |     ~~~~~~~~~~~~~~~~~~~~~~~~~~~~~~
 2206 |     ImVector<ImFontAtlas*>  FontAtlases;                        // List of font atlases used by the context (generally only contains g.IO.Fonts aka the main font atlas)
      |     ~~~~~~~~~~~~~~~~~~~~~~~~~~~~~~~~~~~~~~~~~~~~~~~~~~~~~~~~~~~~~~~~~~~~~~~~~~~~~~~~~~~~~~~~~~~~~~~~~~~~~~~~~~~~~~~~~~~~~~~~~~~~~~~~~~~~~~~~~~~~~~~~~~~~~~~~~~~~~~~~~~~~
 2207 |     ImFont*                 Font;                               // Currently bound font. (== FontStack.back().Font)
      |     ~~~~~~~~~~~~~~~~~~~~~~~~~~~~~~~~~~~~~~~~~~~~~~~~~~~~~~~~~~~~~~~~~~~~~~~~~~~~~~~~~~~~~~~~~~~~~~~~~~~~~~~~~~~~~~~
C:\Users\Administrator\source\repos\xtlua-Tu-154\XTLua\src\imgui\imgui_demo.cpp:3638:13: warning: Variable 'scaling' with floating point type 'float' should not be used as a loop counter [clang-analyzer-security.FloatLoopCounter]
 3638 |             for (float scaling = 0.5f; scaling <= 4.0f; scaling += 0.5f)
      |             ^                          ~~~~~~~          ~~~~~~~
C:\Users\Administrator\source\repos\xtlua-Tu-154\XTLua\src\imgui\imgui_demo.cpp:3638:13: note: Variable 'scaling' with floating point type 'float' should not be used as a loop counter
 3638 |             for (float scaling = 0.5f; scaling <= 4.0f; scaling += 0.5f)
      |             ^                          ~~~~~~~          ~~~~~~~
C:\Users\Administrator\source\repos\xtlua-Tu-154\XTLua\src\imgui\imgui_demo.cpp:9074:13: warning: Call to function 'strcpy' is insecure as it does not provide bounding of the memory buffer. Replace unbounded copy functions with analogous functions that support length arguments such as 'strlcpy'. CWE-119 [clang-analyzer-security.insecureAPI.strcpy]
 9074 |             strcpy(s, "");
      |             ^~~~~~
C:\Users\Administrator\source\repos\xtlua-Tu-154\XTLua\src\imgui\imgui_demo.cpp:9074:13: note: Call to function 'strcpy' is insecure as it does not provide bounding of the memory buffer. Replace unbounded copy functions with analogous functions that support length arguments such as 'strlcpy'. CWE-119
 9074 |             strcpy(s, "");
      |             ^~~~~~
C:\Users\Administrator\source\repos\xtlua-Tu-154\XTLua\src\imgui\imgui_demo.cpp:10188:13: warning: Value stored to 'x' is never read [clang-analyzer-deadcode.DeadStores]
 10188 |             x += sz + spacing;
       |             ^    ~~~~~~~~~~~~
C:\Users\Administrator\source\repos\xtlua-Tu-154\XTLua\src\imgui\imgui_demo.cpp:10188:13: note: Value stored to 'x' is never read
 10188 |             x += sz + spacing;
       |             ^    ~~~~~~~~~~~~
C:\Users\Administrator\source\repos\xtlua-Tu-154\XTLua\src\imgui\imgui_demo.cpp:10281:17: warning: Variable 'x' with floating point type 'float' should not be used as a loop counter [clang-analyzer-security.FloatLoopCounter]
 10281 |                 for (float x = fmodf(scrolling.x, GRID_STEP); x < canvas_sz.x; x += GRID_STEP)
       |                 ^                                             ~                ~
C:\Users\Administrator\source\repos\xtlua-Tu-154\XTLua\src\imgui\imgui_demo.cpp:10281:17: note: Variable 'x' with floating point type 'float' should not be used as a loop counter
 10281 |                 for (float x = fmodf(scrolling.x, GRID_STEP); x < canvas_sz.x; x += GRID_STEP)
       |                 ^                                             ~                ~
C:\Users\Administrator\source\repos\xtlua-Tu-154\XTLua\src\imgui\imgui_demo.cpp:10283:17: warning: Variable 'y' with floating point type 'float' should not be used as a loop counter [clang-analyzer-security.FloatLoopCounter]
 10283 |                 for (float y = fmodf(scrolling.y, GRID_STEP); y < canvas_sz.y; y += GRID_STEP)
       |                 ^                                             ~                ~
C:\Users\Administrator\source\repos\xtlua-Tu-154\XTLua\src\imgui\imgui_demo.cpp:10283:17: note: Variable 'y' with floating point type 'float' should not be used as a loop counter
 10283 |                 for (float y = fmodf(scrolling.y, GRID_STEP); y < canvas_sz.y; y += GRID_STEP)
       |                 ^                                             ~                ~
C:\Users\Administrator\source\repos\xtlua-Tu-154\XTLua\src\imgui\imgui_demo.cpp:10814:29: warning: Dereference of null pointer (loaded from variable 'p_open') [clang-analyzer-core.NullDereference]
 10814 |                     *p_open = false;
       |                      ~~~~~~ ^
C:\Users\Administrator\source\repos\xtlua-Tu-154\XTLua\src\imgui\imgui_demo.cpp:10796:13: note: Assuming the condition is false
 10796 |         if (!ImGui::Begin(title, p_open, ImGuiWindowFlags_MenuBar))
       |             ^~~~~~~~~~~~~~~~~~~~~~~~~~~~~~~~~~~~~~~~~~~~~~~~~~~~~~
C:\Users\Administrator\source\repos\xtlua-Tu-154\XTLua\src\imgui\imgui_demo.cpp:10796:9: note: Taking false branch
 10796 |         if (!ImGui::Begin(title, p_open, ImGuiWindowFlags_MenuBar))
       |         ^
C:\Users\Administrator\source\repos\xtlua-Tu-154\XTLua\src\imgui\imgui_demo.cpp:10801:9: note: Loop condition is false.  Exiting loop
 10801 |         IMGUI_DEMO_MARKER("Examples/Assets Browser");
       |         ^
C:\Users\Administrator\source\repos\xtlua-Tu-154\XTLua\src\imgui\imgui_demo.cpp:288:37: note: expanded from macro 'IMGUI_DEMO_MARKER'
  288 | #define IMGUI_DEMO_MARKER(section)  do { ImGui::DemoMarker("imgui_demo.cpp", __LINE__, section); } while (0)
      |                                     ^
C:\Users\Administrator\source\repos\xtlua-Tu-154\XTLua\src\imgui\imgui_demo.cpp:10804:13: note: Assuming the condition is true
 10804 |         if (ImGui::BeginMenuBar())
       |             ^~~~~~~~~~~~~~~~~~~~~
C:\Users\Administrator\source\repos\xtlua-Tu-154\XTLua\src\imgui\imgui_demo.cpp:10804:9: note: Taking true branch
 10804 |         if (ImGui::BeginMenuBar())
       |         ^
C:\Users\Administrator\source\repos\xtlua-Tu-154\XTLua\src\imgui\imgui_demo.cpp:10806:17: note: Assuming the condition is true
 10806 |             if (ImGui::BeginMenu("File"))
       |                 ^~~~~~~~~~~~~~~~~~~~~~~~
C:\Users\Administrator\source\repos\xtlua-Tu-154\XTLua\src\imgui\imgui_demo.cpp:10806:13: note: Taking true branch
 10806 |             if (ImGui::BeginMenu("File"))
       |             ^
C:\Users\Administrator\source\repos\xtlua-Tu-154\XTLua\src\imgui\imgui_demo.cpp:10808:21: note: Assuming the condition is false
 10808 |                 if (ImGui::MenuItem("Add 10000 items"))
       |                     ^~~~~~~~~~~~~~~~~~~~~~~~~~~~~~~~~~
C:\Users\Administrator\source\repos\xtlua-Tu-154\XTLua\src\imgui\imgui_demo.cpp:10808:17: note: Taking false branch
 10808 |                 if (ImGui::MenuItem("Add 10000 items"))
       |                 ^
C:\Users\Administrator\source\repos\xtlua-Tu-154\XTLua\src\imgui\imgui_demo.cpp:10810:21: note: Assuming the condition is false
 10810 |                 if (ImGui::MenuItem("Clear items"))
       |                     ^~~~~~~~~~~~~~~~~~~~~~~~~~~~~~
C:\Users\Administrator\source\repos\xtlua-Tu-154\XTLua\src\imgui\imgui_demo.cpp:10810:17: note: Taking false branch
 10810 |                 if (ImGui::MenuItem("Clear items"))
       |                 ^
C:\Users\Administrator\source\repos\xtlua-Tu-154\XTLua\src\imgui\imgui_demo.cpp:10813:59: note: Assuming 'p_open' is equal to NULL
 10813 |                 if (ImGui::MenuItem("Close", NULL, false, p_open != NULL))
       |                                                           ^~~~~~~~~~~~~~
C:\Users\Administrator\source\repos\xtlua-Tu-154\XTLua\src\imgui\imgui_demo.cpp:10813:21: note: Assuming the condition is true
 10813 |                 if (ImGui::MenuItem("Close", NULL, false, p_open != NULL))
       |                     ^~~~~~~~~~~~~~~~~~~~~~~~~~~~~~~~~~~~~~~~~~~~~~~~~~~~~
C:\Users\Administrator\source\repos\xtlua-Tu-154\XTLua\src\imgui\imgui_demo.cpp:10813:17: note: Taking true branch
 10813 |                 if (ImGui::MenuItem("Close", NULL, false, p_open != NULL))
       |                 ^
C:\Users\Administrator\source\repos\xtlua-Tu-154\XTLua\src\imgui\imgui_demo.cpp:10814:29: note: Dereference of null pointer (loaded from variable 'p_open')
 10814 |                     *p_open = false;
       |                      ~~~~~~ ^
C:\Users\Administrator\source\repos\xtlua-Tu-154\XTLua\src\imgui\imgui_draw.cpp:1734:5: warning: Called C++ object pointer is null [clang-analyzer-core.CallAndMessage]
 1734 |     font->RenderText(this, font_size, pos, col, clip_rect, text_begin, text_end, wrap_width, (cpu_fine_clip_rect != NULL) ? ImDrawTextFlags_CpuFineClip : ImDrawTextFlags_None);
      |     ^
C:\Users\Administrator\source\repos\xtlua-Tu-154\XTLua\src\imgui\imgui_draw.cpp:1739:5: note: Calling 'ImDrawList::AddText'
 1739 |     AddText(_Data->Font, _Data->FontSize, pos, col, text_begin, text_end);
      |     ^~~~~~~~~~~~~~~~~~~~~~~~~~~~~~~~~~~~~~~~~~~~~~~~~~~~~~~~~~~~~~~~~~~~~
C:\Users\Administrator\source\repos\xtlua-Tu-154\XTLua\src\imgui\imgui_draw.cpp:1712:9: note: Assuming the condition is false
 1712 |     if ((col & IM_COL32_A_MASK) == 0)
      |         ^~~~~~~~~~~~~~~~~~~~~~~~~~~~
C:\Users\Administrator\source\repos\xtlua-Tu-154\XTLua\src\imgui\imgui_draw.cpp:1712:5: note: Taking false branch
 1712 |     if ((col & IM_COL32_A_MASK) == 0)
      |     ^
C:\Users\Administrator\source\repos\xtlua-Tu-154\XTLua\src\imgui\imgui_draw.cpp:1716:9: note: Assuming 'text_begin' is not equal to 'text_end'
 1716 |     if (text_begin == text_end || text_begin[0] == 0)
      |         ^~~~~~~~~~~~~~~~~~~~~~
C:\Users\Administrator\source\repos\xtlua-Tu-154\XTLua\src\imgui\imgui_draw.cpp:1716:9: note: Left side of '||' is false
C:\Users\Administrator\source\repos\xtlua-Tu-154\XTLua\src\imgui\imgui_draw.cpp:1716:35: note: Assuming the condition is false
 1716 |     if (text_begin == text_end || text_begin[0] == 0)
      |                                   ^~~~~~~~~~~~~~~~~~
C:\Users\Administrator\source\repos\xtlua-Tu-154\XTLua\src\imgui\imgui_draw.cpp:1716:5: note: Taking false branch
 1716 |     if (text_begin == text_end || text_begin[0] == 0)
      |     ^
C:\Users\Administrator\source\repos\xtlua-Tu-154\XTLua\src\imgui\imgui_draw.cpp:1721:9: note: Assuming pointer value is null
 1721 |     if (font == NULL)
      |         ^~~~~~~~~~~~
C:\Users\Administrator\source\repos\xtlua-Tu-154\XTLua\src\imgui\imgui_draw.cpp:1721:9: note: Assuming 'font' is equal to NULL
 1721 |     if (font == NULL)
      |         ^~~~~~~~~~~~
C:\Users\Administrator\source\repos\xtlua-Tu-154\XTLua\src\imgui\imgui_draw.cpp:1721:5: note: Taking true branch
 1721 |     if (font == NULL)
      |     ^
C:\Users\Administrator\source\repos\xtlua-Tu-154\XTLua\src\imgui\imgui_draw.cpp:1722:9: note: Null pointer value stored to 'font'
 1722 |         font = _Data->Font;
      |         ^~~~~~~~~~~~~~~~~~
C:\Users\Administrator\source\repos\xtlua-Tu-154\XTLua\src\imgui\imgui_draw.cpp:1723:9: note: Assuming the condition is false
 1723 |     if (font_size == 0.0f)
      |         ^~~~~~~~~~~~~~~~~
C:\Users\Administrator\source\repos\xtlua-Tu-154\XTLua\src\imgui\imgui_draw.cpp:1723:5: note: Taking false branch
 1723 |     if (font_size == 0.0f)
      |     ^
C:\Users\Administrator\source\repos\xtlua-Tu-154\XTLua\src\imgui\imgui_draw.cpp:1727:9: note: 'cpu_fine_clip_rect' is null
 1727 |     if (cpu_fine_clip_rect)
      |         ^~~~~~~~~~~~~~~~~~
C:\Users\Administrator\source\repos\xtlua-Tu-154\XTLua\src\imgui\imgui_draw.cpp:1727:5: note: Taking false branch
 1727 |     if (cpu_fine_clip_rect)
      |     ^
C:\Users\Administrator\source\repos\xtlua-Tu-154\XTLua\src\imgui\imgui_draw.cpp:1734:95: note: 'cpu_fine_clip_rect' is equal to NULL
 1734 |     font->RenderText(this, font_size, pos, col, clip_rect, text_begin, text_end, wrap_width, (cpu_fine_clip_rect != NULL) ? ImDrawTextFlags_CpuFineClip : ImDrawTextFlags_None);
      |                                                                                               ^~~~~~~~~~~~~~~~~~
C:\Users\Administrator\source\repos\xtlua-Tu-154\XTLua\src\imgui\imgui_draw.cpp:1734:94: note: '?' condition is false
 1734 |     font->RenderText(this, font_size, pos, col, clip_rect, text_begin, text_end, wrap_width, (cpu_fine_clip_rect != NULL) ? ImDrawTextFlags_CpuFineClip : ImDrawTextFlags_None);
      |                                                                                              ^
C:\Users\Administrator\source\repos\xtlua-Tu-154\XTLua\src\imgui\imgui_draw.cpp:1734:5: note: Called C++ object pointer is null
 1734 |     font->RenderText(this, font_size, pos, col, clip_rect, text_begin, text_end, wrap_width, (cpu_fine_clip_rect != NULL) ? ImDrawTextFlags_CpuFineClip : ImDrawTextFlags_None);
      |     ^~~~
C:\Users\Administrator\source\repos\xtlua-Tu-154\XTLua\src\imgui\imgui_draw.cpp:1956:25: warning: Value stored to 'temp' during its initialization is never read [clang-analyzer-deadcode.DeadStores]
 1956 |     ImTriangulatorNode* temp = _Nodes;
      |                         ^~~~   ~~~~~~
C:\Users\Administrator\source\repos\xtlua-Tu-154\XTLua\src\imgui\imgui_draw.cpp:1956:25: note: Value stored to 'temp' during its initialization is never read
 1956 |     ImTriangulatorNode* temp = _Nodes;
      |                         ^~~~   ~~~~~~
C:\Users\Administrator\source\repos\xtlua-Tu-154\XTLua\src\imgui\imgui_draw.cpp:6144:9: warning: Variable 'y' with floating point type 'float' should not be used as a loop counter [clang-analyzer-security.FloatLoopCounter]
 6144 |         for (float y = p_min.y + grid_off.y; y < p_max.y; y += grid_step, yi++)
      |         ^                                    ~            ~
C:\Users\Administrator\source\repos\xtlua-Tu-154\XTLua\src\imgui\imgui_draw.cpp:6144:9: note: Variable 'y' with floating point type 'float' should not be used as a loop counter
 6144 |         for (float y = p_min.y + grid_off.y; y < p_max.y; y += grid_step, yi++)
      |         ^                                    ~            ~
C:\Users\Administrator\source\repos\xtlua-Tu-154\XTLua\src\imgui\imgui_draw.cpp:6149:13: warning: Variable 'x' with floating point type 'float' should not be used as a loop counter [clang-analyzer-security.FloatLoopCounter]
 6149 |             for (float x = p_min.x + grid_off.x + (yi & 1) * grid_step; x < p_max.x; x += grid_step * 2.0f)
      |             ^                                                           ~            ~
C:\Users\Administrator\source\repos\xtlua-Tu-154\XTLua\src\imgui\imgui_draw.cpp:6149:13: note: Variable 'x' with floating point type 'float' should not be used as a loop counter
 6149 |             for (float x = p_min.x + grid_off.x + (yi & 1) * grid_step; x < p_max.x; x += grid_step * 2.0f)
      |             ^                                                           ~            ~
C:\Users\Administrator\source\repos\xtlua-Tu-154\XTLua\src\imgui\imgui_internal.h:401:91: warning: Although the value stored to 'c' is used in the enclosing expression, the value is never actually read from 'c' [clang-analyzer-deadcode.DeadStores]
  401 | inline char             ImToUpper(char c)               { return (c >= 'a' && c <= 'z') ? c &= ~32 : c; }
      |                                                                                           ^    ~~~
C:\Users\Administrator\source\repos\xtlua-Tu-154\XTLua\src\imgui\imgui_internal.h:401:91: note: Although the value stored to 'c' is used in the enclosing expression, the value is never actually read from 'c'
  401 | inline char             ImToUpper(char c)               { return (c >= 'a' && c <= 'z') ? c &= ~32 : c; }
      |                                                                                           ^    ~~~
C:\Users\Administrator\source\repos\xtlua-Tu-154\XTLua\src\imgui\imgui_internal.h:2192:8: warning: Excessive padding in 'struct ImGuiContext' (78 padding bytes, where 6 is optimal). Optimal fields order: Time, Font, FontBaked, TestEngine, CurrentWindow, HoveredWindow, HoveredWindowUnderMovingWindow, HoveredWindowBeforeClear, MovingWindow, WheelingWindow, ActiveIdWindow, LastKeyModsChangeTime, LastKeyModsChangeFromNoneTime, LastKeyboardKeyPressTime, NavWindow, NavLastValidSelectionUserData, NavWindowingTarget, NavWindowingTargetAnim, NavWindowingListWindow, CurrentTable, CurrentTabBar, CurrentMultiSelect, TooltipPreviousWindow, DemoMarkerCallback, LogWindow, LogFile, LogNextPrefix, LogNextSuffix, ErrorCallback, ErrorCallbackUserData, StackSizesInBeginForCurrentWindow, FontAtlases, InputEventsQueue, InputEventsTrail, Windows, WindowsFocusOrder, WindowsTempSortBuffer, CurrentWindowStack, WindowsById, ColorStack, StyleVarStack, FontStack, FocusScopeStack, ItemFlagsStack, GroupStack, OpenPopupStack, BeginPopupStack, TreeNodeStack, Viewports, NavFocusRoute, DragDropPayloadBufHeap, ClipperTempData, TablesTempData, TablesLastTimeActive, DrawChannelsTempMergeBuffer, CurrentTabBarStack, ShrinkWidthBuffer, MultiSelectTempData, ClipboardHandlerData, MenusIdSubmittedThisFrame, UserTextures, SettingsIniData, SettingsHandlers, SettingsWindows, SettingsTables, Hooks, LogBuffer, DebugLogBuf, TempBuffer, InputTextLineIndex, InputTextDeactivatedState, DebugLogIndex, Tables, TabBars, MultiSelectStorage, NextItemData, NavInitResult, NavMoveResultLocal, NavMoveResultLocalVisible, NavMoveResultOther, NavTabbingResultFirst, DebugItemPathQuery, DragDropPayload, LocalizationTable, PlatformIO, BoxSelectState, InputTextPasswordFontBackupBaked, TypingSelectState, NextWindowData, InputTextState, KeysRoutingTable, DrawListSharedData, IO, FrameCount, FrameCountEnded, FrameCountRendered, FontSize, FontSizeBase, FontBakedScale, FontRasterizerDensity, CurrentDpiScale, WithinEndChildID, InputEventsNextMouseSource, InputEventsNextEventId, WindowsActiveCount, WindowsBorderHoverPadding, DebugBreakInWindow, WheelingWindowStartFrame, WheelingWindowScrolledFrame, WheelingWindowReleaseTimer, DebugDrawIdConflictsId, DebugHookIdInfoId, HoveredId, HoveredIdPreviousFrame, HoveredIdPreviousFrameItemCount, HoveredIdTimer, HoveredIdNotActiveTimer, ActiveId, ActiveIdIsAlive, ActiveIdTimer, ActiveIdDisabledId, ActiveIdSource, ActiveIdPreviousFrame, LastActiveId, LastActiveIdTimer, ActiveIdUsingNavDirMask, DebugBreakInShortcutRouting, CurrentFocusScopeId, CurrentItemFlags, DebugLocateId, DebugFlashStyleColorIdx, NavId, NavFocusScopeId, NavLayer, NavIdItemFlags, NavActivateId, NavActivateDownId, NavActivatePressedId, NavActivateFlags, NavHighlightActivatedId, NavHighlightActivatedTimer, NavOpenContextMenuItemId, NavOpenContextMenuWindowId, NavNextActivateId, NavNextActivateFlags, NavInputSource, NavMoveFlags, NavMoveScrollFlags, NavMoveKeyMods, NavMoveDir, NavMoveDirForDebug, NavMoveClipDir, NavScoringDebugCount, NavTabbingDir, NavTabbingCounter, NavJustMovedFromFocusScopeId, NavJustMovedToId, NavJustMovedToFocusScopeId, NavJustMovedToKeyMods, ConfigNavWindowingKeyNext, ConfigNavWindowingKeyPrev, NavWindowingTimer, NavWindowingHighlightAlpha, NavWindowingInputSource, NavWindowingToggleKey, DimBgRatio, DragDropSourceFlags, DragDropSourceFrameCount, DragDropMouseButton, DragDropTargetId, DragDropTargetFullViewport, DragDropAcceptFlagsCurr, DragDropAcceptFlagsPrev, DragDropAcceptIdCurrRectSurface, DragDropAcceptIdCurr, DragDropAcceptIdPrev, DragDropAcceptFrameCount, DragDropHoldJustPressedId, ClipperTempDataStacked, DebugBreakInTable, TablesTempDataStacked, MultiSelectTempDataStacked, HoverItemDelayId, HoverItemDelayIdPreviousFrame, HoverItemDelayTimer, HoverItemDelayClearTimer, HoverItemUnlockedStationaryId, HoverWindowUnlockedStationaryId, MouseCursor, MouseStationaryTimer, InputTextPasswordFontBackupFlags, InputTextReactivateId, TempInputId, BeginMenuDepth, BeginComboDepth, ColorEditOptions, ColorEditCurrentID, ColorEditSavedID, ColorEditSavedHue, ColorEditSavedSat, ColorEditSavedColor, ScrollbarClickDeltaToGrabCenter, SliderGrabClickOffset, SliderCurrentAccum, DragCurrentAccum, DragSpeedDefaultRatio, DisabledAlphaBackup, SettingsDirtyTimer, HookIdNext, LogFlags, LogLinePosY, LogDepthRef, LogDepthToExpand, LogDepthToExpandDefault, ErrorCountCurrentFrame, DebugDrawIdConflictsCount, DebugLogFlags, DebugLogSkippedErrors, DebugLogAutoDisableFlags, DebugBreakKeyChord, DebugItemPickerBreakId, DebugFlashStyleColorTime, FramerateSecPerFrameIdx, FramerateSecPerFrameCount, FramerateSecPerFrameAccum, WantCaptureMouseNextFrame, WantCaptureKeyboardNextFrame, WantTextInputNextFrame, WheelingWindowRefMousePos, WheelingWindowWheelRemainder, WheelingAxisAvg, ActiveIdClickOffset, NavWindowingAccumDeltaPos, NavWindowingAccumDeltaSize, MouseLastValidPos, ErrorTooltipLockedPos, DeactivatedItemData, DebugIDStackTool, NavScoringRect, NavScoringNoClipRect, DragDropTargetRect, DragDropTargetClipRect, ColorPickerRef, WindowResizeBorderExpectedRect, DebugFlashStyleColorBackup, KeysMayBeCharInput, PlatformImeData, PlatformImeDataPrev, DebugMetricsConfig, ComboPreviewData, DebugAllocInfo, LastItemData, FramerateSecPerFrame, Style, KeysOwnerData, ScrollbarSeekMode, DisabledStackSize, TooltipOverrideCount, StackSizesInNewFrame, Initialized, WithinFrameScope, WithinFrameScopeWithImplicitWindow, TestEngineHookItems, HoveredIdAllowOverlap, HoveredIdIsDisabled, ItemUnclipByLog, ActiveIdIsJustActivated, ActiveIdAllowOverlap, ActiveIdNoClearOnFocusLoss, ActiveIdHasBeenPressedBefore, ActiveIdHasBeenEditedBefore, ActiveIdHasBeenEditedThisFrame, ActiveIdFromShortcut, ActiveIdMouseButton, ActiveIdUsingAllKeyboardKeys, DebugShowGroupRects, GcCompactAll, NavCursorVisible, NavHighlightItemUnderNav, NavMousePosDirty, NavIdIsAlive, NavCursorHideFrames, NavAnyRequest, NavInitRequest, NavInitRequestFromMove, NavMoveSubmitted, NavMoveScoringItems, NavMoveForwardToNextFrame, NavJustMovedToIsTabbing, NavJustMovedToHasSelectionData, ConfigNavEnableTabbing, ConfigNavWindowingWithGamepad, NavWindowingToggleLayer, DragDropActive, DragDropWithinSource, DragDropWithinTarget, WindowResizeRelativeMode, SliderCurrentAccumDirty, DragCurrentAccumDirty, SettingsLoaded, LogEnabled, LogLineFirstItem, ErrorFirst, DebugLogAutoDisableFrames, DebugLocateFrames, DebugBreakInLocateId, DebugBeginReturnValueCullDepth, DebugItemPickerActive, DebugItemPickerMouseButton, ActiveIdValueOnActivation, DataTypeZeroValue, ContextName, DragDropPayloadBufLocal, TempKeychordName, consider reordering the fields or adding explicit padding members [clang-analyzer-optin.performance.Padding]
 2192 | struct ImGuiContext
      | ~~~~~~~^~~~~~~~~~~~
 2193 | {
      | ~
 2194 |     bool                    Initialized;
      |     ~~~~~~~~~~~~~~~~~~~~~~~~~~~~~~~~~~~~
 2195 |     bool                    WithinFrameScope;                   // Set by NewFrame(), cleared by EndFrame()
      |     ~~~~~~~~~~~~~~~~~~~~~~~~~~~~~~~~~~~~~~~~~~~~~~~~~~~~~~~~~~~~~~~~~~~~~~~~~~~~~~~~~~~~~~~~~~~~~~~~~~~~~~~
 2196 |     bool                    WithinFrameScopeWithImplicitWindow; // Set by NewFrame(), cleared by EndFrame() when the implicit debug window has been pushed
      |     ~~~~~~~~~~~~~~~~~~~~~~~~~~~~~~~~~~~~~~~~~~~~~~~~~~~~~~~~~~~~~~~~~~~~~~~~~~~~~~~~~~~~~~~~~~~~~~~~~~~~~~~~~~~~~~~~~~~~~~~~~~~~~~~~~~~~~~~~~~~~~~~~~~~~~~
 2197 |     bool                    TestEngineHookItems;                // Will call test engine hooks: ImGuiTestEngineHook_ItemAdd(), ImGuiTestEngineHook_ItemInfo(), ImGuiTestEngineHook_Log()
      |     ~~~~~~~~~~~~~~~~~~~~~~~~~~~~~~~~~~~~~~~~~~~~~~~~~~~~~~~~~~~~~~~~~~~~~~~~~~~~~~~~~~~~~~~~~~~~~~~~~~~~~~~~~~~~~~~~~~~~~~~~~~~~~~~~~~~~~~~~~~~~~~~~~~~~~~~~~~~~~~~~~~~~~~~~~~~~~~~~~~~~
 2198 |     int                     FrameCount;
      |     ~~~~~~~~~~~~~~~~~~~~~~~~~~~~~~~~~~~
 2199 |     int                     FrameCountEnded;
      |     ~~~~~~~~~~~~~~~~~~~~~~~~~~~~~~~~~~~~~~~~
 2200 |     int                     FrameCountRendered;
      |     ~~~~~~~~~~~~~~~~~~~~~~~~~~~~~~~~~~~~~~~~~~~
 2201 |     double                  Time;
      |     ~~~~~~~~~~~~~~~~~~~~~~~~~~~~~
 2202 |     char                    ContextName[16];                    // Storage for a context name (to facilitate debugging multi-context setups)
      |     ~~~~~~~~~~~~~~~~~~~~~~~~~~~~~~~~~~~~~~~~~~~~~~~~~~~~~~~~~~~~~~~~~~~~~~~~~~~~~~~~~~~~~~~~~~~~~~~~~~~~~~~~~~~~~~~~~~~~~~~~~~~~~~~~~~~~~~~~
 2203 |     ImGuiIO                 IO;
      |     ~~~~~~~~~~~~~~~~~~~~~~~~~~~
 2204 |     ImGuiPlatformIO         PlatformIO;
      |     ~~~~~~~~~~~~~~~~~~~~~~~~~~~~~~~~~~~
 2205 |     ImGuiStyle              Style;
      |     ~~~~~~~~~~~~~~~~~~~~~~~~~~~~~~
 2206 |     ImVector<ImFontAtlas*>  FontAtlases;                        // List of font atlases used by the context (generally only contains g.IO.Fonts aka the main font atlas)
      |     ~~~~~~~~~~~~~~~~~~~~~~~~~~~~~~~~~~~~~~~~~~~~~~~~~~~~~~~~~~~~~~~~~~~~~~~~~~~~~~~~~~~~~~~~~~~~~~~~~~~~~~~~~~~~~~~~~~~~~~~~~~~~~~~~~~~~~~~~~~~~~~~~~~~~~~~~~~~~~~~~~~~~
 2207 |     ImFont*                 Font;                               // Currently bound font. (== FontStack.back().Font)
      |     ~~~~~~~~~~~~~~~~~~~~~~~~~~~~~~~~~~~~~~~~~~~~~~~~~~~~~~~~~~~~~~~~~~~~~~~~~~~~~~~~~~~~~~~~~~~~~~~~~~~~~~~~~~~~~~~
C:\Users\Administrator\source\repos\xtlua-Tu-154\XTLua\src\imgui\imgui_internal.h:2192:8: note: Excessive padding in 'struct ImGuiContext' (78 padding bytes, where 6 is optimal). Optimal fields order: Time, Font, FontBaked, TestEngine, CurrentWindow, HoveredWindow, HoveredWindowUnderMovingWindow, HoveredWindowBeforeClear, MovingWindow, WheelingWindow, ActiveIdWindow, LastKeyModsChangeTime, LastKeyModsChangeFromNoneTime, LastKeyboardKeyPressTime, NavWindow, NavLastValidSelectionUserData, NavWindowingTarget, NavWindowingTargetAnim, NavWindowingListWindow, CurrentTable, CurrentTabBar, CurrentMultiSelect, TooltipPreviousWindow, DemoMarkerCallback, LogWindow, LogFile, LogNextPrefix, LogNextSuffix, ErrorCallback, ErrorCallbackUserData, StackSizesInBeginForCurrentWindow, FontAtlases, InputEventsQueue, InputEventsTrail, Windows, WindowsFocusOrder, WindowsTempSortBuffer, CurrentWindowStack, WindowsById, ColorStack, StyleVarStack, FontStack, FocusScopeStack, ItemFlagsStack, GroupStack, OpenPopupStack, BeginPopupStack, TreeNodeStack, Viewports, NavFocusRoute, DragDropPayloadBufHeap, ClipperTempData, TablesTempData, TablesLastTimeActive, DrawChannelsTempMergeBuffer, CurrentTabBarStack, ShrinkWidthBuffer, MultiSelectTempData, ClipboardHandlerData, MenusIdSubmittedThisFrame, UserTextures, SettingsIniData, SettingsHandlers, SettingsWindows, SettingsTables, Hooks, LogBuffer, DebugLogBuf, TempBuffer, InputTextLineIndex, InputTextDeactivatedState, DebugLogIndex, Tables, TabBars, MultiSelectStorage, NextItemData, NavInitResult, NavMoveResultLocal, NavMoveResultLocalVisible, NavMoveResultOther, NavTabbingResultFirst, DebugItemPathQuery, DragDropPayload, LocalizationTable, PlatformIO, BoxSelectState, InputTextPasswordFontBackupBaked, TypingSelectState, NextWindowData, InputTextState, KeysRoutingTable, DrawListSharedData, IO, FrameCount, FrameCountEnded, FrameCountRendered, FontSize, FontSizeBase, FontBakedScale, FontRasterizerDensity, CurrentDpiScale, WithinEndChildID, InputEventsNextMouseSource, InputEventsNextEventId, WindowsActiveCount, WindowsBorderHoverPadding, DebugBreakInWindow, WheelingWindowStartFrame, WheelingWindowScrolledFrame, WheelingWindowReleaseTimer, DebugDrawIdConflictsId, DebugHookIdInfoId, HoveredId, HoveredIdPreviousFrame, HoveredIdPreviousFrameItemCount, HoveredIdTimer, HoveredIdNotActiveTimer, ActiveId, ActiveIdIsAlive, ActiveIdTimer, ActiveIdDisabledId, ActiveIdSource, ActiveIdPreviousFrame, LastActiveId, LastActiveIdTimer, ActiveIdUsingNavDirMask, DebugBreakInShortcutRouting, CurrentFocusScopeId, CurrentItemFlags, DebugLocateId, DebugFlashStyleColorIdx, NavId, NavFocusScopeId, NavLayer, NavIdItemFlags, NavActivateId, NavActivateDownId, NavActivatePressedId, NavActivateFlags, NavHighlightActivatedId, NavHighlightActivatedTimer, NavOpenContextMenuItemId, NavOpenContextMenuWindowId, NavNextActivateId, NavNextActivateFlags, NavInputSource, NavMoveFlags, NavMoveScrollFlags, NavMoveKeyMods, NavMoveDir, NavMoveDirForDebug, NavMoveClipDir, NavScoringDebugCount, NavTabbingDir, NavTabbingCounter, NavJustMovedFromFocusScopeId, NavJustMovedToId, NavJustMovedToFocusScopeId, NavJustMovedToKeyMods, ConfigNavWindowingKeyNext, ConfigNavWindowingKeyPrev, NavWindowingTimer, NavWindowingHighlightAlpha, NavWindowingInputSource, NavWindowingToggleKey, DimBgRatio, DragDropSourceFlags, DragDropSourceFrameCount, DragDropMouseButton, DragDropTargetId, DragDropTargetFullViewport, DragDropAcceptFlagsCurr, DragDropAcceptFlagsPrev, DragDropAcceptIdCurrRectSurface, DragDropAcceptIdCurr, DragDropAcceptIdPrev, DragDropAcceptFrameCount, DragDropHoldJustPressedId, ClipperTempDataStacked, DebugBreakInTable, TablesTempDataStacked, MultiSelectTempDataStacked, HoverItemDelayId, HoverItemDelayIdPreviousFrame, HoverItemDelayTimer, HoverItemDelayClearTimer, HoverItemUnlockedStationaryId, HoverWindowUnlockedStationaryId, MouseCursor, MouseStationaryTimer, InputTextPasswordFontBackupFlags, InputTextReactivateId, TempInputId, BeginMenuDepth, BeginComboDepth, ColorEditOptions, ColorEditCurrentID, ColorEditSavedID, ColorEditSavedHue, ColorEditSavedSat, ColorEditSavedColor, ScrollbarClickDeltaToGrabCenter, SliderGrabClickOffset, SliderCurrentAccum, DragCurrentAccum, DragSpeedDefaultRatio, DisabledAlphaBackup, SettingsDirtyTimer, HookIdNext, LogFlags, LogLinePosY, LogDepthRef, LogDepthToExpand, LogDepthToExpandDefault, ErrorCountCurrentFrame, DebugDrawIdConflictsCount, DebugLogFlags, DebugLogSkippedErrors, DebugLogAutoDisableFlags, DebugBreakKeyChord, DebugItemPickerBreakId, DebugFlashStyleColorTime, FramerateSecPerFrameIdx, FramerateSecPerFrameCount, FramerateSecPerFrameAccum, WantCaptureMouseNextFrame, WantCaptureKeyboardNextFrame, WantTextInputNextFrame, WheelingWindowRefMousePos, WheelingWindowWheelRemainder, WheelingAxisAvg, ActiveIdClickOffset, NavWindowingAccumDeltaPos, NavWindowingAccumDeltaSize, MouseLastValidPos, ErrorTooltipLockedPos, DeactivatedItemData, DebugIDStackTool, NavScoringRect, NavScoringNoClipRect, DragDropTargetRect, DragDropTargetClipRect, ColorPickerRef, WindowResizeBorderExpectedRect, DebugFlashStyleColorBackup, KeysMayBeCharInput, PlatformImeData, PlatformImeDataPrev, DebugMetricsConfig, ComboPreviewData, DebugAllocInfo, LastItemData, FramerateSecPerFrame, Style, KeysOwnerData, ScrollbarSeekMode, DisabledStackSize, TooltipOverrideCount, StackSizesInNewFrame, Initialized, WithinFrameScope, WithinFrameScopeWithImplicitWindow, TestEngineHookItems, HoveredIdAllowOverlap, HoveredIdIsDisabled, ItemUnclipByLog, ActiveIdIsJustActivated, ActiveIdAllowOverlap, ActiveIdNoClearOnFocusLoss, ActiveIdHasBeenPressedBefore, ActiveIdHasBeenEditedBefore, ActiveIdHasBeenEditedThisFrame, ActiveIdFromShortcut, ActiveIdMouseButton, ActiveIdUsingAllKeyboardKeys, DebugShowGroupRects, GcCompactAll, NavCursorVisible, NavHighlightItemUnderNav, NavMousePosDirty, NavIdIsAlive, NavCursorHideFrames, NavAnyRequest, NavInitRequest, NavInitRequestFromMove, NavMoveSubmitted, NavMoveScoringItems, NavMoveForwardToNextFrame, NavJustMovedToIsTabbing, NavJustMovedToHasSelectionData, ConfigNavEnableTabbing, ConfigNavWindowingWithGamepad, NavWindowingToggleLayer, DragDropActive, DragDropWithinSource, DragDropWithinTarget, WindowResizeRelativeMode, SliderCurrentAccumDirty, DragCurrentAccumDirty, SettingsLoaded, LogEnabled, LogLineFirstItem, ErrorFirst, DebugLogAutoDisableFrames, DebugLocateFrames, DebugBreakInLocateId, DebugBeginReturnValueCullDepth, DebugItemPickerActive, DebugItemPickerMouseButton, ActiveIdValueOnActivation, DataTypeZeroValue, ContextName, DragDropPayloadBufLocal, TempKeychordName, consider reordering the fields or adding explicit padding members
 2192 | struct ImGuiContext
      | ~~~~~~~^~~~~~~~~~~~
 2193 | {
      | ~
 2194 |     bool                    Initialized;
      |     ~~~~~~~~~~~~~~~~~~~~~~~~~~~~~~~~~~~~
 2195 |     bool                    WithinFrameScope;                   // Set by NewFrame(), cleared by EndFrame()
      |     ~~~~~~~~~~~~~~~~~~~~~~~~~~~~~~~~~~~~~~~~~~~~~~~~~~~~~~~~~~~~~~~~~~~~~~~~~~~~~~~~~~~~~~~~~~~~~~~~~~~~~~~
 2196 |     bool                    WithinFrameScopeWithImplicitWindow; // Set by NewFrame(), cleared by EndFrame() when the implicit debug window has been pushed
      |     ~~~~~~~~~~~~~~~~~~~~~~~~~~~~~~~~~~~~~~~~~~~~~~~~~~~~~~~~~~~~~~~~~~~~~~~~~~~~~~~~~~~~~~~~~~~~~~~~~~~~~~~~~~~~~~~~~~~~~~~~~~~~~~~~~~~~~~~~~~~~~~~~~~~~~~
 2197 |     bool                    TestEngineHookItems;                // Will call test engine hooks: ImGuiTestEngineHook_ItemAdd(), ImGuiTestEngineHook_ItemInfo(), ImGuiTestEngineHook_Log()
      |     ~~~~~~~~~~~~~~~~~~~~~~~~~~~~~~~~~~~~~~~~~~~~~~~~~~~~~~~~~~~~~~~~~~~~~~~~~~~~~~~~~~~~~~~~~~~~~~~~~~~~~~~~~~~~~~~~~~~~~~~~~~~~~~~~~~~~~~~~~~~~~~~~~~~~~~~~~~~~~~~~~~~~~~~~~~~~~~~~~~~~
 2198 |     int                     FrameCount;
      |     ~~~~~~~~~~~~~~~~~~~~~~~~~~~~~~~~~~~
 2199 |     int                     FrameCountEnded;
      |     ~~~~~~~~~~~~~~~~~~~~~~~~~~~~~~~~~~~~~~~~
 2200 |     int                     FrameCountRendered;
      |     ~~~~~~~~~~~~~~~~~~~~~~~~~~~~~~~~~~~~~~~~~~~
 2201 |     double                  Time;
      |     ~~~~~~~~~~~~~~~~~~~~~~~~~~~~~
 2202 |     char                    ContextName[16];                    // Storage for a context name (to facilitate debugging multi-context setups)
      |     ~~~~~~~~~~~~~~~~~~~~~~~~~~~~~~~~~~~~~~~~~~~~~~~~~~~~~~~~~~~~~~~~~~~~~~~~~~~~~~~~~~~~~~~~~~~~~~~~~~~~~~~~~~~~~~~~~~~~~~~~~~~~~~~~~~~~~~~~
 2203 |     ImGuiIO                 IO;
      |     ~~~~~~~~~~~~~~~~~~~~~~~~~~~
 2204 |     ImGuiPlatformIO         PlatformIO;
      |     ~~~~~~~~~~~~~~~~~~~~~~~~~~~~~~~~~~~
 2205 |     ImGuiStyle              Style;
      |     ~~~~~~~~~~~~~~~~~~~~~~~~~~~~~~
 2206 |     ImVector<ImFontAtlas*>  FontAtlases;                        // List of font atlases used by the context (generally only contains g.IO.Fonts aka the main font atlas)
      |     ~~~~~~~~~~~~~~~~~~~~~~~~~~~~~~~~~~~~~~~~~~~~~~~~~~~~~~~~~~~~~~~~~~~~~~~~~~~~~~~~~~~~~~~~~~~~~~~~~~~~~~~~~~~~~~~~~~~~~~~~~~~~~~~~~~~~~~~~~~~~~~~~~~~~~~~~~~~~~~~~~~~~
 2207 |     ImFont*                 Font;                               // Currently bound font. (== FontStack.back().Font)
      |     ~~~~~~~~~~~~~~~~~~~~~~~~~~~~~~~~~~~~~~~~~~~~~~~~~~~~~~~~~~~~~~~~~~~~~~~~~~~~~~~~~~~~~~~~~~~~~~~~~~~~~~~~~~~~~~~
C:\Users\Administrator\source\repos\xtlua-Tu-154\XTLua\src\imgui\imstb_truetype.h:3156:19: warning: Value stored to 'dx' is never read [clang-analyzer-deadcode.DeadStores]
 3156 |                   dx = -dx;
      |                   ^    ~~~
C:\Users\Administrator\source\repos\xtlua-Tu-154\XTLua\src\imgui\imstb_truetype.h:3156:19: note: Value stored to 'dx' is never read
 3156 |                   dx = -dx;
      |                   ^    ~~~
C:\Users\Administrator\source\repos\xtlua-Tu-154\XTLua\src\imgui\imstb_truetype.h:3158:36: warning: Although the value stored to 'xb' is used in the enclosing expression, the value is never actually read from 'xb' [clang-analyzer-deadcode.DeadStores]
 3158 |                   t = x0, x0 = xb, xb = t;
      |                                    ^    ~
C:\Users\Administrator\source\repos\xtlua-Tu-154\XTLua\src\imgui\imstb_truetype.h:3158:36: note: Although the value stored to 'xb' is used in the enclosing expression, the value is never actually read from 'xb'
 3158 |                   t = x0, x0 = xb, xb = t;
      |                                    ^    ~
C:\Users\Administrator\source\repos\xtlua-Tu-154\XTLua\src\imgui\imgui_internal.h:401:91: warning: Although the value stored to 'c' is used in the enclosing expression, the value is never actually read from 'c' [clang-analyzer-deadcode.DeadStores]
  401 | inline char             ImToUpper(char c)               { return (c >= 'a' && c <= 'z') ? c &= ~32 : c; }
      |                                                                                           ^    ~~~
C:\Users\Administrator\source\repos\xtlua-Tu-154\XTLua\src\imgui\imgui_internal.h:401:91: note: Although the value stored to 'c' is used in the enclosing expression, the value is never actually read from 'c'
  401 | inline char             ImToUpper(char c)               { return (c >= 'a' && c <= 'z') ? c &= ~32 : c; }
      |                                                                                           ^    ~~~
C:\Users\Administrator\source\repos\xtlua-Tu-154\XTLua\src\imgui\imgui_internal.h:2192:8: warning: Excessive padding in 'struct ImGuiContext' (78 padding bytes, where 6 is optimal). Optimal fields order: Time, Font, FontBaked, TestEngine, CurrentWindow, HoveredWindow, HoveredWindowUnderMovingWindow, HoveredWindowBeforeClear, MovingWindow, WheelingWindow, ActiveIdWindow, LastKeyModsChangeTime, LastKeyModsChangeFromNoneTime, LastKeyboardKeyPressTime, NavWindow, NavLastValidSelectionUserData, NavWindowingTarget, NavWindowingTargetAnim, NavWindowingListWindow, CurrentTable, CurrentTabBar, CurrentMultiSelect, TooltipPreviousWindow, DemoMarkerCallback, LogWindow, LogFile, LogNextPrefix, LogNextSuffix, ErrorCallback, ErrorCallbackUserData, StackSizesInBeginForCurrentWindow, FontAtlases, InputEventsQueue, InputEventsTrail, Windows, WindowsFocusOrder, WindowsTempSortBuffer, CurrentWindowStack, WindowsById, ColorStack, StyleVarStack, FontStack, FocusScopeStack, ItemFlagsStack, GroupStack, OpenPopupStack, BeginPopupStack, TreeNodeStack, Viewports, NavFocusRoute, DragDropPayloadBufHeap, ClipperTempData, TablesTempData, TablesLastTimeActive, DrawChannelsTempMergeBuffer, CurrentTabBarStack, ShrinkWidthBuffer, MultiSelectTempData, ClipboardHandlerData, MenusIdSubmittedThisFrame, UserTextures, SettingsIniData, SettingsHandlers, SettingsWindows, SettingsTables, Hooks, LogBuffer, DebugLogBuf, TempBuffer, InputTextLineIndex, InputTextDeactivatedState, DebugLogIndex, Tables, TabBars, MultiSelectStorage, NextItemData, NavInitResult, NavMoveResultLocal, NavMoveResultLocalVisible, NavMoveResultOther, NavTabbingResultFirst, DebugItemPathQuery, DragDropPayload, LocalizationTable, PlatformIO, BoxSelectState, InputTextPasswordFontBackupBaked, TypingSelectState, NextWindowData, InputTextState, KeysRoutingTable, DrawListSharedData, IO, FrameCount, FrameCountEnded, FrameCountRendered, FontSize, FontSizeBase, FontBakedScale, FontRasterizerDensity, CurrentDpiScale, WithinEndChildID, InputEventsNextMouseSource, InputEventsNextEventId, WindowsActiveCount, WindowsBorderHoverPadding, DebugBreakInWindow, WheelingWindowStartFrame, WheelingWindowScrolledFrame, WheelingWindowReleaseTimer, DebugDrawIdConflictsId, DebugHookIdInfoId, HoveredId, HoveredIdPreviousFrame, HoveredIdPreviousFrameItemCount, HoveredIdTimer, HoveredIdNotActiveTimer, ActiveId, ActiveIdIsAlive, ActiveIdTimer, ActiveIdDisabledId, ActiveIdSource, ActiveIdPreviousFrame, LastActiveId, LastActiveIdTimer, ActiveIdUsingNavDirMask, DebugBreakInShortcutRouting, CurrentFocusScopeId, CurrentItemFlags, DebugLocateId, DebugFlashStyleColorIdx, NavId, NavFocusScopeId, NavLayer, NavIdItemFlags, NavActivateId, NavActivateDownId, NavActivatePressedId, NavActivateFlags, NavHighlightActivatedId, NavHighlightActivatedTimer, NavOpenContextMenuItemId, NavOpenContextMenuWindowId, NavNextActivateId, NavNextActivateFlags, NavInputSource, NavMoveFlags, NavMoveScrollFlags, NavMoveKeyMods, NavMoveDir, NavMoveDirForDebug, NavMoveClipDir, NavScoringDebugCount, NavTabbingDir, NavTabbingCounter, NavJustMovedFromFocusScopeId, NavJustMovedToId, NavJustMovedToFocusScopeId, NavJustMovedToKeyMods, ConfigNavWindowingKeyNext, ConfigNavWindowingKeyPrev, NavWindowingTimer, NavWindowingHighlightAlpha, NavWindowingInputSource, NavWindowingToggleKey, DimBgRatio, DragDropSourceFlags, DragDropSourceFrameCount, DragDropMouseButton, DragDropTargetId, DragDropTargetFullViewport, DragDropAcceptFlagsCurr, DragDropAcceptFlagsPrev, DragDropAcceptIdCurrRectSurface, DragDropAcceptIdCurr, DragDropAcceptIdPrev, DragDropAcceptFrameCount, DragDropHoldJustPressedId, ClipperTempDataStacked, DebugBreakInTable, TablesTempDataStacked, MultiSelectTempDataStacked, HoverItemDelayId, HoverItemDelayIdPreviousFrame, HoverItemDelayTimer, HoverItemDelayClearTimer, HoverItemUnlockedStationaryId, HoverWindowUnlockedStationaryId, MouseCursor, MouseStationaryTimer, InputTextPasswordFontBackupFlags, InputTextReactivateId, TempInputId, BeginMenuDepth, BeginComboDepth, ColorEditOptions, ColorEditCurrentID, ColorEditSavedID, ColorEditSavedHue, ColorEditSavedSat, ColorEditSavedColor, ScrollbarClickDeltaToGrabCenter, SliderGrabClickOffset, SliderCurrentAccum, DragCurrentAccum, DragSpeedDefaultRatio, DisabledAlphaBackup, SettingsDirtyTimer, HookIdNext, LogFlags, LogLinePosY, LogDepthRef, LogDepthToExpand, LogDepthToExpandDefault, ErrorCountCurrentFrame, DebugDrawIdConflictsCount, DebugLogFlags, DebugLogSkippedErrors, DebugLogAutoDisableFlags, DebugBreakKeyChord, DebugItemPickerBreakId, DebugFlashStyleColorTime, FramerateSecPerFrameIdx, FramerateSecPerFrameCount, FramerateSecPerFrameAccum, WantCaptureMouseNextFrame, WantCaptureKeyboardNextFrame, WantTextInputNextFrame, WheelingWindowRefMousePos, WheelingWindowWheelRemainder, WheelingAxisAvg, ActiveIdClickOffset, NavWindowingAccumDeltaPos, NavWindowingAccumDeltaSize, MouseLastValidPos, ErrorTooltipLockedPos, DeactivatedItemData, DebugIDStackTool, NavScoringRect, NavScoringNoClipRect, DragDropTargetRect, DragDropTargetClipRect, ColorPickerRef, WindowResizeBorderExpectedRect, DebugFlashStyleColorBackup, KeysMayBeCharInput, PlatformImeData, PlatformImeDataPrev, DebugMetricsConfig, ComboPreviewData, DebugAllocInfo, LastItemData, FramerateSecPerFrame, Style, KeysOwnerData, ScrollbarSeekMode, DisabledStackSize, TooltipOverrideCount, StackSizesInNewFrame, Initialized, WithinFrameScope, WithinFrameScopeWithImplicitWindow, TestEngineHookItems, HoveredIdAllowOverlap, HoveredIdIsDisabled, ItemUnclipByLog, ActiveIdIsJustActivated, ActiveIdAllowOverlap, ActiveIdNoClearOnFocusLoss, ActiveIdHasBeenPressedBefore, ActiveIdHasBeenEditedBefore, ActiveIdHasBeenEditedThisFrame, ActiveIdFromShortcut, ActiveIdMouseButton, ActiveIdUsingAllKeyboardKeys, DebugShowGroupRects, GcCompactAll, NavCursorVisible, NavHighlightItemUnderNav, NavMousePosDirty, NavIdIsAlive, NavCursorHideFrames, NavAnyRequest, NavInitRequest, NavInitRequestFromMove, NavMoveSubmitted, NavMoveScoringItems, NavMoveForwardToNextFrame, NavJustMovedToIsTabbing, NavJustMovedToHasSelectionData, ConfigNavEnableTabbing, ConfigNavWindowingWithGamepad, NavWindowingToggleLayer, DragDropActive, DragDropWithinSource, DragDropWithinTarget, WindowResizeRelativeMode, SliderCurrentAccumDirty, DragCurrentAccumDirty, SettingsLoaded, LogEnabled, LogLineFirstItem, ErrorFirst, DebugLogAutoDisableFrames, DebugLocateFrames, DebugBreakInLocateId, DebugBeginReturnValueCullDepth, DebugItemPickerActive, DebugItemPickerMouseButton, ActiveIdValueOnActivation, DataTypeZeroValue, ContextName, DragDropPayloadBufLocal, TempKeychordName, consider reordering the fields or adding explicit padding members [clang-analyzer-optin.performance.Padding]
 2192 | struct ImGuiContext
      | ~~~~~~~^~~~~~~~~~~~
 2193 | {
      | ~
 2194 |     bool                    Initialized;
      |     ~~~~~~~~~~~~~~~~~~~~~~~~~~~~~~~~~~~~
 2195 |     bool                    WithinFrameScope;                   // Set by NewFrame(), cleared by EndFrame()
      |     ~~~~~~~~~~~~~~~~~~~~~~~~~~~~~~~~~~~~~~~~~~~~~~~~~~~~~~~~~~~~~~~~~~~~~~~~~~~~~~~~~~~~~~~~~~~~~~~~~~~~~~~
 2196 |     bool                    WithinFrameScopeWithImplicitWindow; // Set by NewFrame(), cleared by EndFrame() when the implicit debug window has been pushed
      |     ~~~~~~~~~~~~~~~~~~~~~~~~~~~~~~~~~~~~~~~~~~~~~~~~~~~~~~~~~~~~~~~~~~~~~~~~~~~~~~~~~~~~~~~~~~~~~~~~~~~~~~~~~~~~~~~~~~~~~~~~~~~~~~~~~~~~~~~~~~~~~~~~~~~~~~
 2197 |     bool                    TestEngineHookItems;                // Will call test engine hooks: ImGuiTestEngineHook_ItemAdd(), ImGuiTestEngineHook_ItemInfo(), ImGuiTestEngineHook_Log()
      |     ~~~~~~~~~~~~~~~~~~~~~~~~~~~~~~~~~~~~~~~~~~~~~~~~~~~~~~~~~~~~~~~~~~~~~~~~~~~~~~~~~~~~~~~~~~~~~~~~~~~~~~~~~~~~~~~~~~~~~~~~~~~~~~~~~~~~~~~~~~~~~~~~~~~~~~~~~~~~~~~~~~~~~~~~~~~~~~~~~~~~
 2198 |     int                     FrameCount;
      |     ~~~~~~~~~~~~~~~~~~~~~~~~~~~~~~~~~~~
 2199 |     int                     FrameCountEnded;
      |     ~~~~~~~~~~~~~~~~~~~~~~~~~~~~~~~~~~~~~~~~
 2200 |     int                     FrameCountRendered;
      |     ~~~~~~~~~~~~~~~~~~~~~~~~~~~~~~~~~~~~~~~~~~~
 2201 |     double                  Time;
      |     ~~~~~~~~~~~~~~~~~~~~~~~~~~~~~
 2202 |     char                    ContextName[16];                    // Storage for a context name (to facilitate debugging multi-context setups)
      |     ~~~~~~~~~~~~~~~~~~~~~~~~~~~~~~~~~~~~~~~~~~~~~~~~~~~~~~~~~~~~~~~~~~~~~~~~~~~~~~~~~~~~~~~~~~~~~~~~~~~~~~~~~~~~~~~~~~~~~~~~~~~~~~~~~~~~~~~~
 2203 |     ImGuiIO                 IO;
      |     ~~~~~~~~~~~~~~~~~~~~~~~~~~~
 2204 |     ImGuiPlatformIO         PlatformIO;
      |     ~~~~~~~~~~~~~~~~~~~~~~~~~~~~~~~~~~~
 2205 |     ImGuiStyle              Style;
      |     ~~~~~~~~~~~~~~~~~~~~~~~~~~~~~~
 2206 |     ImVector<ImFontAtlas*>  FontAtlases;                        // List of font atlases used by the context (generally only contains g.IO.Fonts aka the main font atlas)
      |     ~~~~~~~~~~~~~~~~~~~~~~~~~~~~~~~~~~~~~~~~~~~~~~~~~~~~~~~~~~~~~~~~~~~~~~~~~~~~~~~~~~~~~~~~~~~~~~~~~~~~~~~~~~~~~~~~~~~~~~~~~~~~~~~~~~~~~~~~~~~~~~~~~~~~~~~~~~~~~~~~~~~~
 2207 |     ImFont*                 Font;                               // Currently bound font. (== FontStack.back().Font)
      |     ~~~~~~~~~~~~~~~~~~~~~~~~~~~~~~~~~~~~~~~~~~~~~~~~~~~~~~~~~~~~~~~~~~~~~~~~~~~~~~~~~~~~~~~~~~~~~~~~~~~~~~~~~~~~~~~
C:\Users\Administrator\source\repos\xtlua-Tu-154\XTLua\src\imgui\imgui_internal.h:2192:8: note: Excessive padding in 'struct ImGuiContext' (78 padding bytes, where 6 is optimal). Optimal fields order: Time, Font, FontBaked, TestEngine, CurrentWindow, HoveredWindow, HoveredWindowUnderMovingWindow, HoveredWindowBeforeClear, MovingWindow, WheelingWindow, ActiveIdWindow, LastKeyModsChangeTime, LastKeyModsChangeFromNoneTime, LastKeyboardKeyPressTime, NavWindow, NavLastValidSelectionUserData, NavWindowingTarget, NavWindowingTargetAnim, NavWindowingListWindow, CurrentTable, CurrentTabBar, CurrentMultiSelect, TooltipPreviousWindow, DemoMarkerCallback, LogWindow, LogFile, LogNextPrefix, LogNextSuffix, ErrorCallback, ErrorCallbackUserData, StackSizesInBeginForCurrentWindow, FontAtlases, InputEventsQueue, InputEventsTrail, Windows, WindowsFocusOrder, WindowsTempSortBuffer, CurrentWindowStack, WindowsById, ColorStack, StyleVarStack, FontStack, FocusScopeStack, ItemFlagsStack, GroupStack, OpenPopupStack, BeginPopupStack, TreeNodeStack, Viewports, NavFocusRoute, DragDropPayloadBufHeap, ClipperTempData, TablesTempData, TablesLastTimeActive, DrawChannelsTempMergeBuffer, CurrentTabBarStack, ShrinkWidthBuffer, MultiSelectTempData, ClipboardHandlerData, MenusIdSubmittedThisFrame, UserTextures, SettingsIniData, SettingsHandlers, SettingsWindows, SettingsTables, Hooks, LogBuffer, DebugLogBuf, TempBuffer, InputTextLineIndex, InputTextDeactivatedState, DebugLogIndex, Tables, TabBars, MultiSelectStorage, NextItemData, NavInitResult, NavMoveResultLocal, NavMoveResultLocalVisible, NavMoveResultOther, NavTabbingResultFirst, DebugItemPathQuery, DragDropPayload, LocalizationTable, PlatformIO, BoxSelectState, InputTextPasswordFontBackupBaked, TypingSelectState, NextWindowData, InputTextState, KeysRoutingTable, DrawListSharedData, IO, FrameCount, FrameCountEnded, FrameCountRendered, FontSize, FontSizeBase, FontBakedScale, FontRasterizerDensity, CurrentDpiScale, WithinEndChildID, InputEventsNextMouseSource, InputEventsNextEventId, WindowsActiveCount, WindowsBorderHoverPadding, DebugBreakInWindow, WheelingWindowStartFrame, WheelingWindowScrolledFrame, WheelingWindowReleaseTimer, DebugDrawIdConflictsId, DebugHookIdInfoId, HoveredId, HoveredIdPreviousFrame, HoveredIdPreviousFrameItemCount, HoveredIdTimer, HoveredIdNotActiveTimer, ActiveId, ActiveIdIsAlive, ActiveIdTimer, ActiveIdDisabledId, ActiveIdSource, ActiveIdPreviousFrame, LastActiveId, LastActiveIdTimer, ActiveIdUsingNavDirMask, DebugBreakInShortcutRouting, CurrentFocusScopeId, CurrentItemFlags, DebugLocateId, DebugFlashStyleColorIdx, NavId, NavFocusScopeId, NavLayer, NavIdItemFlags, NavActivateId, NavActivateDownId, NavActivatePressedId, NavActivateFlags, NavHighlightActivatedId, NavHighlightActivatedTimer, NavOpenContextMenuItemId, NavOpenContextMenuWindowId, NavNextActivateId, NavNextActivateFlags, NavInputSource, NavMoveFlags, NavMoveScrollFlags, NavMoveKeyMods, NavMoveDir, NavMoveDirForDebug, NavMoveClipDir, NavScoringDebugCount, NavTabbingDir, NavTabbingCounter, NavJustMovedFromFocusScopeId, NavJustMovedToId, NavJustMovedToFocusScopeId, NavJustMovedToKeyMods, ConfigNavWindowingKeyNext, ConfigNavWindowingKeyPrev, NavWindowingTimer, NavWindowingHighlightAlpha, NavWindowingInputSource, NavWindowingToggleKey, DimBgRatio, DragDropSourceFlags, DragDropSourceFrameCount, DragDropMouseButton, DragDropTargetId, DragDropTargetFullViewport, DragDropAcceptFlagsCurr, DragDropAcceptFlagsPrev, DragDropAcceptIdCurrRectSurface, DragDropAcceptIdCurr, DragDropAcceptIdPrev, DragDropAcceptFrameCount, DragDropHoldJustPressedId, ClipperTempDataStacked, DebugBreakInTable, TablesTempDataStacked, MultiSelectTempDataStacked, HoverItemDelayId, HoverItemDelayIdPreviousFrame, HoverItemDelayTimer, HoverItemDelayClearTimer, HoverItemUnlockedStationaryId, HoverWindowUnlockedStationaryId, MouseCursor, MouseStationaryTimer, InputTextPasswordFontBackupFlags, InputTextReactivateId, TempInputId, BeginMenuDepth, BeginComboDepth, ColorEditOptions, ColorEditCurrentID, ColorEditSavedID, ColorEditSavedHue, ColorEditSavedSat, ColorEditSavedColor, ScrollbarClickDeltaToGrabCenter, SliderGrabClickOffset, SliderCurrentAccum, DragCurrentAccum, DragSpeedDefaultRatio, DisabledAlphaBackup, SettingsDirtyTimer, HookIdNext, LogFlags, LogLinePosY, LogDepthRef, LogDepthToExpand, LogDepthToExpandDefault, ErrorCountCurrentFrame, DebugDrawIdConflictsCount, DebugLogFlags, DebugLogSkippedErrors, DebugLogAutoDisableFlags, DebugBreakKeyChord, DebugItemPickerBreakId, DebugFlashStyleColorTime, FramerateSecPerFrameIdx, FramerateSecPerFrameCount, FramerateSecPerFrameAccum, WantCaptureMouseNextFrame, WantCaptureKeyboardNextFrame, WantTextInputNextFrame, WheelingWindowRefMousePos, WheelingWindowWheelRemainder, WheelingAxisAvg, ActiveIdClickOffset, NavWindowingAccumDeltaPos, NavWindowingAccumDeltaSize, MouseLastValidPos, ErrorTooltipLockedPos, DeactivatedItemData, DebugIDStackTool, NavScoringRect, NavScoringNoClipRect, DragDropTargetRect, DragDropTargetClipRect, ColorPickerRef, WindowResizeBorderExpectedRect, DebugFlashStyleColorBackup, KeysMayBeCharInput, PlatformImeData, PlatformImeDataPrev, DebugMetricsConfig, ComboPreviewData, DebugAllocInfo, LastItemData, FramerateSecPerFrame, Style, KeysOwnerData, ScrollbarSeekMode, DisabledStackSize, TooltipOverrideCount, StackSizesInNewFrame, Initialized, WithinFrameScope, WithinFrameScopeWithImplicitWindow, TestEngineHookItems, HoveredIdAllowOverlap, HoveredIdIsDisabled, ItemUnclipByLog, ActiveIdIsJustActivated, ActiveIdAllowOverlap, ActiveIdNoClearOnFocusLoss, ActiveIdHasBeenPressedBefore, ActiveIdHasBeenEditedBefore, ActiveIdHasBeenEditedThisFrame, ActiveIdFromShortcut, ActiveIdMouseButton, ActiveIdUsingAllKeyboardKeys, DebugShowGroupRects, GcCompactAll, NavCursorVisible, NavHighlightItemUnderNav, NavMousePosDirty, NavIdIsAlive, NavCursorHideFrames, NavAnyRequest, NavInitRequest, NavInitRequestFromMove, NavMoveSubmitted, NavMoveScoringItems, NavMoveForwardToNextFrame, NavJustMovedToIsTabbing, NavJustMovedToHasSelectionData, ConfigNavEnableTabbing, ConfigNavWindowingWithGamepad, NavWindowingToggleLayer, DragDropActive, DragDropWithinSource, DragDropWithinTarget, WindowResizeRelativeMode, SliderCurrentAccumDirty, DragCurrentAccumDirty, SettingsLoaded, LogEnabled, LogLineFirstItem, ErrorFirst, DebugLogAutoDisableFrames, DebugLocateFrames, DebugBreakInLocateId, DebugBeginReturnValueCullDepth, DebugItemPickerActive, DebugItemPickerMouseButton, ActiveIdValueOnActivation, DataTypeZeroValue, ContextName, DragDropPayloadBufLocal, TempKeychordName, consider reordering the fields or adding explicit padding members
 2192 | struct ImGuiContext
      | ~~~~~~~^~~~~~~~~~~~
 2193 | {
      | ~
 2194 |     bool                    Initialized;
      |     ~~~~~~~~~~~~~~~~~~~~~~~~~~~~~~~~~~~~
 2195 |     bool                    WithinFrameScope;                   // Set by NewFrame(), cleared by EndFrame()
      |     ~~~~~~~~~~~~~~~~~~~~~~~~~~~~~~~~~~~~~~~~~~~~~~~~~~~~~~~~~~~~~~~~~~~~~~~~~~~~~~~~~~~~~~~~~~~~~~~~~~~~~~~
 2196 |     bool                    WithinFrameScopeWithImplicitWindow; // Set by NewFrame(), cleared by EndFrame() when the implicit debug window has been pushed
      |     ~~~~~~~~~~~~~~~~~~~~~~~~~~~~~~~~~~~~~~~~~~~~~~~~~~~~~~~~~~~~~~~~~~~~~~~~~~~~~~~~~~~~~~~~~~~~~~~~~~~~~~~~~~~~~~~~~~~~~~~~~~~~~~~~~~~~~~~~~~~~~~~~~~~~~~
 2197 |     bool                    TestEngineHookItems;                // Will call test engine hooks: ImGuiTestEngineHook_ItemAdd(), ImGuiTestEngineHook_ItemInfo(), ImGuiTestEngineHook_Log()
      |     ~~~~~~~~~~~~~~~~~~~~~~~~~~~~~~~~~~~~~~~~~~~~~~~~~~~~~~~~~~~~~~~~~~~~~~~~~~~~~~~~~~~~~~~~~~~~~~~~~~~~~~~~~~~~~~~~~~~~~~~~~~~~~~~~~~~~~~~~~~~~~~~~~~~~~~~~~~~~~~~~~~~~~~~~~~~~~~~~~~~~
 2198 |     int                     FrameCount;
      |     ~~~~~~~~~~~~~~~~~~~~~~~~~~~~~~~~~~~
 2199 |     int                     FrameCountEnded;
      |     ~~~~~~~~~~~~~~~~~~~~~~~~~~~~~~~~~~~~~~~~
 2200 |     int                     FrameCountRendered;
      |     ~~~~~~~~~~~~~~~~~~~~~~~~~~~~~~~~~~~~~~~~~~~
 2201 |     double                  Time;
      |     ~~~~~~~~~~~~~~~~~~~~~~~~~~~~~
 2202 |     char                    ContextName[16];                    // Storage for a context name (to facilitate debugging multi-context setups)
      |     ~~~~~~~~~~~~~~~~~~~~~~~~~~~~~~~~~~~~~~~~~~~~~~~~~~~~~~~~~~~~~~~~~~~~~~~~~~~~~~~~~~~~~~~~~~~~~~~~~~~~~~~~~~~~~~~~~~~~~~~~~~~~~~~~~~~~~~~~
 2203 |     ImGuiIO                 IO;
      |     ~~~~~~~~~~~~~~~~~~~~~~~~~~~
 2204 |     ImGuiPlatformIO         PlatformIO;
      |     ~~~~~~~~~~~~~~~~~~~~~~~~~~~~~~~~~~~
 2205 |     ImGuiStyle              Style;
      |     ~~~~~~~~~~~~~~~~~~~~~~~~~~~~~~
 2206 |     ImVector<ImFontAtlas*>  FontAtlases;                        // List of font atlases used by the context (generally only contains g.IO.Fonts aka the main font atlas)
      |     ~~~~~~~~~~~~~~~~~~~~~~~~~~~~~~~~~~~~~~~~~~~~~~~~~~~~~~~~~~~~~~~~~~~~~~~~~~~~~~~~~~~~~~~~~~~~~~~~~~~~~~~~~~~~~~~~~~~~~~~~~~~~~~~~~~~~~~~~~~~~~~~~~~~~~~~~~~~~~~~~~~~~
 2207 |     ImFont*                 Font;                               // Currently bound font. (== FontStack.back().Font)
      |     ~~~~~~~~~~~~~~~~~~~~~~~~~~~~~~~~~~~~~~~~~~~~~~~~~~~~~~~~~~~~~~~~~~~~~~~~~~~~~~~~~~~~~~~~~~~~~~~~~~~~~~~~~~~~~~~
C:\Users\Administrator\source\repos\xtlua-Tu-154\XTLua\src\imgui\imgui_tables.cpp:1668:5: warning: Value stored to 'flags' is never read [clang-analyzer-deadcode.DeadStores]
 1668 |     flags = column->Flags;
      |     ^       ~~~~~~~~~~~~~
C:\Users\Administrator\source\repos\xtlua-Tu-154\XTLua\src\imgui\imgui_tables.cpp:1668:5: note: Value stored to 'flags' is never read
 1668 |     flags = column->Flags;
      |     ^       ~~~~~~~~~~~~~
C:\Users\Administrator\source\repos\xtlua-Tu-154\XTLua\src\imgui\imgui_tables.cpp:3009:37: warning: Right operand is negative in left shift [clang-analyzer-core.BitwiseShift]
 3009 |             fixed_mask |= ((ImU64)1 << column_with_smallest_sort_order);
      |                                     ^
C:\Users\Administrator\source\repos\xtlua-Tu-154\XTLua\src\imgui\imgui_tables.cpp:2898:9: note: Assuming 'table' is not equal to NULL
 2898 |     if (table == NULL || !(table->Flags & ImGuiTableFlags_Sortable))
      |         ^~~~~~~~~~~~~
C:\Users\Administrator\source\repos\xtlua-Tu-154\XTLua\src\imgui\imgui_tables.cpp:2898:9: note: Left side of '||' is false
C:\Users\Administrator\source\repos\xtlua-Tu-154\XTLua\src\imgui\imgui_tables.cpp:2898:26: note: Assuming the condition is false
 2898 |     if (table == NULL || !(table->Flags & ImGuiTableFlags_Sortable))
      |                          ^~~~~~~~~~~~~~~~~~~~~~~~~~~~~~~~~~~~~~~~~~
C:\Users\Administrator\source\repos\xtlua-Tu-154\XTLua\src\imgui\imgui_tables.cpp:2898:5: note: Taking false branch
 2898 |     if (table == NULL || !(table->Flags & ImGuiTableFlags_Sortable))
      |     ^
C:\Users\Administrator\source\repos\xtlua-Tu-154\XTLua\src\imgui\imgui_tables.cpp:2902:9: note: Assuming field 'IsLayoutLocked' is true
 2902 |     if (!table->IsLayoutLocked)
      |         ^~~~~~~~~~~~~~~~~~~~~~
C:\Users\Administrator\source\repos\xtlua-Tu-154\XTLua\src\imgui\imgui_tables.cpp:2902:5: note: Taking false branch
 2902 |     if (!table->IsLayoutLocked)
      |     ^
C:\Users\Administrator\source\repos\xtlua-Tu-154\XTLua\src\imgui\imgui_tables.cpp:2905:5: note: Calling 'TableSortSpecsBuild'
 2905 |     TableSortSpecsBuild(table);
      |     ^~~~~~~~~~~~~~~~~~~~~~~~~~
C:\Users\Administrator\source\repos\xtlua-Tu-154\XTLua\src\imgui\imgui_tables.cpp:3044:9: note: Assuming 'dirty' is true
 3044 |     if (dirty)
      |         ^~~~~
C:\Users\Administrator\source\repos\xtlua-Tu-154\XTLua\src\imgui\imgui_tables.cpp:3044:5: note: Taking true branch
 3044 |     if (dirty)
      |     ^
C:\Users\Administrator\source\repos\xtlua-Tu-154\XTLua\src\imgui\imgui_tables.cpp:3046:9: note: Calling 'TableSortSpecsSanitize'
 3046 |         TableSortSpecsSanitize(table);
      |         ^~~~~~~~~~~~~~~~~~~~~~~~~~~~~
C:\Users\Administrator\source\repos\xtlua-Tu-154\XTLua\src\imgui\imgui_tables.cpp:2982:28: note: Assuming 'column_n' is < field 'ColumnsCount'
 2982 |     for (int column_n = 0; column_n < table->ColumnsCount; column_n++)
      |                            ^~~~~~~~~~~~~~~~~~~~~~~~~~~~~~
C:\Users\Administrator\source\repos\xtlua-Tu-154\XTLua\src\imgui\imgui_tables.cpp:2982:5: note: Loop condition is true.  Entering loop body
 2982 |     for (int column_n = 0; column_n < table->ColumnsCount; column_n++)
      |     ^
C:\Users\Administrator\source\repos\xtlua-Tu-154\XTLua\src\imgui\imgui_tables.cpp:2985:13: note: Assuming the condition is true
 2985 |         if (column->SortOrder != -1 && !column->IsEnabled)
      |             ^~~~~~~~~~~~~~~~~~~~~~~
C:\Users\Administrator\source\repos\xtlua-Tu-154\XTLua\src\imgui\imgui_tables.cpp:2985:13: note: Left side of '&&' is true
C:\Users\Administrator\source\repos\xtlua-Tu-154\XTLua\src\imgui\imgui_tables.cpp:2985:40: note: Assuming field 'IsEnabled' is true
 2985 |         if (column->SortOrder != -1 && !column->IsEnabled)
      |                                        ^~~~~~~~~~~~~~~~~~
C:\Users\Administrator\source\repos\xtlua-Tu-154\XTLua\src\imgui\imgui_tables.cpp:2985:9: note: Taking false branch
 2985 |         if (column->SortOrder != -1 && !column->IsEnabled)
      |         ^
C:\Users\Administrator\source\repos\xtlua-Tu-154\XTLua\src\imgui\imgui_tables.cpp:2987:9: note: Taking false branch
 2987 |         if (column->SortOrder == -1)
      |         ^
C:\Users\Administrator\source\repos\xtlua-Tu-154\XTLua\src\imgui\imgui_tables.cpp:2990:29: note: Assuming right operand of bit shift is non-negative but less than 64
 2990 |         sort_order_mask |= ((ImU64)1 << column->SortOrder);
      |                             ^~~~~~~~~~~~~~~~~~~~~~~~~~~~~
C:\Users\Administrator\source\repos\xtlua-Tu-154\XTLua\src\imgui\imgui_tables.cpp:2982:28: note: Assuming 'column_n' is >= field 'ColumnsCount'
 2982 |     for (int column_n = 0; column_n < table->ColumnsCount; column_n++)
      |                            ^~~~~~~~~~~~~~~~~~~~~~~~~~~~~~
C:\Users\Administrator\source\repos\xtlua-Tu-154\XTLua\src\imgui\imgui_tables.cpp:2982:5: note: Loop condition is false. Execution continues on line 2994
 2982 |     for (int column_n = 0; column_n < table->ColumnsCount; column_n++)
      |     ^
C:\Users\Administrator\source\repos\xtlua-Tu-154\XTLua\src\imgui\imgui_tables.cpp:2994:37: note: Assuming the condition is true
 2994 |     const bool need_fix_linearize = ((ImU64)1 << sort_order_count) != (sort_order_mask + 1);
      |                                     ^~~~~~~~~~~~~~~~~~~~~~~~~~~~~~~~~~~~~~~~~~~~~~~~~~~~~~~
C:\Users\Administrator\source\repos\xtlua-Tu-154\XTLua\src\imgui\imgui_tables.cpp:2995:46: note: 'sort_order_count' is <= 1
 2995 |     const bool need_fix_single_sort_order = (sort_order_count > 1) && !(table->Flags & ImGuiTableFlags_SortMulti);
      |                                              ^~~~~~~~~~~~~~~~
C:\Users\Administrator\source\repos\xtlua-Tu-154\XTLua\src\imgui\imgui_tables.cpp:2995:68: note: Left side of '&&' is false
 2995 |     const bool need_fix_single_sort_order = (sort_order_count > 1) && !(table->Flags & ImGuiTableFlags_SortMulti);
      |                                                                    ^
C:\Users\Administrator\source\repos\xtlua-Tu-154\XTLua\src\imgui\imgui_tables.cpp:2996:9: note: 'need_fix_linearize' is true
 2996 |     if (need_fix_linearize || need_fix_single_sort_order)
      |         ^~~~~~~~~~~~~~~~~~
C:\Users\Administrator\source\repos\xtlua-Tu-154\XTLua\src\imgui\imgui_tables.cpp:2996:28: note: Left side of '||' is true
 2996 |     if (need_fix_linearize || need_fix_single_sort_order)
      |                            ^
C:\Users\Administrator\source\repos\xtlua-Tu-154\XTLua\src\imgui\imgui_tables.cpp:2999:9: note: Loop condition is true.  Entering loop body
 2999 |         for (int sort_n = 0; sort_n < sort_order_count; sort_n++)
      |         ^
C:\Users\Administrator\source\repos\xtlua-Tu-154\XTLua\src\imgui\imgui_tables.cpp:3003:13: note: 'column_with_smallest_sort_order' initialized to -1
 3003 |             int column_with_smallest_sort_order = -1;
      |             ^~~~~~~~~~~~~~~~~~~~~~~~~~~~~~~~~~~
C:\Users\Administrator\source\repos\xtlua-Tu-154\XTLua\src\imgui\imgui_tables.cpp:3004:36: note: Assuming 'column_n' is >= field 'ColumnsCount'
 3004 |             for (int column_n = 0; column_n < table->ColumnsCount; column_n++)
      |                                    ^~~~~~~~~~~~~~~~~~~~~~~~~~~~~~
C:\Users\Administrator\source\repos\xtlua-Tu-154\XTLua\src\imgui\imgui_tables.cpp:3004:13: note: Loop condition is false. Execution continues on line 3008
 3004 |             for (int column_n = 0; column_n < table->ColumnsCount; column_n++)
      |             ^
C:\Users\Administrator\source\repos\xtlua-Tu-154\XTLua\src\imgui\imgui_tables.cpp:3009:37: note: The result of left shift is undefined because the right operand is negative
 3009 |             fixed_mask |= ((ImU64)1 << column_with_smallest_sort_order);
      |                            ~~~~~~~~~^~~~~~~~~~~~~~~~~~~~~~~~~~~~~~~~~~
C:\Users\Administrator\source\repos\xtlua-Tu-154\XTLua\src\imgui\imgui_tables.cpp:3611:9: warning: Value stored to 'want_separator' is never read [clang-analyzer-deadcode.DeadStores]
 3611 |         want_separator = true;
      |         ^                ~~~~
C:\Users\Administrator\source\repos\xtlua-Tu-154\XTLua\src\imgui\imgui_tables.cpp:3611:9: note: Value stored to 'want_separator' is never read
 3611 |         want_separator = true;
      |         ^                ~~~~
C:\Users\Administrator\source\repos\xtlua-Tu-154\XTLua\src\imgui\imgui_tables.cpp:3960:67: warning: Value stored to 'line' is never read [clang-analyzer-deadcode.DeadStores]
 3960 |         if (sscanf(line, "Sort=%d%c%n", &n, &c, &r) == 2)       { line = ImStrSkipBlank(line + r); column->SortOrder = (ImGuiTableColumnIdx)n; column->SortDirection = (c == '^') ? ImGuiSortDirection_Descending : ImGuiSortDirection_Ascending; settings->SaveFlags |= ImGuiTableFlags_Sortable; }
      |                                                                   ^      ~~~~~~~~~~~~~~~~~~~~~~~~
C:\Users\Administrator\source\repos\xtlua-Tu-154\XTLua\src\imgui\imgui_tables.cpp:3960:67: note: Value stored to 'line' is never read
 3960 |         if (sscanf(line, "Sort=%d%c%n", &n, &c, &r) == 2)       { line = ImStrSkipBlank(line + r); column->SortOrder = (ImGuiTableColumnIdx)n; column->SortDirection = (c == '^') ? ImGuiSortDirection_Descending : ImGuiSortDirection_Ascending; settings->SaveFlags |= ImGuiTableFlags_Sortable; }
      |                                                                   ^      ~~~~~~~~~~~~~~~~~~~~~~~~
C:\Users\Administrator\source\repos\xtlua-Tu-154\XTLua\src\imgui\imgui_internal.h:401:91: warning: Although the value stored to 'c' is used in the enclosing expression, the value is never actually read from 'c' [clang-analyzer-deadcode.DeadStores]
  401 | inline char             ImToUpper(char c)               { return (c >= 'a' && c <= 'z') ? c &= ~32 : c; }
      |                                                                                           ^    ~~~
C:\Users\Administrator\source\repos\xtlua-Tu-154\XTLua\src\imgui\imgui_internal.h:401:91: note: Although the value stored to 'c' is used in the enclosing expression, the value is never actually read from 'c'
  401 | inline char             ImToUpper(char c)               { return (c >= 'a' && c <= 'z') ? c &= ~32 : c; }
      |                                                                                           ^    ~~~
C:\Users\Administrator\source\repos\xtlua-Tu-154\XTLua\src\imgui\imgui_internal.h:2192:8: warning: Excessive padding in 'struct ImGuiContext' (78 padding bytes, where 6 is optimal). Optimal fields order: Time, Font, FontBaked, TestEngine, CurrentWindow, HoveredWindow, HoveredWindowUnderMovingWindow, HoveredWindowBeforeClear, MovingWindow, WheelingWindow, ActiveIdWindow, LastKeyModsChangeTime, LastKeyModsChangeFromNoneTime, LastKeyboardKeyPressTime, NavWindow, NavLastValidSelectionUserData, NavWindowingTarget, NavWindowingTargetAnim, NavWindowingListWindow, CurrentTable, CurrentTabBar, CurrentMultiSelect, TooltipPreviousWindow, DemoMarkerCallback, LogWindow, LogFile, LogNextPrefix, LogNextSuffix, ErrorCallback, ErrorCallbackUserData, StackSizesInBeginForCurrentWindow, FontAtlases, InputEventsQueue, InputEventsTrail, Windows, WindowsFocusOrder, WindowsTempSortBuffer, CurrentWindowStack, WindowsById, ColorStack, StyleVarStack, FontStack, FocusScopeStack, ItemFlagsStack, GroupStack, OpenPopupStack, BeginPopupStack, TreeNodeStack, Viewports, NavFocusRoute, DragDropPayloadBufHeap, ClipperTempData, TablesTempData, TablesLastTimeActive, DrawChannelsTempMergeBuffer, CurrentTabBarStack, ShrinkWidthBuffer, MultiSelectTempData, ClipboardHandlerData, MenusIdSubmittedThisFrame, UserTextures, SettingsIniData, SettingsHandlers, SettingsWindows, SettingsTables, Hooks, LogBuffer, DebugLogBuf, TempBuffer, InputTextLineIndex, InputTextDeactivatedState, DebugLogIndex, Tables, TabBars, MultiSelectStorage, NextItemData, NavInitResult, NavMoveResultLocal, NavMoveResultLocalVisible, NavMoveResultOther, NavTabbingResultFirst, DebugItemPathQuery, DragDropPayload, LocalizationTable, PlatformIO, BoxSelectState, InputTextPasswordFontBackupBaked, TypingSelectState, NextWindowData, InputTextState, KeysRoutingTable, DrawListSharedData, IO, FrameCount, FrameCountEnded, FrameCountRendered, FontSize, FontSizeBase, FontBakedScale, FontRasterizerDensity, CurrentDpiScale, WithinEndChildID, InputEventsNextMouseSource, InputEventsNextEventId, WindowsActiveCount, WindowsBorderHoverPadding, DebugBreakInWindow, WheelingWindowStartFrame, WheelingWindowScrolledFrame, WheelingWindowReleaseTimer, DebugDrawIdConflictsId, DebugHookIdInfoId, HoveredId, HoveredIdPreviousFrame, HoveredIdPreviousFrameItemCount, HoveredIdTimer, HoveredIdNotActiveTimer, ActiveId, ActiveIdIsAlive, ActiveIdTimer, ActiveIdDisabledId, ActiveIdSource, ActiveIdPreviousFrame, LastActiveId, LastActiveIdTimer, ActiveIdUsingNavDirMask, DebugBreakInShortcutRouting, CurrentFocusScopeId, CurrentItemFlags, DebugLocateId, DebugFlashStyleColorIdx, NavId, NavFocusScopeId, NavLayer, NavIdItemFlags, NavActivateId, NavActivateDownId, NavActivatePressedId, NavActivateFlags, NavHighlightActivatedId, NavHighlightActivatedTimer, NavOpenContextMenuItemId, NavOpenContextMenuWindowId, NavNextActivateId, NavNextActivateFlags, NavInputSource, NavMoveFlags, NavMoveScrollFlags, NavMoveKeyMods, NavMoveDir, NavMoveDirForDebug, NavMoveClipDir, NavScoringDebugCount, NavTabbingDir, NavTabbingCounter, NavJustMovedFromFocusScopeId, NavJustMovedToId, NavJustMovedToFocusScopeId, NavJustMovedToKeyMods, ConfigNavWindowingKeyNext, ConfigNavWindowingKeyPrev, NavWindowingTimer, NavWindowingHighlightAlpha, NavWindowingInputSource, NavWindowingToggleKey, DimBgRatio, DragDropSourceFlags, DragDropSourceFrameCount, DragDropMouseButton, DragDropTargetId, DragDropTargetFullViewport, DragDropAcceptFlagsCurr, DragDropAcceptFlagsPrev, DragDropAcceptIdCurrRectSurface, DragDropAcceptIdCurr, DragDropAcceptIdPrev, DragDropAcceptFrameCount, DragDropHoldJustPressedId, ClipperTempDataStacked, DebugBreakInTable, TablesTempDataStacked, MultiSelectTempDataStacked, HoverItemDelayId, HoverItemDelayIdPreviousFrame, HoverItemDelayTimer, HoverItemDelayClearTimer, HoverItemUnlockedStationaryId, HoverWindowUnlockedStationaryId, MouseCursor, MouseStationaryTimer, InputTextPasswordFontBackupFlags, InputTextReactivateId, TempInputId, BeginMenuDepth, BeginComboDepth, ColorEditOptions, ColorEditCurrentID, ColorEditSavedID, ColorEditSavedHue, ColorEditSavedSat, ColorEditSavedColor, ScrollbarClickDeltaToGrabCenter, SliderGrabClickOffset, SliderCurrentAccum, DragCurrentAccum, DragSpeedDefaultRatio, DisabledAlphaBackup, SettingsDirtyTimer, HookIdNext, LogFlags, LogLinePosY, LogDepthRef, LogDepthToExpand, LogDepthToExpandDefault, ErrorCountCurrentFrame, DebugDrawIdConflictsCount, DebugLogFlags, DebugLogSkippedErrors, DebugLogAutoDisableFlags, DebugBreakKeyChord, DebugItemPickerBreakId, DebugFlashStyleColorTime, FramerateSecPerFrameIdx, FramerateSecPerFrameCount, FramerateSecPerFrameAccum, WantCaptureMouseNextFrame, WantCaptureKeyboardNextFrame, WantTextInputNextFrame, WheelingWindowRefMousePos, WheelingWindowWheelRemainder, WheelingAxisAvg, ActiveIdClickOffset, NavWindowingAccumDeltaPos, NavWindowingAccumDeltaSize, MouseLastValidPos, ErrorTooltipLockedPos, DeactivatedItemData, DebugIDStackTool, NavScoringRect, NavScoringNoClipRect, DragDropTargetRect, DragDropTargetClipRect, ColorPickerRef, WindowResizeBorderExpectedRect, DebugFlashStyleColorBackup, KeysMayBeCharInput, PlatformImeData, PlatformImeDataPrev, DebugMetricsConfig, ComboPreviewData, DebugAllocInfo, LastItemData, FramerateSecPerFrame, Style, KeysOwnerData, ScrollbarSeekMode, DisabledStackSize, TooltipOverrideCount, StackSizesInNewFrame, Initialized, WithinFrameScope, WithinFrameScopeWithImplicitWindow, TestEngineHookItems, HoveredIdAllowOverlap, HoveredIdIsDisabled, ItemUnclipByLog, ActiveIdIsJustActivated, ActiveIdAllowOverlap, ActiveIdNoClearOnFocusLoss, ActiveIdHasBeenPressedBefore, ActiveIdHasBeenEditedBefore, ActiveIdHasBeenEditedThisFrame, ActiveIdFromShortcut, ActiveIdMouseButton, ActiveIdUsingAllKeyboardKeys, DebugShowGroupRects, GcCompactAll, NavCursorVisible, NavHighlightItemUnderNav, NavMousePosDirty, NavIdIsAlive, NavCursorHideFrames, NavAnyRequest, NavInitRequest, NavInitRequestFromMove, NavMoveSubmitted, NavMoveScoringItems, NavMoveForwardToNextFrame, NavJustMovedToIsTabbing, NavJustMovedToHasSelectionData, ConfigNavEnableTabbing, ConfigNavWindowingWithGamepad, NavWindowingToggleLayer, DragDropActive, DragDropWithinSource, DragDropWithinTarget, WindowResizeRelativeMode, SliderCurrentAccumDirty, DragCurrentAccumDirty, SettingsLoaded, LogEnabled, LogLineFirstItem, ErrorFirst, DebugLogAutoDisableFrames, DebugLocateFrames, DebugBreakInLocateId, DebugBeginReturnValueCullDepth, DebugItemPickerActive, DebugItemPickerMouseButton, ActiveIdValueOnActivation, DataTypeZeroValue, ContextName, DragDropPayloadBufLocal, TempKeychordName, consider reordering the fields or adding explicit padding members [clang-analyzer-optin.performance.Padding]
 2192 | struct ImGuiContext
      | ~~~~~~~^~~~~~~~~~~~
 2193 | {
      | ~
 2194 |     bool                    Initialized;
      |     ~~~~~~~~~~~~~~~~~~~~~~~~~~~~~~~~~~~~
 2195 |     bool                    WithinFrameScope;                   // Set by NewFrame(), cleared by EndFrame()
      |     ~~~~~~~~~~~~~~~~~~~~~~~~~~~~~~~~~~~~~~~~~~~~~~~~~~~~~~~~~~~~~~~~~~~~~~~~~~~~~~~~~~~~~~~~~~~~~~~~~~~~~~~
 2196 |     bool                    WithinFrameScopeWithImplicitWindow; // Set by NewFrame(), cleared by EndFrame() when the implicit debug window has been pushed
      |     ~~~~~~~~~~~~~~~~~~~~~~~~~~~~~~~~~~~~~~~~~~~~~~~~~~~~~~~~~~~~~~~~~~~~~~~~~~~~~~~~~~~~~~~~~~~~~~~~~~~~~~~~~~~~~~~~~~~~~~~~~~~~~~~~~~~~~~~~~~~~~~~~~~~~~~
 2197 |     bool                    TestEngineHookItems;                // Will call test engine hooks: ImGuiTestEngineHook_ItemAdd(), ImGuiTestEngineHook_ItemInfo(), ImGuiTestEngineHook_Log()
      |     ~~~~~~~~~~~~~~~~~~~~~~~~~~~~~~~~~~~~~~~~~~~~~~~~~~~~~~~~~~~~~~~~~~~~~~~~~~~~~~~~~~~~~~~~~~~~~~~~~~~~~~~~~~~~~~~~~~~~~~~~~~~~~~~~~~~~~~~~~~~~~~~~~~~~~~~~~~~~~~~~~~~~~~~~~~~~~~~~~~~~
 2198 |     int                     FrameCount;
      |     ~~~~~~~~~~~~~~~~~~~~~~~~~~~~~~~~~~~
 2199 |     int                     FrameCountEnded;
      |     ~~~~~~~~~~~~~~~~~~~~~~~~~~~~~~~~~~~~~~~~
 2200 |     int                     FrameCountRendered;
      |     ~~~~~~~~~~~~~~~~~~~~~~~~~~~~~~~~~~~~~~~~~~~
 2201 |     double                  Time;
      |     ~~~~~~~~~~~~~~~~~~~~~~~~~~~~~
 2202 |     char                    ContextName[16];                    // Storage for a context name (to facilitate debugging multi-context setups)
      |     ~~~~~~~~~~~~~~~~~~~~~~~~~~~~~~~~~~~~~~~~~~~~~~~~~~~~~~~~~~~~~~~~~~~~~~~~~~~~~~~~~~~~~~~~~~~~~~~~~~~~~~~~~~~~~~~~~~~~~~~~~~~~~~~~~~~~~~~~
 2203 |     ImGuiIO                 IO;
      |     ~~~~~~~~~~~~~~~~~~~~~~~~~~~
 2204 |     ImGuiPlatformIO         PlatformIO;
      |     ~~~~~~~~~~~~~~~~~~~~~~~~~~~~~~~~~~~
 2205 |     ImGuiStyle              Style;
      |     ~~~~~~~~~~~~~~~~~~~~~~~~~~~~~~
 2206 |     ImVector<ImFontAtlas*>  FontAtlases;                        // List of font atlases used by the context (generally only contains g.IO.Fonts aka the main font atlas)
      |     ~~~~~~~~~~~~~~~~~~~~~~~~~~~~~~~~~~~~~~~~~~~~~~~~~~~~~~~~~~~~~~~~~~~~~~~~~~~~~~~~~~~~~~~~~~~~~~~~~~~~~~~~~~~~~~~~~~~~~~~~~~~~~~~~~~~~~~~~~~~~~~~~~~~~~~~~~~~~~~~~~~~~
 2207 |     ImFont*                 Font;                               // Currently bound font. (== FontStack.back().Font)
      |     ~~~~~~~~~~~~~~~~~~~~~~~~~~~~~~~~~~~~~~~~~~~~~~~~~~~~~~~~~~~~~~~~~~~~~~~~~~~~~~~~~~~~~~~~~~~~~~~~~~~~~~~~~~~~~~~
C:\Users\Administrator\source\repos\xtlua-Tu-154\XTLua\src\imgui\imgui_internal.h:2192:8: note: Excessive padding in 'struct ImGuiContext' (78 padding bytes, where 6 is optimal). Optimal fields order: Time, Font, FontBaked, TestEngine, CurrentWindow, HoveredWindow, HoveredWindowUnderMovingWindow, HoveredWindowBeforeClear, MovingWindow, WheelingWindow, ActiveIdWindow, LastKeyModsChangeTime, LastKeyModsChangeFromNoneTime, LastKeyboardKeyPressTime, NavWindow, NavLastValidSelectionUserData, NavWindowingTarget, NavWindowingTargetAnim, NavWindowingListWindow, CurrentTable, CurrentTabBar, CurrentMultiSelect, TooltipPreviousWindow, DemoMarkerCallback, LogWindow, LogFile, LogNextPrefix, LogNextSuffix, ErrorCallback, ErrorCallbackUserData, StackSizesInBeginForCurrentWindow, FontAtlases, InputEventsQueue, InputEventsTrail, Windows, WindowsFocusOrder, WindowsTempSortBuffer, CurrentWindowStack, WindowsById, ColorStack, StyleVarStack, FontStack, FocusScopeStack, ItemFlagsStack, GroupStack, OpenPopupStack, BeginPopupStack, TreeNodeStack, Viewports, NavFocusRoute, DragDropPayloadBufHeap, ClipperTempData, TablesTempData, TablesLastTimeActive, DrawChannelsTempMergeBuffer, CurrentTabBarStack, ShrinkWidthBuffer, MultiSelectTempData, ClipboardHandlerData, MenusIdSubmittedThisFrame, UserTextures, SettingsIniData, SettingsHandlers, SettingsWindows, SettingsTables, Hooks, LogBuffer, DebugLogBuf, TempBuffer, InputTextLineIndex, InputTextDeactivatedState, DebugLogIndex, Tables, TabBars, MultiSelectStorage, NextItemData, NavInitResult, NavMoveResultLocal, NavMoveResultLocalVisible, NavMoveResultOther, NavTabbingResultFirst, DebugItemPathQuery, DragDropPayload, LocalizationTable, PlatformIO, BoxSelectState, InputTextPasswordFontBackupBaked, TypingSelectState, NextWindowData, InputTextState, KeysRoutingTable, DrawListSharedData, IO, FrameCount, FrameCountEnded, FrameCountRendered, FontSize, FontSizeBase, FontBakedScale, FontRasterizerDensity, CurrentDpiScale, WithinEndChildID, InputEventsNextMouseSource, InputEventsNextEventId, WindowsActiveCount, WindowsBorderHoverPadding, DebugBreakInWindow, WheelingWindowStartFrame, WheelingWindowScrolledFrame, WheelingWindowReleaseTimer, DebugDrawIdConflictsId, DebugHookIdInfoId, HoveredId, HoveredIdPreviousFrame, HoveredIdPreviousFrameItemCount, HoveredIdTimer, HoveredIdNotActiveTimer, ActiveId, ActiveIdIsAlive, ActiveIdTimer, ActiveIdDisabledId, ActiveIdSource, ActiveIdPreviousFrame, LastActiveId, LastActiveIdTimer, ActiveIdUsingNavDirMask, DebugBreakInShortcutRouting, CurrentFocusScopeId, CurrentItemFlags, DebugLocateId, DebugFlashStyleColorIdx, NavId, NavFocusScopeId, NavLayer, NavIdItemFlags, NavActivateId, NavActivateDownId, NavActivatePressedId, NavActivateFlags, NavHighlightActivatedId, NavHighlightActivatedTimer, NavOpenContextMenuItemId, NavOpenContextMenuWindowId, NavNextActivateId, NavNextActivateFlags, NavInputSource, NavMoveFlags, NavMoveScrollFlags, NavMoveKeyMods, NavMoveDir, NavMoveDirForDebug, NavMoveClipDir, NavScoringDebugCount, NavTabbingDir, NavTabbingCounter, NavJustMovedFromFocusScopeId, NavJustMovedToId, NavJustMovedToFocusScopeId, NavJustMovedToKeyMods, ConfigNavWindowingKeyNext, ConfigNavWindowingKeyPrev, NavWindowingTimer, NavWindowingHighlightAlpha, NavWindowingInputSource, NavWindowingToggleKey, DimBgRatio, DragDropSourceFlags, DragDropSourceFrameCount, DragDropMouseButton, DragDropTargetId, DragDropTargetFullViewport, DragDropAcceptFlagsCurr, DragDropAcceptFlagsPrev, DragDropAcceptIdCurrRectSurface, DragDropAcceptIdCurr, DragDropAcceptIdPrev, DragDropAcceptFrameCount, DragDropHoldJustPressedId, ClipperTempDataStacked, DebugBreakInTable, TablesTempDataStacked, MultiSelectTempDataStacked, HoverItemDelayId, HoverItemDelayIdPreviousFrame, HoverItemDelayTimer, HoverItemDelayClearTimer, HoverItemUnlockedStationaryId, HoverWindowUnlockedStationaryId, MouseCursor, MouseStationaryTimer, InputTextPasswordFontBackupFlags, InputTextReactivateId, TempInputId, BeginMenuDepth, BeginComboDepth, ColorEditOptions, ColorEditCurrentID, ColorEditSavedID, ColorEditSavedHue, ColorEditSavedSat, ColorEditSavedColor, ScrollbarClickDeltaToGrabCenter, SliderGrabClickOffset, SliderCurrentAccum, DragCurrentAccum, DragSpeedDefaultRatio, DisabledAlphaBackup, SettingsDirtyTimer, HookIdNext, LogFlags, LogLinePosY, LogDepthRef, LogDepthToExpand, LogDepthToExpandDefault, ErrorCountCurrentFrame, DebugDrawIdConflictsCount, DebugLogFlags, DebugLogSkippedErrors, DebugLogAutoDisableFlags, DebugBreakKeyChord, DebugItemPickerBreakId, DebugFlashStyleColorTime, FramerateSecPerFrameIdx, FramerateSecPerFrameCount, FramerateSecPerFrameAccum, WantCaptureMouseNextFrame, WantCaptureKeyboardNextFrame, WantTextInputNextFrame, WheelingWindowRefMousePos, WheelingWindowWheelRemainder, WheelingAxisAvg, ActiveIdClickOffset, NavWindowingAccumDeltaPos, NavWindowingAccumDeltaSize, MouseLastValidPos, ErrorTooltipLockedPos, DeactivatedItemData, DebugIDStackTool, NavScoringRect, NavScoringNoClipRect, DragDropTargetRect, DragDropTargetClipRect, ColorPickerRef, WindowResizeBorderExpectedRect, DebugFlashStyleColorBackup, KeysMayBeCharInput, PlatformImeData, PlatformImeDataPrev, DebugMetricsConfig, ComboPreviewData, DebugAllocInfo, LastItemData, FramerateSecPerFrame, Style, KeysOwnerData, ScrollbarSeekMode, DisabledStackSize, TooltipOverrideCount, StackSizesInNewFrame, Initialized, WithinFrameScope, WithinFrameScopeWithImplicitWindow, TestEngineHookItems, HoveredIdAllowOverlap, HoveredIdIsDisabled, ItemUnclipByLog, ActiveIdIsJustActivated, ActiveIdAllowOverlap, ActiveIdNoClearOnFocusLoss, ActiveIdHasBeenPressedBefore, ActiveIdHasBeenEditedBefore, ActiveIdHasBeenEditedThisFrame, ActiveIdFromShortcut, ActiveIdMouseButton, ActiveIdUsingAllKeyboardKeys, DebugShowGroupRects, GcCompactAll, NavCursorVisible, NavHighlightItemUnderNav, NavMousePosDirty, NavIdIsAlive, NavCursorHideFrames, NavAnyRequest, NavInitRequest, NavInitRequestFromMove, NavMoveSubmitted, NavMoveScoringItems, NavMoveForwardToNextFrame, NavJustMovedToIsTabbing, NavJustMovedToHasSelectionData, ConfigNavEnableTabbing, ConfigNavWindowingWithGamepad, NavWindowingToggleLayer, DragDropActive, DragDropWithinSource, DragDropWithinTarget, WindowResizeRelativeMode, SliderCurrentAccumDirty, DragCurrentAccumDirty, SettingsLoaded, LogEnabled, LogLineFirstItem, ErrorFirst, DebugLogAutoDisableFrames, DebugLocateFrames, DebugBreakInLocateId, DebugBeginReturnValueCullDepth, DebugItemPickerActive, DebugItemPickerMouseButton, ActiveIdValueOnActivation, DataTypeZeroValue, ContextName, DragDropPayloadBufLocal, TempKeychordName, consider reordering the fields or adding explicit padding members
 2192 | struct ImGuiContext
      | ~~~~~~~^~~~~~~~~~~~
 2193 | {
      | ~
 2194 |     bool                    Initialized;
      |     ~~~~~~~~~~~~~~~~~~~~~~~~~~~~~~~~~~~~
 2195 |     bool                    WithinFrameScope;                   // Set by NewFrame(), cleared by EndFrame()
      |     ~~~~~~~~~~~~~~~~~~~~~~~~~~~~~~~~~~~~~~~~~~~~~~~~~~~~~~~~~~~~~~~~~~~~~~~~~~~~~~~~~~~~~~~~~~~~~~~~~~~~~~~
 2196 |     bool                    WithinFrameScopeWithImplicitWindow; // Set by NewFrame(), cleared by EndFrame() when the implicit debug window has been pushed
      |     ~~~~~~~~~~~~~~~~~~~~~~~~~~~~~~~~~~~~~~~~~~~~~~~~~~~~~~~~~~~~~~~~~~~~~~~~~~~~~~~~~~~~~~~~~~~~~~~~~~~~~~~~~~~~~~~~~~~~~~~~~~~~~~~~~~~~~~~~~~~~~~~~~~~~~~
 2197 |     bool                    TestEngineHookItems;                // Will call test engine hooks: ImGuiTestEngineHook_ItemAdd(), ImGuiTestEngineHook_ItemInfo(), ImGuiTestEngineHook_Log()
      |     ~~~~~~~~~~~~~~~~~~~~~~~~~~~~~~~~~~~~~~~~~~~~~~~~~~~~~~~~~~~~~~~~~~~~~~~~~~~~~~~~~~~~~~~~~~~~~~~~~~~~~~~~~~~~~~~~~~~~~~~~~~~~~~~~~~~~~~~~~~~~~~~~~~~~~~~~~~~~~~~~~~~~~~~~~~~~~~~~~~~~
 2198 |     int                     FrameCount;
      |     ~~~~~~~~~~~~~~~~~~~~~~~~~~~~~~~~~~~
 2199 |     int                     FrameCountEnded;
      |     ~~~~~~~~~~~~~~~~~~~~~~~~~~~~~~~~~~~~~~~~
 2200 |     int                     FrameCountRendered;
      |     ~~~~~~~~~~~~~~~~~~~~~~~~~~~~~~~~~~~~~~~~~~~
 2201 |     double                  Time;
      |     ~~~~~~~~~~~~~~~~~~~~~~~~~~~~~
 2202 |     char                    ContextName[16];                    // Storage for a context name (to facilitate debugging multi-context setups)
      |     ~~~~~~~~~~~~~~~~~~~~~~~~~~~~~~~~~~~~~~~~~~~~~~~~~~~~~~~~~~~~~~~~~~~~~~~~~~~~~~~~~~~~~~~~~~~~~~~~~~~~~~~~~~~~~~~~~~~~~~~~~~~~~~~~~~~~~~~~
 2203 |     ImGuiIO                 IO;
      |     ~~~~~~~~~~~~~~~~~~~~~~~~~~~
 2204 |     ImGuiPlatformIO         PlatformIO;
      |     ~~~~~~~~~~~~~~~~~~~~~~~~~~~~~~~~~~~
 2205 |     ImGuiStyle              Style;
      |     ~~~~~~~~~~~~~~~~~~~~~~~~~~~~~~
 2206 |     ImVector<ImFontAtlas*>  FontAtlases;                        // List of font atlases used by the context (generally only contains g.IO.Fonts aka the main font atlas)
      |     ~~~~~~~~~~~~~~~~~~~~~~~~~~~~~~~~~~~~~~~~~~~~~~~~~~~~~~~~~~~~~~~~~~~~~~~~~~~~~~~~~~~~~~~~~~~~~~~~~~~~~~~~~~~~~~~~~~~~~~~~~~~~~~~~~~~~~~~~~~~~~~~~~~~~~~~~~~~~~~~~~~~~
 2207 |     ImFont*                 Font;                               // Currently bound font. (== FontStack.back().Font)
      |     ~~~~~~~~~~~~~~~~~~~~~~~~~~~~~~~~~~~~~~~~~~~~~~~~~~~~~~~~~~~~~~~~~~~~~~~~~~~~~~~~~~~~~~~~~~~~~~~~~~~~~~~~~~~~~~~
C:\Users\Administrator\source\repos\xtlua-Tu-154\XTLua\src\imgui\imgui_widgets.cpp:5336:17: warning: Value stored to 'callback_buf' is never read [clang-analyzer-deadcode.DeadStores]
 5336 |                 callback_buf = is_readonly ? buf : state->TextA.Data; // Pointer may have been invalidated by a resize callback
      |                 ^              ~~~~~~~~~~~~~~~~~~~~~~~~~~~~~~~~~~~~~
C:\Users\Administrator\source\repos\xtlua-Tu-154\XTLua\src\imgui\imgui_widgets.cpp:5336:17: note: Value stored to 'callback_buf' is never read
 5336 |                 callback_buf = is_readonly ? buf : state->TextA.Data; // Pointer may have been invalidated by a resize callback
      |                 ^              ~~~~~~~~~~~~~~~~~~~~~~~~~~~~~~~~~~~~~
C:\Users\Administrator\source\repos\xtlua-Tu-154\XTLua\src\imgui\imgui_widgets.cpp:6531:23: warning: Out of bound access to memory after the end of 'col_v4.x' [clang-analyzer-security.ArrayBound]
 6531 |     ImVec4 cf(col[0], col[1], col[2], (flags & ImGuiColorEditFlags_NoAlpha) ? 1.0f : col[3]);
      |                       ^
C:\Users\Administrator\source\repos\xtlua-Tu-154\XTLua\src\imgui\imgui_widgets.cpp:5767:9: note: Assuming field 'SkipItems' is false
 5767 |     if (window->SkipItems)
      |         ^~~~~~~~~~~~~~~~~
C:\Users\Administrator\source\repos\xtlua-Tu-154\XTLua\src\imgui\imgui_widgets.cpp:5767:5: note: Taking false branch
 5767 |     if (window->SkipItems)
      |     ^
C:\Users\Administrator\source\repos\xtlua-Tu-154\XTLua\src\imgui\imgui_widgets.cpp:5779:45: note: Assuming field 'ColorEditCurrentID' is not equal to 0
 5779 |     const bool set_current_color_edit_id = (g.ColorEditCurrentID == 0);
      |                                             ^~~~~~~~~~~~~~~~~~~~~~~~~
C:\Users\Administrator\source\repos\xtlua-Tu-154\XTLua\src\imgui\imgui_widgets.cpp:5780:9: note: 'set_current_color_edit_id' is false
 5780 |     if (set_current_color_edit_id)
      |         ^~~~~~~~~~~~~~~~~~~~~~~~~
C:\Users\Administrator\source\repos\xtlua-Tu-154\XTLua\src\imgui\imgui_widgets.cpp:5780:5: note: Taking false branch
 5780 |     if (set_current_color_edit_id)
      |     ^
C:\Users\Administrator\source\repos\xtlua-Tu-154\XTLua\src\imgui\imgui_widgets.cpp:5785:9: note: Assuming the condition is false
 5785 |     if (flags & ImGuiColorEditFlags_NoInputs)
      |         ^~~~~~~~~~~~~~~~~~~~~~~~~~~~~~~~~~~~
C:\Users\Administrator\source\repos\xtlua-Tu-154\XTLua\src\imgui\imgui_widgets.cpp:5785:5: note: Taking false branch
 5785 |     if (flags & ImGuiColorEditFlags_NoInputs)
      |     ^
C:\Users\Administrator\source\repos\xtlua-Tu-154\XTLua\src\imgui\imgui_widgets.cpp:5789:9: note: Assuming the condition is false
 5789 |     if (!(flags & ImGuiColorEditFlags_NoOptions))
      |         ^~~~~~~~~~~~~~~~~~~~~~~~~~~~~~~~~~~~~~~~
C:\Users\Administrator\source\repos\xtlua-Tu-154\XTLua\src\imgui\imgui_widgets.cpp:5789:5: note: Taking false branch
 5789 |     if (!(flags & ImGuiColorEditFlags_NoOptions))
      |     ^
C:\Users\Administrator\source\repos\xtlua-Tu-154\XTLua\src\imgui\imgui_widgets.cpp:5793:9: note: Assuming the condition is false
 5793 |     if (!(flags & ImGuiColorEditFlags_DisplayMask_))
      |         ^~~~~~~~~~~~~~~~~~~~~~~~~~~~~~~~~~~~~~~~~~~
C:\Users\Administrator\source\repos\xtlua-Tu-154\XTLua\src\imgui\imgui_widgets.cpp:5793:5: note: Taking false branch
 5793 |     if (!(flags & ImGuiColorEditFlags_DisplayMask_))
      |     ^
C:\Users\Administrator\source\repos\xtlua-Tu-154\XTLua\src\imgui\imgui_widgets.cpp:5795:9: note: Assuming the condition is false
 5795 |     if (!(flags & ImGuiColorEditFlags_DataTypeMask_))
      |         ^~~~~~~~~~~~~~~~~~~~~~~~~~~~~~~~~~~~~~~~~~~~
C:\Users\Administrator\source\repos\xtlua-Tu-154\XTLua\src\imgui\imgui_widgets.cpp:5795:5: note: Taking false branch
 5795 |     if (!(flags & ImGuiColorEditFlags_DataTypeMask_))
      |     ^
C:\Users\Administrator\source\repos\xtlua-Tu-154\XTLua\src\imgui\imgui_widgets.cpp:5797:9: note: Assuming the condition is false
 5797 |     if (!(flags & ImGuiColorEditFlags_PickerMask_))
      |         ^~~~~~~~~~~~~~~~~~~~~~~~~~~~~~~~~~~~~~~~~~
C:\Users\Administrator\source\repos\xtlua-Tu-154\XTLua\src\imgui\imgui_widgets.cpp:5797:5: note: Taking false branch
 5797 |     if (!(flags & ImGuiColorEditFlags_PickerMask_))
      |     ^
C:\Users\Administrator\source\repos\xtlua-Tu-154\XTLua\src\imgui\imgui_widgets.cpp:5799:9: note: Assuming the condition is false
 5799 |     if (!(flags & ImGuiColorEditFlags_InputMask_))
      |         ^~~~~~~~~~~~~~~~~~~~~~~~~~~~~~~~~~~~~~~~~
C:\Users\Administrator\source\repos\xtlua-Tu-154\XTLua\src\imgui\imgui_widgets.cpp:5799:5: note: Taking false branch
 5799 |     if (!(flags & ImGuiColorEditFlags_InputMask_))
      |     ^
C:\Users\Administrator\source\repos\xtlua-Tu-154\XTLua\src\imgui\imgui_widgets.cpp:5805:24: note: Assuming the condition is false
 5805 |     const bool alpha = (flags & ImGuiColorEditFlags_NoAlpha) == 0;
      |                        ^~~~~~~~~~~~~~~~~~~~~~~~~~~~~~~~~~~~~~~~~~
C:\Users\Administrator\source\repos\xtlua-Tu-154\XTLua\src\imgui\imgui_widgets.cpp:5806:22: note: Assuming the condition is false
 5806 |     const bool hdr = (flags & ImGuiColorEditFlags_HDR) != 0;
      |                      ^~~~~~~~~~~~~~~~~~~~~~~~~~~~~~~~~~~~~~
C:\Users\Administrator\source\repos\xtlua-Tu-154\XTLua\src\imgui\imgui_widgets.cpp:5807:28: note: 'alpha' is false
 5807 |     const int components = alpha ? 4 : 3;
      |                            ^~~~~
C:\Users\Administrator\source\repos\xtlua-Tu-154\XTLua\src\imgui\imgui_widgets.cpp:5807:28: note: '?' condition is false
C:\Users\Administrator\source\repos\xtlua-Tu-154\XTLua\src\imgui\imgui_widgets.cpp:5808:28: note: Assuming the condition is false
 5808 |     const float w_button = (flags & ImGuiColorEditFlags_NoSmallPreview) ? 0.0f : (square_sz + style.ItemInnerSpacing.x);
      |                            ^~~~~~~~~~~~~~~~~~~~~~~~~~~~~~~~~~~~~~~~~~~~
C:\Users\Administrator\source\repos\xtlua-Tu-154\XTLua\src\imgui\imgui_widgets.cpp:5808:28: note: '?' condition is false
C:\Users\Administrator\source\repos\xtlua-Tu-154\XTLua\src\imgui\imgui_widgets.cpp:5813:44: note: 'alpha' is false
 5813 |     float f[4] = { col[0], col[1], col[2], alpha ? col[3] : 1.0f };
      |                                            ^~~~~
C:\Users\Administrator\source\repos\xtlua-Tu-154\XTLua\src\imgui\imgui_widgets.cpp:5813:44: note: '?' condition is false
C:\Users\Administrator\source\repos\xtlua-Tu-154\XTLua\src\imgui\imgui_widgets.cpp:5814:9: note: Assuming the condition is false
 5814 |     if ((flags & ImGuiColorEditFlags_InputHSV) && (flags & ImGuiColorEditFlags_DisplayRGB))
      |         ^~~~~~~~~~~~~~~~~~~~~~~~~~~~~~~~~~~~~~
C:\Users\Administrator\source\repos\xtlua-Tu-154\XTLua\src\imgui\imgui_widgets.cpp:5814:48: note: Left side of '&&' is false
 5814 |     if ((flags & ImGuiColorEditFlags_InputHSV) && (flags & ImGuiColorEditFlags_DisplayRGB))
      |                                                ^
C:\Users\Administrator\source\repos\xtlua-Tu-154\XTLua\src\imgui\imgui_widgets.cpp:5816:14: note: Assuming the condition is false
 5816 |     else if ((flags & ImGuiColorEditFlags_InputRGB) && (flags & ImGuiColorEditFlags_DisplayHSV))
      |              ^~~~~~~~~~~~~~~~~~~~~~~~~~~~~~~~~~~~~~
C:\Users\Administrator\source\repos\xtlua-Tu-154\XTLua\src\imgui\imgui_widgets.cpp:5816:53: note: Left side of '&&' is false
 5816 |     else if ((flags & ImGuiColorEditFlags_InputRGB) && (flags & ImGuiColorEditFlags_DisplayHSV))
      |                                                     ^
C:\Users\Administrator\source\repos\xtlua-Tu-154\XTLua\src\imgui\imgui_widgets.cpp:5822:18: note: Assuming the condition is false
 5822 |     int i[4] = { IM_F32_TO_INT8_UNBOUND(f[0]), IM_F32_TO_INT8_UNBOUND(f[1]), IM_F32_TO_INT8_UNBOUND(f[2]), IM_F32_TO_INT8_UNBOUND(f[3]) };
      |                  ^
C:\Users\Administrator\source\repos\xtlua-Tu-154\XTLua\src\imgui\imgui_internal.h:278:67: note: expanded from macro 'IM_F32_TO_INT8_UNBOUND'
  278 | #define IM_F32_TO_INT8_UNBOUND(_VAL)    ((int)((_VAL) * 255.0f + ((_VAL)>=0 ? 0.5f : -0.5f)))   // Unsaturated, for display purpose
      |                                                                   ^~~~~~~~~
C:\Users\Administrator\source\repos\xtlua-Tu-154\XTLua\src\imgui\imgui_widgets.cpp:5822:18: note: '?' condition is false
 5822 |     int i[4] = { IM_F32_TO_INT8_UNBOUND(f[0]), IM_F32_TO_INT8_UNBOUND(f[1]), IM_F32_TO_INT8_UNBOUND(f[2]), IM_F32_TO_INT8_UNBOUND(f[3]) };
      |                  ^
C:\Users\Administrator\source\repos\xtlua-Tu-154\XTLua\src\imgui\imgui_internal.h:278:67: note: expanded from macro 'IM_F32_TO_INT8_UNBOUND'
  278 | #define IM_F32_TO_INT8_UNBOUND(_VAL)    ((int)((_VAL) * 255.0f + ((_VAL)>=0 ? 0.5f : -0.5f)))   // Unsaturated, for display purpose
      |                                                                   ^
C:\Users\Administrator\source\repos\xtlua-Tu-154\XTLua\src\imgui\imgui_widgets.cpp:5822:48: note: Assuming the condition is false
 5822 |     int i[4] = { IM_F32_TO_INT8_UNBOUND(f[0]), IM_F32_TO_INT8_UNBOUND(f[1]), IM_F32_TO_INT8_UNBOUND(f[2]), IM_F32_TO_INT8_UNBOUND(f[3]) };
      |                                                ^
C:\Users\Administrator\source\repos\xtlua-Tu-154\XTLua\src\imgui\imgui_internal.h:278:67: note: expanded from macro 'IM_F32_TO_INT8_UNBOUND'
  278 | #define IM_F32_TO_INT8_UNBOUND(_VAL)    ((int)((_VAL) * 255.0f + ((_VAL)>=0 ? 0.5f : -0.5f)))   // Unsaturated, for display purpose
      |                                                                   ^~~~~~~~~
C:\Users\Administrator\source\repos\xtlua-Tu-154\XTLua\src\imgui\imgui_widgets.cpp:5822:48: note: '?' condition is false
 5822 |     int i[4] = { IM_F32_TO_INT8_UNBOUND(f[0]), IM_F32_TO_INT8_UNBOUND(f[1]), IM_F32_TO_INT8_UNBOUND(f[2]), IM_F32_TO_INT8_UNBOUND(f[3]) };
      |                                                ^
C:\Users\Administrator\source\repos\xtlua-Tu-154\XTLua\src\imgui\imgui_internal.h:278:67: note: expanded from macro 'IM_F32_TO_INT8_UNBOUND'
  278 | #define IM_F32_TO_INT8_UNBOUND(_VAL)    ((int)((_VAL) * 255.0f + ((_VAL)>=0 ? 0.5f : -0.5f)))   // Unsaturated, for display purpose
      |                                                                   ^
C:\Users\Administrator\source\repos\xtlua-Tu-154\XTLua\src\imgui\imgui_widgets.cpp:5822:78: note: Assuming the condition is false
 5822 |     int i[4] = { IM_F32_TO_INT8_UNBOUND(f[0]), IM_F32_TO_INT8_UNBOUND(f[1]), IM_F32_TO_INT8_UNBOUND(f[2]), IM_F32_TO_INT8_UNBOUND(f[3]) };
      |                                                                              ^
C:\Users\Administrator\source\repos\xtlua-Tu-154\XTLua\src\imgui\imgui_internal.h:278:67: note: expanded from macro 'IM_F32_TO_INT8_UNBOUND'
  278 | #define IM_F32_TO_INT8_UNBOUND(_VAL)    ((int)((_VAL) * 255.0f + ((_VAL)>=0 ? 0.5f : -0.5f)))   // Unsaturated, for display purpose
      |                                                                   ^~~~~~~~~
C:\Users\Administrator\source\repos\xtlua-Tu-154\XTLua\src\imgui\imgui_widgets.cpp:5822:78: note: '?' condition is false
 5822 |     int i[4] = { IM_F32_TO_INT8_UNBOUND(f[0]), IM_F32_TO_INT8_UNBOUND(f[1]), IM_F32_TO_INT8_UNBOUND(f[2]), IM_F32_TO_INT8_UNBOUND(f[3]) };
      |                                                                              ^
C:\Users\Administrator\source\repos\xtlua-Tu-154\XTLua\src\imgui\imgui_internal.h:278:67: note: expanded from macro 'IM_F32_TO_INT8_UNBOUND'
  278 | #define IM_F32_TO_INT8_UNBOUND(_VAL)    ((int)((_VAL) * 255.0f + ((_VAL)>=0 ? 0.5f : -0.5f)))   // Unsaturated, for display purpose
      |                                                                   ^
C:\Users\Administrator\source\repos\xtlua-Tu-154\XTLua\src\imgui\imgui_widgets.cpp:5822:108: note: Assuming the condition is false
 5822 |     int i[4] = { IM_F32_TO_INT8_UNBOUND(f[0]), IM_F32_TO_INT8_UNBOUND(f[1]), IM_F32_TO_INT8_UNBOUND(f[2]), IM_F32_TO_INT8_UNBOUND(f[3]) };
      |                                                                                                            ^
C:\Users\Administrator\source\repos\xtlua-Tu-154\XTLua\src\imgui\imgui_internal.h:278:67: note: expanded from macro 'IM_F32_TO_INT8_UNBOUND'
  278 | #define IM_F32_TO_INT8_UNBOUND(_VAL)    ((int)((_VAL) * 255.0f + ((_VAL)>=0 ? 0.5f : -0.5f)))   // Unsaturated, for display purpose
      |                                                                   ^~~~~~~~~
C:\Users\Administrator\source\repos\xtlua-Tu-154\XTLua\src\imgui\imgui_widgets.cpp:5822:108: note: '?' condition is false
 5822 |     int i[4] = { IM_F32_TO_INT8_UNBOUND(f[0]), IM_F32_TO_INT8_UNBOUND(f[1]), IM_F32_TO_INT8_UNBOUND(f[2]), IM_F32_TO_INT8_UNBOUND(f[3]) };
      |                                                                                                            ^
C:\Users\Administrator\source\repos\xtlua-Tu-154\XTLua\src\imgui\imgui_internal.h:278:67: note: expanded from macro 'IM_F32_TO_INT8_UNBOUND'
  278 | #define IM_F32_TO_INT8_UNBOUND(_VAL)    ((int)((_VAL) * 255.0f + ((_VAL)>=0 ? 0.5f : -0.5f)))   // Unsaturated, for display purpose
      |                                                                   ^
C:\Users\Administrator\source\repos\xtlua-Tu-154\XTLua\src\imgui\imgui_widgets.cpp:5828:36: note: Assuming field 'ColorButtonPosition' is not equal to ImGuiDir_Left
 5828 |     const float inputs_offset_x = (style.ColorButtonPosition == ImGuiDir_Left) ? w_button : 0.0f;
      |                                    ^~~~~~~~~~~~~~~~~~~~~~~~~~~~~~~~~~~~~~~~~~
C:\Users\Administrator\source\repos\xtlua-Tu-154\XTLua\src\imgui\imgui_widgets.cpp:5828:35: note: '?' condition is false
 5828 |     const float inputs_offset_x = (style.ColorButtonPosition == ImGuiDir_Left) ? w_button : 0.0f;
      |                                   ^
C:\Users\Administrator\source\repos\xtlua-Tu-154\XTLua\src\imgui\imgui_widgets.cpp:5831:9: note: Assuming the condition is false
 5831 |     if ((flags & (ImGuiColorEditFlags_DisplayRGB | ImGuiColorEditFlags_DisplayHSV)) != 0 && (flags & ImGuiColorEditFlags_NoInputs) == 0)
      |         ^~~~~~~~~~~~~~~~~~~~~~~~~~~~~~~~~~~~~~~~~~~~~~~~~~~~~~~~~~~~~~~~~~~~~~~~~~~~~~~~
C:\Users\Administrator\source\repos\xtlua-Tu-154\XTLua\src\imgui\imgui_widgets.cpp:5831:90: note: Left side of '&&' is false
 5831 |     if ((flags & (ImGuiColorEditFlags_DisplayRGB | ImGuiColorEditFlags_DisplayHSV)) != 0 && (flags & ImGuiColorEditFlags_NoInputs) == 0)
      |                                                                                          ^
C:\Users\Administrator\source\repos\xtlua-Tu-154\XTLua\src\imgui\imgui_widgets.cpp:5880:14: note: Assuming the condition is false
 5880 |     else if ((flags & ImGuiColorEditFlags_DisplayHex) != 0 && (flags & ImGuiColorEditFlags_NoInputs) == 0)
      |              ^~~~~~~~~~~~~~~~~~~~~~~~~~~~~~~~~~~~~~~~~~~~~
C:\Users\Administrator\source\repos\xtlua-Tu-154\XTLua\src\imgui\imgui_widgets.cpp:5880:60: note: Left side of '&&' is false
 5880 |     else if ((flags & ImGuiColorEditFlags_DisplayHex) != 0 && (flags & ImGuiColorEditFlags_NoInputs) == 0)
      |                                                            ^
C:\Users\Administrator\source\repos\xtlua-Tu-154\XTLua\src\imgui\imgui_widgets.cpp:5909:5: note: Taking true branch
 5909 |     if (!(flags & ImGuiColorEditFlags_NoSmallPreview))
      |     ^
C:\Users\Administrator\source\repos\xtlua-Tu-154\XTLua\src\imgui\imgui_widgets.cpp:5911:40: note: Assuming the condition is false
 5911 |         const float button_offset_x = ((flags & ImGuiColorEditFlags_NoInputs) || (style.ColorButtonPosition == ImGuiDir_Left)) ? 0.0f : w_inputs + style.ItemInnerSpacing.x;
      |                                        ^~~~~~~~~~~~~~~~~~~~~~~~~~~~~~~~~~~~~~
C:\Users\Administrator\source\repos\xtlua-Tu-154\XTLua\src\imgui\imgui_widgets.cpp:5911:40: note: Left side of '||' is false
C:\Users\Administrator\source\repos\xtlua-Tu-154\XTLua\src\imgui\imgui_widgets.cpp:5911:89: note: Field 'ColorButtonPosition' is not equal to ImGuiDir_Left
 5911 |         const float button_offset_x = ((flags & ImGuiColorEditFlags_NoInputs) || (style.ColorButtonPosition == ImGuiDir_Left)) ? 0.0f : w_inputs + style.ItemInnerSpacing.x;
      |                                                                                         ^
C:\Users\Administrator\source\repos\xtlua-Tu-154\XTLua\src\imgui\imgui_widgets.cpp:5911:39: note: '?' condition is false
 5911 |         const float button_offset_x = ((flags & ImGuiColorEditFlags_NoInputs) || (style.ColorButtonPosition == ImGuiDir_Left)) ? 0.0f : w_inputs + style.ItemInnerSpacing.x;
      |                                       ^
C:\Users\Administrator\source\repos\xtlua-Tu-154\XTLua\src\imgui\imgui_widgets.cpp:5914:53: note: 'alpha' is false
 5914 |         const ImVec4 col_v4(col[0], col[1], col[2], alpha ? col[3] : 1.0f);
      |                                                     ^~~~~
C:\Users\Administrator\source\repos\xtlua-Tu-154\XTLua\src\imgui\imgui_widgets.cpp:5914:53: note: '?' condition is false
C:\Users\Administrator\source\repos\xtlua-Tu-154\XTLua\src\imgui\imgui_widgets.cpp:5915:13: note: Calling 'ColorButton'
 5915 |         if (ColorButton("##ColorButton", col_v4, flags))
      |             ^~~~~~~~~~~~~~~~~~~~~~~~~~~~~~~~~~~~~~~~~~~
C:\Users\Administrator\source\repos\xtlua-Tu-154\XTLua\src\imgui\imgui_widgets.cpp:6416:9: note: Assuming field 'SkipItems' is false
 6416 |     if (window->SkipItems)
      |         ^~~~~~~~~~~~~~~~~
C:\Users\Administrator\source\repos\xtlua-Tu-154\XTLua\src\imgui\imgui_widgets.cpp:6416:5: note: Taking false branch
 6416 |     if (window->SkipItems)
      |     ^
C:\Users\Administrator\source\repos\xtlua-Tu-154\XTLua\src\imgui\imgui_widgets.cpp:6422:23: note: Assuming the condition is true
 6422 |     const ImVec2 size(size_arg.x == 0.0f ? default_size : size_arg.x, size_arg.y == 0.0f ? default_size : size_arg.y);
      |                       ^~~~~~~~~~~~~~~~~~
C:\Users\Administrator\source\repos\xtlua-Tu-154\XTLua\src\imgui\imgui_widgets.cpp:6422:23: note: '?' condition is true
C:\Users\Administrator\source\repos\xtlua-Tu-154\XTLua\src\imgui\imgui_widgets.cpp:6422:71: note: Assuming the condition is true
 6422 |     const ImVec2 size(size_arg.x == 0.0f ? default_size : size_arg.x, size_arg.y == 0.0f ? default_size : size_arg.y);
      |                                                                       ^~~~~~~~~~~~~~~~~~
C:\Users\Administrator\source\repos\xtlua-Tu-154\XTLua\src\imgui\imgui_widgets.cpp:6422:71: note: '?' condition is true
C:\Users\Administrator\source\repos\xtlua-Tu-154\XTLua\src\imgui\imgui_widgets.cpp:6424:19: note: Assuming 'default_size' is > field 'y'
 6424 |     ItemSize(bb, (size.y >= default_size) ? g.Style.FramePadding.y : 0.0f);
      |                   ^~~~~~~~~~~~~~~~~~~~~~
C:\Users\Administrator\source\repos\xtlua-Tu-154\XTLua\src\imgui\imgui_widgets.cpp:6424:18: note: '?' condition is false
 6424 |     ItemSize(bb, (size.y >= default_size) ? g.Style.FramePadding.y : 0.0f);
      |                  ^
C:\Users\Administrator\source\repos\xtlua-Tu-154\XTLua\src\imgui\imgui_widgets.cpp:6425:9: note: Assuming the condition is false
 6425 |     if (!ItemAdd(bb, id))
      |         ^~~~~~~~~~~~~~~~
C:\Users\Administrator\source\repos\xtlua-Tu-154\XTLua\src\imgui\imgui_widgets.cpp:6425:5: note: Taking false branch
 6425 |     if (!ItemAdd(bb, id))
      |     ^
C:\Users\Administrator\source\repos\xtlua-Tu-154\XTLua\src\imgui\imgui_widgets.cpp:6431:9: note: Assuming the condition is false
 6431 |     if (flags & (ImGuiColorEditFlags_NoAlpha | ImGuiColorEditFlags_AlphaOpaque))
      |         ^~~~~~~~~~~~~~~~~~~~~~~~~~~~~~~~~~~~~~~~~~~~~~~~~~~~~~~~~~~~~~~~~~~~~~~
C:\Users\Administrator\source\repos\xtlua-Tu-154\XTLua\src\imgui\imgui_widgets.cpp:6431:5: note: Taking false branch
 6431 |     if (flags & (ImGuiColorEditFlags_NoAlpha | ImGuiColorEditFlags_AlphaOpaque))
      |     ^
C:\Users\Administrator\source\repos\xtlua-Tu-154\XTLua\src\imgui\imgui_widgets.cpp:6435:5: note: Taking false branch
 6435 |     if (flags & ImGuiColorEditFlags_InputHSV)
      |     ^
C:\Users\Administrator\source\repos\xtlua-Tu-154\XTLua\src\imgui\imgui_widgets.cpp:6443:9: note: Assuming the condition is false
 6443 |     if ((flags & ImGuiColorEditFlags_NoBorder) == 0)
      |         ^~~~~~~~~~~~~~~~~~~~~~~~~~~~~~~~~~~~~~~~~~~
C:\Users\Administrator\source\repos\xtlua-Tu-154\XTLua\src\imgui\imgui_widgets.cpp:6443:5: note: Taking false branch
 6443 |     if ((flags & ImGuiColorEditFlags_NoBorder) == 0)
      |     ^
C:\Users\Administrator\source\repos\xtlua-Tu-154\XTLua\src\imgui\imgui_widgets.cpp:6448:9: note: Assuming the condition is false
 6448 |     if ((flags & ImGuiColorEditFlags_AlphaPreviewHalf) && col_rgb.w < 1.0f)
      |         ^~~~~~~~~~~~~~~~~~~~~~~~~~~~~~~~~~~~~~~~~~~~~~
C:\Users\Administrator\source\repos\xtlua-Tu-154\XTLua\src\imgui\imgui_widgets.cpp:6448:56: note: Left side of '&&' is false
 6448 |     if ((flags & ImGuiColorEditFlags_AlphaPreviewHalf) && col_rgb.w < 1.0f)
      |                                                        ^
C:\Users\Administrator\source\repos\xtlua-Tu-154\XTLua\src\imgui\imgui_widgets.cpp:6460:29: note: Assuming the condition is false
 6460 |         ImVec4 col_source = (flags & ImGuiColorEditFlags_AlphaOpaque) ? col_rgb_without_alpha : col_rgb;
      |                             ^~~~~~~~~~~~~~~~~~~~~~~~~~~~~~~~~~~~~~~~~
C:\Users\Administrator\source\repos\xtlua-Tu-154\XTLua\src\imgui\imgui_widgets.cpp:6460:29: note: '?' condition is false
C:\Users\Administrator\source\repos\xtlua-Tu-154\XTLua\src\imgui\imgui_widgets.cpp:6461:13: note: Assuming the condition is false
 6461 |         if (col_source.w < 1.0f && (flags & ImGuiColorEditFlags_AlphaNoBg) == 0)
      |             ^~~~~~~~~~~~~~~~~~~
C:\Users\Administrator\source\repos\xtlua-Tu-154\XTLua\src\imgui\imgui_widgets.cpp:6461:33: note: Left side of '&&' is false
 6461 |         if (col_source.w < 1.0f && (flags & ImGuiColorEditFlags_AlphaNoBg) == 0)
      |                                 ^
C:\Users\Administrator\source\repos\xtlua-Tu-154\XTLua\src\imgui\imgui_widgets.cpp:6467:5: note: Taking false branch
 6467 |     if ((flags & ImGuiColorEditFlags_NoBorder) == 0)
      |     ^
C:\Users\Administrator\source\repos\xtlua-Tu-154\XTLua\src\imgui\imgui_widgets.cpp:6477:9: note: Assuming 'id' is not equal to field 'ActiveId'
 6477 |     if (g.ActiveId == id && !(flags & ImGuiColorEditFlags_NoDragDrop) && BeginDragDropSource())
      |         ^~~~~~~~~~~~~~~~
C:\Users\Administrator\source\repos\xtlua-Tu-154\XTLua\src\imgui\imgui_widgets.cpp:6477:26: note: Left side of '&&' is false
 6477 |     if (g.ActiveId == id && !(flags & ImGuiColorEditFlags_NoDragDrop) && BeginDragDropSource())
      |                          ^
C:\Users\Administrator\source\repos\xtlua-Tu-154\XTLua\src\imgui\imgui_widgets.cpp:6490:9: note: Assuming the condition is true
 6490 |     if (!(flags & ImGuiColorEditFlags_NoTooltip) && hovered && IsItemHovered(ImGuiHoveredFlags_ForTooltip))
      |         ^~~~~~~~~~~~~~~~~~~~~~~~~~~~~~~~~~~~~~~~
C:\Users\Administrator\source\repos\xtlua-Tu-154\XTLua\src\imgui\imgui_widgets.cpp:6490:9: note: Left side of '&&' is true
C:\Users\Administrator\source\repos\xtlua-Tu-154\XTLua\src\imgui\imgui_widgets.cpp:6490:53: note: Assuming 'hovered' is true
 6490 |     if (!(flags & ImGuiColorEditFlags_NoTooltip) && hovered && IsItemHovered(ImGuiHoveredFlags_ForTooltip))
      |                                                     ^~~~~~~
C:\Users\Administrator\source\repos\xtlua-Tu-154\XTLua\src\imgui\imgui_widgets.cpp:6490:9: note: Left side of '&&' is true
 6490 |     if (!(flags & ImGuiColorEditFlags_NoTooltip) && hovered && IsItemHovered(ImGuiHoveredFlags_ForTooltip))
      |         ^
C:\Users\Administrator\source\repos\xtlua-Tu-154\XTLua\src\imgui\imgui_widgets.cpp:6490:64: note: Assuming the condition is true
 6490 |     if (!(flags & ImGuiColorEditFlags_NoTooltip) && hovered && IsItemHovered(ImGuiHoveredFlags_ForTooltip))
      |                                                                ^~~~~~~~~~~~~~~~~~~~~~~~~~~~~~~~~~~~~~~~~~~
C:\Users\Administrator\source\repos\xtlua-Tu-154\XTLua\src\imgui\imgui_widgets.cpp:6490:5: note: Taking true branch
 6490 |     if (!(flags & ImGuiColorEditFlags_NoTooltip) && hovered && IsItemHovered(ImGuiHoveredFlags_ForTooltip))
      |     ^
C:\Users\Administrator\source\repos\xtlua-Tu-154\XTLua\src\imgui\imgui_widgets.cpp:6491:9: note: Calling 'ColorTooltip'
 6491 |         ColorTooltip(desc_id, &col.x, flags & (ImGuiColorEditFlags_InputMask_ | ImGuiColorEditFlags_AlphaMask_));
      |         ^~~~~~~~~~~~~~~~~~~~~~~~~~~~~~~~~~~~~~~~~~~~~~~~~~~~~~~~~~~~~~~~~~~~~~~~~~~~~~~~~~~~~~~~~~~~~~~~~~~~~~~~
C:\Users\Administrator\source\repos\xtlua-Tu-154\XTLua\src\imgui\imgui_widgets.cpp:6521:9: note: Assuming the condition is false
 6521 |     if (!BeginTooltipEx(ImGuiTooltipFlags_OverridePrevious, ImGuiWindowFlags_None))
      |         ^~~~~~~~~~~~~~~~~~~~~~~~~~~~~~~~~~~~~~~~~~~~~~~~~~~~~~~~~~~~~~~~~~~~~~~~~~
C:\Users\Administrator\source\repos\xtlua-Tu-154\XTLua\src\imgui\imgui_widgets.cpp:6521:5: note: Taking false branch
 6521 |     if (!BeginTooltipEx(ImGuiTooltipFlags_OverridePrevious, ImGuiWindowFlags_None))
      |     ^
C:\Users\Administrator\source\repos\xtlua-Tu-154\XTLua\src\imgui\imgui_widgets.cpp:6523:28: note: 'text' is non-null
 6523 |     const char* text_end = text ? FindRenderedTextEnd(text, NULL) : text;
      |                            ^~~~
C:\Users\Administrator\source\repos\xtlua-Tu-154\XTLua\src\imgui\imgui_widgets.cpp:6523:28: note: '?' condition is true
C:\Users\Administrator\source\repos\xtlua-Tu-154\XTLua\src\imgui\imgui_widgets.cpp:6524:9: note: Assuming 'text_end' is <= 'text'
 6524 |     if (text_end > text)
      |         ^~~~~~~~~~~~~~~
C:\Users\Administrator\source\repos\xtlua-Tu-154\XTLua\src\imgui\imgui_widgets.cpp:6524:5: note: Taking false branch
 6524 |     if (text_end > text)
      |     ^
C:\Users\Administrator\source\repos\xtlua-Tu-154\XTLua\src\imgui\imgui_widgets.cpp:6531:23: note: Access of 'col_v4.x' at index 1, while it holds only a single 'float' element
 6531 |     ImVec4 cf(col[0], col[1], col[2], (flags & ImGuiColorEditFlags_NoAlpha) ? 1.0f : col[3]);
      |                       ^~~~~~
C:\Users\Administrator\source\repos\xtlua-Tu-154\XTLua\src\imgui\imgui_widgets.cpp:7614:86: warning: Division by zero [clang-analyzer-core.DivideZero]
 7614 |         const int single_char_count = (p == buf_end) ? (out_request->SearchBufferLen / c0_len) : 0;
      |                                                         ~~~~~~~~~~~~~~~~~~~~~~~~~~~~~^~~~~~~~
C:\Users\Administrator\source\repos\xtlua-Tu-154\XTLua\src\imgui\imgui_widgets.cpp:7536:9: note: Assuming the condition is false
 7536 |     if (data->SearchBuffer[0] != 0)
      |         ^~~~~~~~~~~~~~~~~~~~~~~~~~
C:\Users\Administrator\source\repos\xtlua-Tu-154\XTLua\src\imgui\imgui_widgets.cpp:7536:5: note: Taking false branch
 7536 |     if (data->SearchBuffer[0] != 0)
      |     ^
C:\Users\Administrator\source\repos\xtlua-Tu-154\XTLua\src\imgui\imgui_widgets.cpp:7554:20: note: Assuming '__begin1' is equal to '__end1'
 7554 |     for (ImWchar w : g.IO.InputQueueCharacters)
      |                    ^
C:\Users\Administrator\source\repos\xtlua-Tu-154\XTLua\src\imgui\imgui_widgets.cpp:7578:9: note: Assuming the condition is true
 7578 |     if ((flags & ImGuiTypingSelectFlags_AllowBackspace) && IsKeyPressed(ImGuiKey_Backspace, ImGuiInputFlags_Repeat))
      |         ^~~~~~~~~~~~~~~~~~~~~~~~~~~~~~~~~~~~~~~~~~~~~~~
C:\Users\Administrator\source\repos\xtlua-Tu-154\XTLua\src\imgui\imgui_widgets.cpp:7578:9: note: Left side of '&&' is true
C:\Users\Administrator\source\repos\xtlua-Tu-154\XTLua\src\imgui\imgui_widgets.cpp:7578:60: note: Assuming the condition is true
 7578 |     if ((flags & ImGuiTypingSelectFlags_AllowBackspace) && IsKeyPressed(ImGuiKey_Backspace, ImGuiInputFlags_Repeat))
      |                                                            ^~~~~~~~~~~~~~~~~~~~~~~~~~~~~~~~~~~~~~~~~~~~~~~~~~~~~~~~
C:\Users\Administrator\source\repos\xtlua-Tu-154\XTLua\src\imgui\imgui_widgets.cpp:7578:5: note: Taking true branch
 7578 |     if ((flags & ImGuiTypingSelectFlags_AllowBackspace) && IsKeyPressed(ImGuiKey_Backspace, ImGuiInputFlags_Repeat))
      |     ^
C:\Users\Administrator\source\repos\xtlua-Tu-154\XTLua\src\imgui\imgui_widgets.cpp:7586:9: note: Assuming 'buffer_len' is not equal to 0
 7586 |     if (buffer_len == 0)
      |         ^~~~~~~~~~~~~~~
C:\Users\Administrator\source\repos\xtlua-Tu-154\XTLua\src\imgui\imgui_widgets.cpp:7586:5: note: Taking false branch
 7586 |     if (buffer_len == 0)
      |     ^
C:\Users\Administrator\source\repos\xtlua-Tu-154\XTLua\src\imgui\imgui_widgets.cpp:7588:9: note: 'select_request' is false
 7588 |     if (select_request)
      |         ^~~~~~~~~~~~~~
C:\Users\Administrator\source\repos\xtlua-Tu-154\XTLua\src\imgui\imgui_widgets.cpp:7588:5: note: Taking false branch
 7588 |     if (select_request)
      |     ^
C:\Users\Administrator\source\repos\xtlua-Tu-154\XTLua\src\imgui\imgui_widgets.cpp:7597:35: note: Assuming field 'LastRequestFrame' is not equal to field 'FrameCount'
 7597 |     out_request->SelectRequest = (data->LastRequestFrame == g.FrameCount);
      |                                   ^~~~~~~~~~~~~~~~~~~~~~~~~~~~~~~~~~~~~~
C:\Users\Administrator\source\repos\xtlua-Tu-154\XTLua\src\imgui\imgui_widgets.cpp:7605:9: note: Assuming the condition is true
 7605 |     if (flags & ImGuiTypingSelectFlags_AllowSingleCharMode)
      |         ^~~~~~~~~~~~~~~~~~~~~~~~~~~~~~~~~~~~~~~~~~~~~~~~~~
C:\Users\Administrator\source\repos\xtlua-Tu-154\XTLua\src\imgui\imgui_widgets.cpp:7605:5: note: Taking true branch
 7605 |     if (flags & ImGuiTypingSelectFlags_AllowSingleCharMode)
      |     ^
C:\Users\Administrator\source\repos\xtlua-Tu-154\XTLua\src\imgui\imgui_widgets.cpp:7609:9: note: 'c0_len' initialized here
 7609 |         const int c0_len = ImTextCountUtf8BytesFromChar(buf_begin, buf_end);
      |         ^~~~~~~~~~~~~~~~
C:\Users\Administrator\source\repos\xtlua-Tu-154\XTLua\src\imgui\imgui_widgets.cpp:7611:9: note: Loop condition is true.  Entering loop body
 7611 |         for (; p < buf_end; p += c0_len)
      |         ^
C:\Users\Administrator\source\repos\xtlua-Tu-154\XTLua\src\imgui\imgui_widgets.cpp:7612:13: note: Taking false branch
 7612 |             if (memcmp(buf_begin, p, (size_t)c0_len) != 0)
      |             ^
C:\Users\Administrator\source\repos\xtlua-Tu-154\XTLua\src\imgui\imgui_widgets.cpp:7611:9: note: Loop condition is false. Execution continues on line 7614
 7611 |         for (; p < buf_end; p += c0_len)
      |         ^
C:\Users\Administrator\source\repos\xtlua-Tu-154\XTLua\src\imgui\imgui_widgets.cpp:7614:40: note: Assuming 'p' is equal to 'buf_end'
 7614 |         const int single_char_count = (p == buf_end) ? (out_request->SearchBufferLen / c0_len) : 0;
      |                                        ^~~~~~~~~~~~
C:\Users\Administrator\source\repos\xtlua-Tu-154\XTLua\src\imgui\imgui_widgets.cpp:7614:39: note: '?' condition is true
 7614 |         const int single_char_count = (p == buf_end) ? (out_request->SearchBufferLen / c0_len) : 0;
      |                                       ^
C:\Users\Administrator\source\repos\xtlua-Tu-154\XTLua\src\imgui\imgui_widgets.cpp:7614:86: note: Division by zero
 7614 |         const int single_char_count = (p == buf_end) ? (out_request->SearchBufferLen / c0_len) : 0;
      |                                                         ~~~~~~~~~~~~~~~~~~~~~~~~~~~~~^~~~~~~~
C:\Users\Administrator\source\repos\xtlua-Tu-154\XTLua\src\imgui\imgui_widgets.cpp:8505:16: warning: Dereference of null pointer [clang-analyzer-core.NullDereference]
 8505 |         while (it->val_i == 0 && it < it_end)
      |                ^~~~~~~~~
C:\Users\Administrator\source\repos\xtlua-Tu-154\XTLua\src\imgui\imgui_widgets.cpp:8499:9: note: Assuming field 'PreserveOrder' is true
 8499 |     if (PreserveOrder && it == NULL && it_end != NULL)
      |         ^~~~~~~~~~~~~
C:\Users\Administrator\source\repos\xtlua-Tu-154\XTLua\src\imgui\imgui_widgets.cpp:8499:9: note: Left side of '&&' is true
C:\Users\Administrator\source\repos\xtlua-Tu-154\XTLua\src\imgui\imgui_widgets.cpp:8499:26: note: Assuming 'it' is equal to NULL
 8499 |     if (PreserveOrder && it == NULL && it_end != NULL)
      |                          ^~~~~~~~~~
C:\Users\Administrator\source\repos\xtlua-Tu-154\XTLua\src\imgui\imgui_widgets.cpp:8499:9: note: Left side of '&&' is true
 8499 |     if (PreserveOrder && it == NULL && it_end != NULL)
      |         ^
C:\Users\Administrator\source\repos\xtlua-Tu-154\XTLua\src\imgui\imgui_widgets.cpp:8499:40: note: Assuming 'it_end' is equal to NULL
 8499 |     if (PreserveOrder && it == NULL && it_end != NULL)
      |                                        ^~~~~~~~~~~~~~
C:\Users\Administrator\source\repos\xtlua-Tu-154\XTLua\src\imgui\imgui_widgets.cpp:8499:5: note: Taking false branch
 8499 |     if (PreserveOrder && it == NULL && it_end != NULL)
      |     ^
C:\Users\Administrator\source\repos\xtlua-Tu-154\XTLua\src\imgui\imgui_widgets.cpp:8501:9: note: 'it' is equal to NULL
 8501 |     if (it == NULL)
      |         ^~
C:\Users\Administrator\source\repos\xtlua-Tu-154\XTLua\src\imgui\imgui_widgets.cpp:8501:5: note: Taking true branch
 8501 |     if (it == NULL)
      |     ^
C:\Users\Administrator\source\repos\xtlua-Tu-154\XTLua\src\imgui\imgui_widgets.cpp:8502:9: note: Null pointer value stored to 'it'
 8502 |         it = _Storage.Data.Data;
      |         ^~~~~~~~~~~~~~~~~~~~~~~
C:\Users\Administrator\source\repos\xtlua-Tu-154\XTLua\src\imgui\imgui_widgets.cpp:8504:9: note: 'it' is not equal to 'it_end'
 8504 |     if (it != it_end)
      |         ^~
C:\Users\Administrator\source\repos\xtlua-Tu-154\XTLua\src\imgui\imgui_widgets.cpp:8504:5: note: Taking true branch
 8504 |     if (it != it_end)
      |     ^
C:\Users\Administrator\source\repos\xtlua-Tu-154\XTLua\src\imgui\imgui_widgets.cpp:8505:16: note: Dereference of null pointer
 8505 |         while (it->val_i == 0 && it < it_end)
      |                ^~~~~~~~~
C:\Users\Administrator\source\repos\xtlua-Tu-154\XTLua\src\imgui_lua_bindings\imgui_iterator.inl:27:1: warning: unused variable 'arg' [clang-diagnostic-unused-variable]
   27 | IMGUI_FUNCTION(EndFrame)
      | ^
C:\Users\Administrator\source\repos\xtlua-Tu-154\XTLua\src\imgui_lua_bindings\imgui_lua_bindings.cpp:529:7: note: expanded from macro 'IMGUI_FUNCTION'
  529 |   int arg = 1; \
      |       ^~~
C:\Users\Administrator\source\repos\xtlua-Tu-154\XTLua\src\imgui_lua_bindings\imgui_iterator.inl:27:1: warning: unused variable 'max_args' [clang-diagnostic-unused-variable]
   27 | IMGUI_FUNCTION(EndFrame)
      | ^
C:\Users\Administrator\source\repos\xtlua-Tu-154\XTLua\src\imgui_lua_bindings\imgui_lua_bindings.cpp:528:7: note: expanded from macro 'IMGUI_FUNCTION'
  528 |   int max_args = lua_gettop(L); \
      |       ^~~~~~~~
C:\Users\Administrator\source\repos\xtlua-Tu-154\XTLua\src\imgui_lua_bindings\imgui_iterator.inl:68:1: warning: unused variable 'max_args' [clang-diagnostic-unused-variable]
   68 | IMGUI_FUNCTION(ShowStyleSelector)
      | ^
C:\Users\Administrator\source\repos\xtlua-Tu-154\XTLua\src\imgui_lua_bindings\imgui_lua_bindings.cpp:528:7: note: expanded from macro 'IMGUI_FUNCTION'
  528 |   int max_args = lua_gettop(L); \
      |       ^~~~~~~~
C:\Users\Administrator\source\repos\xtlua-Tu-154\XTLua\src\imgui_lua_bindings\imgui_iterator.inl:74:1: warning: unused variable 'max_args' [clang-diagnostic-unused-variable]
   74 | IMGUI_FUNCTION(ShowFontSelector)
      | ^
C:\Users\Administrator\source\repos\xtlua-Tu-154\XTLua\src\imgui_lua_bindings\imgui_lua_bindings.cpp:528:7: note: expanded from macro 'IMGUI_FUNCTION'
  528 |   int max_args = lua_gettop(L); \
      |       ^~~~~~~~
C:\Users\Administrator\source\repos\xtlua-Tu-154\XTLua\src\imgui_lua_bindings\imgui_iterator.inl:79:1: warning: unused variable 'arg' [clang-diagnostic-unused-variable]
   79 | IMGUI_FUNCTION(ShowUserGuide)
      | ^
C:\Users\Administrator\source\repos\xtlua-Tu-154\XTLua\src\imgui_lua_bindings\imgui_lua_bindings.cpp:529:7: note: expanded from macro 'IMGUI_FUNCTION'
  529 |   int arg = 1; \
      |       ^~~
C:\Users\Administrator\source\repos\xtlua-Tu-154\XTLua\src\imgui_lua_bindings\imgui_iterator.inl:79:1: warning: unused variable 'max_args' [clang-diagnostic-unused-variable]
   79 | IMGUI_FUNCTION(ShowUserGuide)
      | ^
C:\Users\Administrator\source\repos\xtlua-Tu-154\XTLua\src\imgui_lua_bindings\imgui_lua_bindings.cpp:528:7: note: expanded from macro 'IMGUI_FUNCTION'
  528 |   int max_args = lua_gettop(L); \
      |       ^~~~~~~~
C:\Users\Administrator\source\repos\xtlua-Tu-154\XTLua\src\imgui_lua_bindings\imgui_iterator.inl:83:1: warning: unused variable 'arg' [clang-diagnostic-unused-variable]
   83 | IMGUI_FUNCTION(GetVersion)
      | ^
C:\Users\Administrator\source\repos\xtlua-Tu-154\XTLua\src\imgui_lua_bindings\imgui_lua_bindings.cpp:529:7: note: expanded from macro 'IMGUI_FUNCTION'
  529 |   int arg = 1; \
      |       ^~~
C:\Users\Administrator\source\repos\xtlua-Tu-154\XTLua\src\imgui_lua_bindings\imgui_iterator.inl:83:1: warning: unused variable 'max_args' [clang-diagnostic-unused-variable]
   83 | IMGUI_FUNCTION(GetVersion)
      | ^
C:\Users\Administrator\source\repos\xtlua-Tu-154\XTLua\src\imgui_lua_bindings\imgui_lua_bindings.cpp:528:7: note: expanded from macro 'IMGUI_FUNCTION'
  528 |   int max_args = lua_gettop(L); \
      |       ^~~~~~~~
C:\Users\Administrator\source\repos\xtlua-Tu-154\XTLua\src\imgui_lua_bindings\imgui_iterator.inl:104:1: warning: unused variable 'arg' [clang-diagnostic-unused-variable]
  104 | IMGUI_FUNCTION(End)
      | ^
C:\Users\Administrator\source\repos\xtlua-Tu-154\XTLua\src\imgui_lua_bindings\imgui_lua_bindings.cpp:529:7: note: expanded from macro 'IMGUI_FUNCTION'
  529 |   int arg = 1; \
      |       ^~~
C:\Users\Administrator\source\repos\xtlua-Tu-154\XTLua\src\imgui_lua_bindings\imgui_iterator.inl:104:1: warning: unused variable 'max_args' [clang-diagnostic-unused-variable]
  104 | IMGUI_FUNCTION(End)
      | ^
C:\Users\Administrator\source\repos\xtlua-Tu-154\XTLua\src\imgui_lua_bindings\imgui_lua_bindings.cpp:528:7: note: expanded from macro 'IMGUI_FUNCTION'
  528 |   int max_args = lua_gettop(L); \
      |       ^~~~~~~~
C:\Users\Administrator\source\repos\xtlua-Tu-154\XTLua\src\imgui_lua_bindings\imgui_iterator.inl:115:1: warning: unused variable 'arg' [clang-diagnostic-unused-variable]
  115 | IMGUI_FUNCTION(EndChild)
      | ^
C:\Users\Administrator\source\repos\xtlua-Tu-154\XTLua\src\imgui_lua_bindings\imgui_lua_bindings.cpp:529:7: note: expanded from macro 'IMGUI_FUNCTION'
  529 |   int arg = 1; \
      |       ^~~
C:\Users\Administrator\source\repos\xtlua-Tu-154\XTLua\src\imgui_lua_bindings\imgui_iterator.inl:115:1: warning: unused variable 'max_args' [clang-diagnostic-unused-variable]
  115 | IMGUI_FUNCTION(EndChild)
      | ^
C:\Users\Administrator\source\repos\xtlua-Tu-154\XTLua\src\imgui_lua_bindings\imgui_lua_bindings.cpp:528:7: note: expanded from macro 'IMGUI_FUNCTION'
  528 |   int max_args = lua_gettop(L); \
      |       ^~~~~~~~
C:\Users\Administrator\source\repos\xtlua-Tu-154\XTLua\src\imgui_lua_bindings\imgui_iterator.inl:120:1: warning: unused variable 'arg' [clang-diagnostic-unused-variable]
  120 | IMGUI_FUNCTION(IsWindowAppearing)
      | ^
C:\Users\Administrator\source\repos\xtlua-Tu-154\XTLua\src\imgui_lua_bindings\imgui_lua_bindings.cpp:529:7: note: expanded from macro 'IMGUI_FUNCTION'
  529 |   int arg = 1; \
      |       ^~~
C:\Users\Administrator\source\repos\xtlua-Tu-154\XTLua\src\imgui_lua_bindings\imgui_iterator.inl:120:1: warning: unused variable 'max_args' [clang-diagnostic-unused-variable]
  120 | IMGUI_FUNCTION(IsWindowAppearing)
      | ^
C:\Users\Administrator\source\repos\xtlua-Tu-154\XTLua\src\imgui_lua_bindings\imgui_lua_bindings.cpp:528:7: note: expanded from macro 'IMGUI_FUNCTION'
  528 |   int max_args = lua_gettop(L); \
      |       ^~~~~~~~
C:\Users\Administrator\source\repos\xtlua-Tu-154\XTLua\src\imgui_lua_bindings\imgui_iterator.inl:125:1: warning: unused variable 'arg' [clang-diagnostic-unused-variable]
  125 | IMGUI_FUNCTION(IsWindowCollapsed)
      | ^
C:\Users\Administrator\source\repos\xtlua-Tu-154\XTLua\src\imgui_lua_bindings\imgui_lua_bindings.cpp:529:7: note: expanded from macro 'IMGUI_FUNCTION'
  529 |   int arg = 1; \
      |       ^~~
C:\Users\Administrator\source\repos\xtlua-Tu-154\XTLua\src\imgui_lua_bindings\imgui_iterator.inl:125:1: warning: unused variable 'max_args' [clang-diagnostic-unused-variable]
  125 | IMGUI_FUNCTION(IsWindowCollapsed)
      | ^
C:\Users\Administrator\source\repos\xtlua-Tu-154\XTLua\src\imgui_lua_bindings\imgui_lua_bindings.cpp:528:7: note: expanded from macro 'IMGUI_FUNCTION'
  528 |   int max_args = lua_gettop(L); \
      |       ^~~~~~~~
C:\Users\Administrator\source\repos\xtlua-Tu-154\XTLua\src\imgui_lua_bindings\imgui_iterator.inl:136:1: warning: unused variable 'arg' [clang-diagnostic-unused-variable]
  136 | IMGUI_FUNCTION(GetWindowPos)
      | ^
C:\Users\Administrator\source\repos\xtlua-Tu-154\XTLua\src\imgui_lua_bindings\imgui_lua_bindings.cpp:529:7: note: expanded from macro 'IMGUI_FUNCTION'
  529 |   int arg = 1; \
      |       ^~~
C:\Users\Administrator\source\repos\xtlua-Tu-154\XTLua\src\imgui_lua_bindings\imgui_iterator.inl:136:1: warning: unused variable 'max_args' [clang-diagnostic-unused-variable]
  136 | IMGUI_FUNCTION(GetWindowPos)
      | ^
C:\Users\Administrator\source\repos\xtlua-Tu-154\XTLua\src\imgui_lua_bindings\imgui_lua_bindings.cpp:528:7: note: expanded from macro 'IMGUI_FUNCTION'
  528 |   int max_args = lua_gettop(L); \
      |       ^~~~~~~~
C:\Users\Administrator\source\repos\xtlua-Tu-154\XTLua\src\imgui_lua_bindings\imgui_iterator.inl:142:1: warning: unused variable 'arg' [clang-diagnostic-unused-variable]
  142 | IMGUI_FUNCTION(GetWindowSize)
      | ^
C:\Users\Administrator\source\repos\xtlua-Tu-154\XTLua\src\imgui_lua_bindings\imgui_lua_bindings.cpp:529:7: note: expanded from macro 'IMGUI_FUNCTION'
  529 |   int arg = 1; \
      |       ^~~
C:\Users\Administrator\source\repos\xtlua-Tu-154\XTLua\src\imgui_lua_bindings\imgui_iterator.inl:142:1: warning: unused variable 'max_args' [clang-diagnostic-unused-variable]
  142 | IMGUI_FUNCTION(GetWindowSize)
      | ^
C:\Users\Administrator\source\repos\xtlua-Tu-154\XTLua\src\imgui_lua_bindings\imgui_lua_bindings.cpp:528:7: note: expanded from macro 'IMGUI_FUNCTION'
  528 |   int max_args = lua_gettop(L); \
      |       ^~~~~~~~
C:\Users\Administrator\source\repos\xtlua-Tu-154\XTLua\src\imgui_lua_bindings\imgui_iterator.inl:148:1: warning: unused variable 'arg' [clang-diagnostic-unused-variable]
  148 | IMGUI_FUNCTION(GetWindowWidth)
      | ^
C:\Users\Administrator\source\repos\xtlua-Tu-154\XTLua\src\imgui_lua_bindings\imgui_lua_bindings.cpp:529:7: note: expanded from macro 'IMGUI_FUNCTION'
  529 |   int arg = 1; \
      |       ^~~
C:\Users\Administrator\source\repos\xtlua-Tu-154\XTLua\src\imgui_lua_bindings\imgui_iterator.inl:148:1: warning: unused variable 'max_args' [clang-diagnostic-unused-variable]
  148 | IMGUI_FUNCTION(GetWindowWidth)
      | ^
C:\Users\Administrator\source\repos\xtlua-Tu-154\XTLua\src\imgui_lua_bindings\imgui_lua_bindings.cpp:528:7: note: expanded from macro 'IMGUI_FUNCTION'
  528 |   int max_args = lua_gettop(L); \
      |       ^~~~~~~~
C:\Users\Administrator\source\repos\xtlua-Tu-154\XTLua\src\imgui_lua_bindings\imgui_iterator.inl:153:1: warning: unused variable 'arg' [clang-diagnostic-unused-variable]
  153 | IMGUI_FUNCTION(GetWindowHeight)
      | ^
C:\Users\Administrator\source\repos\xtlua-Tu-154\XTLua\src\imgui_lua_bindings\imgui_lua_bindings.cpp:529:7: note: expanded from macro 'IMGUI_FUNCTION'
  529 |   int arg = 1; \
      |       ^~~
C:\Users\Administrator\source\repos\xtlua-Tu-154\XTLua\src\imgui_lua_bindings\imgui_iterator.inl:153:1: warning: unused variable 'max_args' [clang-diagnostic-unused-variable]
  153 | IMGUI_FUNCTION(GetWindowHeight)
      | ^
C:\Users\Administrator\source\repos\xtlua-Tu-154\XTLua\src\imgui_lua_bindings\imgui_lua_bindings.cpp:528:7: note: expanded from macro 'IMGUI_FUNCTION'
  528 |   int max_args = lua_gettop(L); \
      |       ^~~~~~~~
C:\Users\Administrator\source\repos\xtlua-Tu-154\XTLua\src\imgui_lua_bindings\imgui_iterator.inl:166:1: warning: unused variable 'max_args' [clang-diagnostic-unused-variable]
  166 | IMGUI_FUNCTION(SetNextWindowContentSize)
      | ^
C:\Users\Administrator\source\repos\xtlua-Tu-154\XTLua\src\imgui_lua_bindings\imgui_lua_bindings.cpp:528:7: note: expanded from macro 'IMGUI_FUNCTION'
  528 |   int max_args = lua_gettop(L); \
      |       ^~~~~~~~
C:\Users\Administrator\source\repos\xtlua-Tu-154\XTLua\src\imgui_lua_bindings\imgui_iterator.inl:173:1: warning: unused variable 'arg' [clang-diagnostic-unused-variable]
  173 | IMGUI_FUNCTION(SetNextWindowFocus)
      | ^
C:\Users\Administrator\source\repos\xtlua-Tu-154\XTLua\src\imgui_lua_bindings\imgui_lua_bindings.cpp:529:7: note: expanded from macro 'IMGUI_FUNCTION'
  529 |   int arg = 1; \
      |       ^~~
C:\Users\Administrator\source\repos\xtlua-Tu-154\XTLua\src\imgui_lua_bindings\imgui_iterator.inl:173:1: warning: unused variable 'max_args' [clang-diagnostic-unused-variable]
  173 | IMGUI_FUNCTION(SetNextWindowFocus)
      | ^
C:\Users\Administrator\source\repos\xtlua-Tu-154\XTLua\src\imgui_lua_bindings\imgui_lua_bindings.cpp:528:7: note: expanded from macro 'IMGUI_FUNCTION'
  528 |   int max_args = lua_gettop(L); \
      |       ^~~~~~~~
C:\Users\Administrator\source\repos\xtlua-Tu-154\XTLua\src\imgui_lua_bindings\imgui_iterator.inl:177:1: warning: unused variable 'max_args' [clang-diagnostic-unused-variable]
  177 | IMGUI_FUNCTION(SetNextWindowScroll)
      | ^
C:\Users\Administrator\source\repos\xtlua-Tu-154\XTLua\src\imgui_lua_bindings\imgui_lua_bindings.cpp:528:7: note: expanded from macro 'IMGUI_FUNCTION'
  528 |   int max_args = lua_gettop(L); \
      |       ^~~~~~~~
C:\Users\Administrator\source\repos\xtlua-Tu-154\XTLua\src\imgui_lua_bindings\imgui_iterator.inl:182:1: warning: unused variable 'max_args' [clang-diagnostic-unused-variable]
  182 | IMGUI_FUNCTION(SetNextWindowBgAlpha)
      | ^
C:\Users\Administrator\source\repos\xtlua-Tu-154\XTLua\src\imgui_lua_bindings\imgui_lua_bindings.cpp:528:7: note: expanded from macro 'IMGUI_FUNCTION'
  528 |   int max_args = lua_gettop(L); \
      |       ^~~~~~~~
C:\Users\Administrator\source\repos\xtlua-Tu-154\XTLua\src\imgui_lua_bindings\imgui_iterator.inl:193:1: warning: unused variable 'arg' [clang-diagnostic-unused-variable]
  193 | IMGUI_FUNCTION(SetWindowFocus)
      | ^
C:\Users\Administrator\source\repos\xtlua-Tu-154\XTLua\src\imgui_lua_bindings\imgui_lua_bindings.cpp:529:7: note: expanded from macro 'IMGUI_FUNCTION'
  529 |   int arg = 1; \
      |       ^~~
C:\Users\Administrator\source\repos\xtlua-Tu-154\XTLua\src\imgui_lua_bindings\imgui_iterator.inl:193:1: warning: unused variable 'max_args' [clang-diagnostic-unused-variable]
  193 | IMGUI_FUNCTION(SetWindowFocus)
      | ^
C:\Users\Administrator\source\repos\xtlua-Tu-154\XTLua\src\imgui_lua_bindings\imgui_lua_bindings.cpp:528:7: note: expanded from macro 'IMGUI_FUNCTION'
  528 |   int max_args = lua_gettop(L); \
      |       ^~~~~~~~
C:\Users\Administrator\source\repos\xtlua-Tu-154\XTLua\src\imgui_lua_bindings\imgui_iterator.inl:203:1: warning: unused variable 'max_args' [clang-diagnostic-unused-variable]
  203 | IMGUI_FUNCTION(SetWindowFocus_1)
      | ^
C:\Users\Administrator\source\repos\xtlua-Tu-154\XTLua\src\imgui_lua_bindings\imgui_lua_bindings.cpp:528:7: note: expanded from macro 'IMGUI_FUNCTION'
  528 |   int max_args = lua_gettop(L); \
      |       ^~~~~~~~
C:\Users\Administrator\source\repos\xtlua-Tu-154\XTLua\src\imgui_lua_bindings\imgui_iterator.inl:208:1: warning: unused variable 'arg' [clang-diagnostic-unused-variable]
  208 | IMGUI_FUNCTION(GetScrollX)
      | ^
C:\Users\Administrator\source\repos\xtlua-Tu-154\XTLua\src\imgui_lua_bindings\imgui_lua_bindings.cpp:529:7: note: expanded from macro 'IMGUI_FUNCTION'
  529 |   int arg = 1; \
      |       ^~~
C:\Users\Administrator\source\repos\xtlua-Tu-154\XTLua\src\imgui_lua_bindings\imgui_iterator.inl:208:1: warning: unused variable 'max_args' [clang-diagnostic-unused-variable]
  208 | IMGUI_FUNCTION(GetScrollX)
      | ^
C:\Users\Administrator\source\repos\xtlua-Tu-154\XTLua\src\imgui_lua_bindings\imgui_lua_bindings.cpp:528:7: note: expanded from macro 'IMGUI_FUNCTION'
  528 |   int max_args = lua_gettop(L); \
      |       ^~~~~~~~
C:\Users\Administrator\source\repos\xtlua-Tu-154\XTLua\src\imgui_lua_bindings\imgui_iterator.inl:213:1: warning: unused variable 'arg' [clang-diagnostic-unused-variable]
  213 | IMGUI_FUNCTION(GetScrollY)
      | ^
C:\Users\Administrator\source\repos\xtlua-Tu-154\XTLua\src\imgui_lua_bindings\imgui_lua_bindings.cpp:529:7: note: expanded from macro 'IMGUI_FUNCTION'
  529 |   int arg = 1; \
      |       ^~~
C:\Users\Administrator\source\repos\xtlua-Tu-154\XTLua\src\imgui_lua_bindings\imgui_iterator.inl:213:1: warning: unused variable 'max_args' [clang-diagnostic-unused-variable]
  213 | IMGUI_FUNCTION(GetScrollY)
      | ^
C:\Users\Administrator\source\repos\xtlua-Tu-154\XTLua\src\imgui_lua_bindings\imgui_lua_bindings.cpp:528:7: note: expanded from macro 'IMGUI_FUNCTION'
  528 |   int max_args = lua_gettop(L); \
      |       ^~~~~~~~
C:\Users\Administrator\source\repos\xtlua-Tu-154\XTLua\src\imgui_lua_bindings\imgui_iterator.inl:218:1: warning: unused variable 'max_args' [clang-diagnostic-unused-variable]
  218 | IMGUI_FUNCTION(SetScrollX)
      | ^
C:\Users\Administrator\source\repos\xtlua-Tu-154\XTLua\src\imgui_lua_bindings\imgui_lua_bindings.cpp:528:7: note: expanded from macro 'IMGUI_FUNCTION'
  528 |   int max_args = lua_gettop(L); \
      |       ^~~~~~~~
C:\Users\Administrator\source\repos\xtlua-Tu-154\XTLua\src\imgui_lua_bindings\imgui_iterator.inl:223:1: warning: unused variable 'max_args' [clang-diagnostic-unused-variable]
  223 | IMGUI_FUNCTION(SetScrollY)
      | ^
C:\Users\Administrator\source\repos\xtlua-Tu-154\XTLua\src\imgui_lua_bindings\imgui_lua_bindings.cpp:528:7: note: expanded from macro 'IMGUI_FUNCTION'
  528 |   int max_args = lua_gettop(L); \
      |       ^~~~~~~~
C:\Users\Administrator\source\repos\xtlua-Tu-154\XTLua\src\imgui_lua_bindings\imgui_iterator.inl:228:1: warning: unused variable 'arg' [clang-diagnostic-unused-variable]
  228 | IMGUI_FUNCTION(GetScrollMaxX)
      | ^
C:\Users\Administrator\source\repos\xtlua-Tu-154\XTLua\src\imgui_lua_bindings\imgui_lua_bindings.cpp:529:7: note: expanded from macro 'IMGUI_FUNCTION'
  529 |   int arg = 1; \
      |       ^~~
C:\Users\Administrator\source\repos\xtlua-Tu-154\XTLua\src\imgui_lua_bindings\imgui_iterator.inl:228:1: warning: unused variable 'max_args' [clang-diagnostic-unused-variable]
  228 | IMGUI_FUNCTION(GetScrollMaxX)
      | ^
C:\Users\Administrator\source\repos\xtlua-Tu-154\XTLua\src\imgui_lua_bindings\imgui_lua_bindings.cpp:528:7: note: expanded from macro 'IMGUI_FUNCTION'
  528 |   int max_args = lua_gettop(L); \
      |       ^~~~~~~~
C:\Users\Administrator\source\repos\xtlua-Tu-154\XTLua\src\imgui_lua_bindings\imgui_iterator.inl:233:1: warning: unused variable 'arg' [clang-diagnostic-unused-variable]
  233 | IMGUI_FUNCTION(GetScrollMaxY)
      | ^
C:\Users\Administrator\source\repos\xtlua-Tu-154\XTLua\src\imgui_lua_bindings\imgui_lua_bindings.cpp:529:7: note: expanded from macro 'IMGUI_FUNCTION'
  529 |   int arg = 1; \
      |       ^~~
C:\Users\Administrator\source\repos\xtlua-Tu-154\XTLua\src\imgui_lua_bindings\imgui_iterator.inl:233:1: warning: unused variable 'max_args' [clang-diagnostic-unused-variable]
  233 | IMGUI_FUNCTION(GetScrollMaxY)
      | ^
C:\Users\Administrator\source\repos\xtlua-Tu-154\XTLua\src\imgui_lua_bindings\imgui_lua_bindings.cpp:528:7: note: expanded from macro 'IMGUI_FUNCTION'
  528 |   int max_args = lua_gettop(L); \
      |       ^~~~~~~~
C:\Users\Administrator\source\repos\xtlua-Tu-154\XTLua\src\imgui_lua_bindings\imgui_iterator.inl:262:1: warning: unused variable 'arg' [clang-diagnostic-unused-variable]
  262 | IMGUI_FUNCTION(PopFont)
      | ^
C:\Users\Administrator\source\repos\xtlua-Tu-154\XTLua\src\imgui_lua_bindings\imgui_lua_bindings.cpp:529:7: note: expanded from macro 'IMGUI_FUNCTION'
  529 |   int arg = 1; \
      |       ^~~
C:\Users\Administrator\source\repos\xtlua-Tu-154\XTLua\src\imgui_lua_bindings\imgui_iterator.inl:262:1: warning: unused variable 'max_args' [clang-diagnostic-unused-variable]
  262 | IMGUI_FUNCTION(PopFont)
      | ^
C:\Users\Administrator\source\repos\xtlua-Tu-154\XTLua\src\imgui_lua_bindings\imgui_lua_bindings.cpp:528:7: note: expanded from macro 'IMGUI_FUNCTION'
  528 |   int max_args = lua_gettop(L); \
      |       ^~~~~~~~
C:\Users\Administrator\source\repos\xtlua-Tu-154\XTLua\src\imgui_lua_bindings\imgui_iterator.inl:268:1: warning: unused variable 'arg' [clang-diagnostic-unused-variable]
  268 | IMGUI_FUNCTION(GetFontSize)
      | ^
C:\Users\Administrator\source\repos\xtlua-Tu-154\XTLua\src\imgui_lua_bindings\imgui_lua_bindings.cpp:529:7: note: expanded from macro 'IMGUI_FUNCTION'
  529 |   int arg = 1; \
      |       ^~~
C:\Users\Administrator\source\repos\xtlua-Tu-154\XTLua\src\imgui_lua_bindings\imgui_iterator.inl:268:1: warning: unused variable 'max_args' [clang-diagnostic-unused-variable]
  268 | IMGUI_FUNCTION(GetFontSize)
      | ^
C:\Users\Administrator\source\repos\xtlua-Tu-154\XTLua\src\imgui_lua_bindings\imgui_lua_bindings.cpp:528:7: note: expanded from macro 'IMGUI_FUNCTION'
  528 |   int max_args = lua_gettop(L); \
      |       ^~~~~~~~
C:\Users\Administrator\source\repos\xtlua-Tu-154\XTLua\src\imgui_lua_bindings\imgui_iterator.inl:275:1: warning: unused variable 'max_args' [clang-diagnostic-unused-variable]
  275 | IMGUI_FUNCTION(PushStyleColor)
      | ^
C:\Users\Administrator\source\repos\xtlua-Tu-154\XTLua\src\imgui_lua_bindings\imgui_lua_bindings.cpp:528:7: note: expanded from macro 'IMGUI_FUNCTION'
  528 |   int max_args = lua_gettop(L); \
      |       ^~~~~~~~
C:\Users\Administrator\source\repos\xtlua-Tu-154\XTLua\src\imgui_lua_bindings\imgui_iterator.inl:281:1: warning: unused variable 'max_args' [clang-diagnostic-unused-variable]
  281 | IMGUI_FUNCTION(PushStyleColor_2)
      | ^
C:\Users\Administrator\source\repos\xtlua-Tu-154\XTLua\src\imgui_lua_bindings\imgui_lua_bindings.cpp:528:7: note: expanded from macro 'IMGUI_FUNCTION'
  528 |   int max_args = lua_gettop(L); \
      |       ^~~~~~~~
C:\Users\Administrator\source\repos\xtlua-Tu-154\XTLua\src\imgui_lua_bindings\imgui_iterator.inl:292:1: warning: unused variable 'max_args' [clang-diagnostic-unused-variable]
  292 | IMGUI_FUNCTION(PushStyleVar)
      | ^
C:\Users\Administrator\source\repos\xtlua-Tu-154\XTLua\src\imgui_lua_bindings\imgui_lua_bindings.cpp:528:7: note: expanded from macro 'IMGUI_FUNCTION'
  528 |   int max_args = lua_gettop(L); \
      |       ^~~~~~~~
C:\Users\Administrator\source\repos\xtlua-Tu-154\XTLua\src\imgui_lua_bindings\imgui_iterator.inl:299:1: warning: unused variable 'max_args' [clang-diagnostic-unused-variable]
  299 | IMGUI_FUNCTION(PushStyleVar_2)
      | ^
C:\Users\Administrator\source\repos\xtlua-Tu-154\XTLua\src\imgui_lua_bindings\imgui_lua_bindings.cpp:528:7: note: expanded from macro 'IMGUI_FUNCTION'
  528 |   int max_args = lua_gettop(L); \
      |       ^~~~~~~~
C:\Users\Administrator\source\repos\xtlua-Tu-154\XTLua\src\imgui_lua_bindings\imgui_iterator.inl:306:1: warning: unused variable 'max_args' [clang-diagnostic-unused-variable]
  306 | IMGUI_FUNCTION(PushStyleVarX)
      | ^
C:\Users\Administrator\source\repos\xtlua-Tu-154\XTLua\src\imgui_lua_bindings\imgui_lua_bindings.cpp:528:7: note: expanded from macro 'IMGUI_FUNCTION'
  528 |   int max_args = lua_gettop(L); \
      |       ^~~~~~~~
C:\Users\Administrator\source\repos\xtlua-Tu-154\XTLua\src\imgui_lua_bindings\imgui_iterator.inl:312:1: warning: unused variable 'max_args' [clang-diagnostic-unused-variable]
  312 | IMGUI_FUNCTION(PushStyleVarY)
      | ^
C:\Users\Administrator\source\repos\xtlua-Tu-154\XTLua\src\imgui_lua_bindings\imgui_lua_bindings.cpp:528:7: note: expanded from macro 'IMGUI_FUNCTION'
  528 |   int max_args = lua_gettop(L); \
      |       ^~~~~~~~
C:\Users\Administrator\source\repos\xtlua-Tu-154\XTLua\src\imgui_lua_bindings\imgui_iterator.inl:326:1: warning: unused variable 'arg' [clang-diagnostic-unused-variable]
  326 | IMGUI_FUNCTION(PopItemFlag)
      | ^
C:\Users\Administrator\source\repos\xtlua-Tu-154\XTLua\src\imgui_lua_bindings\imgui_lua_bindings.cpp:529:7: note: expanded from macro 'IMGUI_FUNCTION'
  529 |   int arg = 1; \
      |       ^~~
C:\Users\Administrator\source\repos\xtlua-Tu-154\XTLua\src\imgui_lua_bindings\imgui_iterator.inl:326:1: warning: unused variable 'max_args' [clang-diagnostic-unused-variable]
  326 | IMGUI_FUNCTION(PopItemFlag)
      | ^
C:\Users\Administrator\source\repos\xtlua-Tu-154\XTLua\src\imgui_lua_bindings\imgui_lua_bindings.cpp:528:7: note: expanded from macro 'IMGUI_FUNCTION'
  528 |   int max_args = lua_gettop(L); \
      |       ^~~~~~~~
C:\Users\Administrator\source\repos\xtlua-Tu-154\XTLua\src\imgui_lua_bindings\imgui_iterator.inl:330:1: warning: unused variable 'max_args' [clang-diagnostic-unused-variable]
  330 | IMGUI_FUNCTION(PushItemWidth)
      | ^
C:\Users\Administrator\source\repos\xtlua-Tu-154\XTLua\src\imgui_lua_bindings\imgui_lua_bindings.cpp:528:7: note: expanded from macro 'IMGUI_FUNCTION'
  528 |   int max_args = lua_gettop(L); \
      |       ^~~~~~~~
C:\Users\Administrator\source\repos\xtlua-Tu-154\XTLua\src\imgui_lua_bindings\imgui_iterator.inl:335:1: warning: unused variable 'arg' [clang-diagnostic-unused-variable]
  335 | IMGUI_FUNCTION(PopItemWidth)
      | ^
C:\Users\Administrator\source\repos\xtlua-Tu-154\XTLua\src\imgui_lua_bindings\imgui_lua_bindings.cpp:529:7: note: expanded from macro 'IMGUI_FUNCTION'
  529 |   int arg = 1; \
      |       ^~~
C:\Users\Administrator\source\repos\xtlua-Tu-154\XTLua\src\imgui_lua_bindings\imgui_iterator.inl:335:1: warning: unused variable 'max_args' [clang-diagnostic-unused-variable]
  335 | IMGUI_FUNCTION(PopItemWidth)
      | ^
C:\Users\Administrator\source\repos\xtlua-Tu-154\XTLua\src\imgui_lua_bindings\imgui_lua_bindings.cpp:528:7: note: expanded from macro 'IMGUI_FUNCTION'
  528 |   int max_args = lua_gettop(L); \
      |       ^~~~~~~~
C:\Users\Administrator\source\repos\xtlua-Tu-154\XTLua\src\imgui_lua_bindings\imgui_iterator.inl:339:1: warning: unused variable 'max_args' [clang-diagnostic-unused-variable]
  339 | IMGUI_FUNCTION(SetNextItemWidth)
      | ^
C:\Users\Administrator\source\repos\xtlua-Tu-154\XTLua\src\imgui_lua_bindings\imgui_lua_bindings.cpp:528:7: note: expanded from macro 'IMGUI_FUNCTION'
  528 |   int max_args = lua_gettop(L); \
      |       ^~~~~~~~
C:\Users\Administrator\source\repos\xtlua-Tu-154\XTLua\src\imgui_lua_bindings\imgui_iterator.inl:344:1: warning: unused variable 'arg' [clang-diagnostic-unused-variable]
  344 | IMGUI_FUNCTION(CalcItemWidth)
      | ^
C:\Users\Administrator\source\repos\xtlua-Tu-154\XTLua\src\imgui_lua_bindings\imgui_lua_bindings.cpp:529:7: note: expanded from macro 'IMGUI_FUNCTION'
  529 |   int arg = 1; \
      |       ^~~
C:\Users\Administrator\source\repos\xtlua-Tu-154\XTLua\src\imgui_lua_bindings\imgui_iterator.inl:344:1: warning: unused variable 'max_args' [clang-diagnostic-unused-variable]
  344 | IMGUI_FUNCTION(CalcItemWidth)
      | ^
C:\Users\Administrator\source\repos\xtlua-Tu-154\XTLua\src\imgui_lua_bindings\imgui_lua_bindings.cpp:528:7: note: expanded from macro 'IMGUI_FUNCTION'
  528 |   int max_args = lua_gettop(L); \
      |       ^~~~~~~~
C:\Users\Administrator\source\repos\xtlua-Tu-154\XTLua\src\imgui_lua_bindings\imgui_iterator.inl:354:1: warning: unused variable 'arg' [clang-diagnostic-unused-variable]
  354 | IMGUI_FUNCTION(PopTextWrapPos)
      | ^
C:\Users\Administrator\source\repos\xtlua-Tu-154\XTLua\src\imgui_lua_bindings\imgui_lua_bindings.cpp:529:7: note: expanded from macro 'IMGUI_FUNCTION'
  529 |   int arg = 1; \
      |       ^~~
C:\Users\Administrator\source\repos\xtlua-Tu-154\XTLua\src\imgui_lua_bindings\imgui_iterator.inl:354:1: warning: unused variable 'max_args' [clang-diagnostic-unused-variable]
  354 | IMGUI_FUNCTION(PopTextWrapPos)
      | ^
C:\Users\Administrator\source\repos\xtlua-Tu-154\XTLua\src\imgui_lua_bindings\imgui_lua_bindings.cpp:528:7: note: expanded from macro 'IMGUI_FUNCTION'
  528 |   int max_args = lua_gettop(L); \
      |       ^~~~~~~~
C:\Users\Administrator\source\repos\xtlua-Tu-154\XTLua\src\imgui_lua_bindings\imgui_iterator.inl:358:1: warning: unused variable 'arg' [clang-diagnostic-unused-variable]
  358 | IMGUI_FUNCTION(GetFontTexUvWhitePixel)
      | ^
C:\Users\Administrator\source\repos\xtlua-Tu-154\XTLua\src\imgui_lua_bindings\imgui_lua_bindings.cpp:529:7: note: expanded from macro 'IMGUI_FUNCTION'
  529 |   int arg = 1; \
      |       ^~~
C:\Users\Administrator\source\repos\xtlua-Tu-154\XTLua\src\imgui_lua_bindings\imgui_iterator.inl:358:1: warning: unused variable 'max_args' [clang-diagnostic-unused-variable]
  358 | IMGUI_FUNCTION(GetFontTexUvWhitePixel)
      | ^
C:\Users\Administrator\source\repos\xtlua-Tu-154\XTLua\src\imgui_lua_bindings\imgui_lua_bindings.cpp:528:7: note: expanded from macro 'IMGUI_FUNCTION'
  528 |   int max_args = lua_gettop(L); \
      |       ^~~~~~~~
C:\Users\Administrator\source\repos\xtlua-Tu-154\XTLua\src\imgui_lua_bindings\imgui_iterator.inl:371:1: warning: unused variable 'max_args' [clang-diagnostic-unused-variable]
  371 | IMGUI_FUNCTION(GetColorU32_1)
      | ^
C:\Users\Administrator\source\repos\xtlua-Tu-154\XTLua\src\imgui_lua_bindings\imgui_lua_bindings.cpp:528:7: note: expanded from macro 'IMGUI_FUNCTION'
  528 |   int max_args = lua_gettop(L); \
      |       ^~~~~~~~
C:\Users\Administrator\source\repos\xtlua-Tu-154\XTLua\src\imgui_lua_bindings\imgui_iterator.inl:386:1: warning: unused variable 'arg' [clang-diagnostic-unused-variable]
  386 | IMGUI_FUNCTION(GetCursorScreenPos)
      | ^
C:\Users\Administrator\source\repos\xtlua-Tu-154\XTLua\src\imgui_lua_bindings\imgui_lua_bindings.cpp:529:7: note: expanded from macro 'IMGUI_FUNCTION'
  529 |   int arg = 1; \
      |       ^~~
C:\Users\Administrator\source\repos\xtlua-Tu-154\XTLua\src\imgui_lua_bindings\imgui_iterator.inl:386:1: warning: unused variable 'max_args' [clang-diagnostic-unused-variable]
  386 | IMGUI_FUNCTION(GetCursorScreenPos)
      | ^
C:\Users\Administrator\source\repos\xtlua-Tu-154\XTLua\src\imgui_lua_bindings\imgui_lua_bindings.cpp:528:7: note: expanded from macro 'IMGUI_FUNCTION'
  528 |   int max_args = lua_gettop(L); \
      |       ^~~~~~~~
C:\Users\Administrator\source\repos\xtlua-Tu-154\XTLua\src\imgui_lua_bindings\imgui_iterator.inl:392:1: warning: unused variable 'max_args' [clang-diagnostic-unused-variable]
  392 | IMGUI_FUNCTION(SetCursorScreenPos)
      | ^
C:\Users\Administrator\source\repos\xtlua-Tu-154\XTLua\src\imgui_lua_bindings\imgui_lua_bindings.cpp:528:7: note: expanded from macro 'IMGUI_FUNCTION'
  528 |   int max_args = lua_gettop(L); \
      |       ^~~~~~~~
C:\Users\Administrator\source\repos\xtlua-Tu-154\XTLua\src\imgui_lua_bindings\imgui_iterator.inl:397:1: warning: unused variable 'arg' [clang-diagnostic-unused-variable]
  397 | IMGUI_FUNCTION(GetContentRegionAvail)
      | ^
C:\Users\Administrator\source\repos\xtlua-Tu-154\XTLua\src\imgui_lua_bindings\imgui_lua_bindings.cpp:529:7: note: expanded from macro 'IMGUI_FUNCTION'
  529 |   int arg = 1; \
      |       ^~~
C:\Users\Administrator\source\repos\xtlua-Tu-154\XTLua\src\imgui_lua_bindings\imgui_iterator.inl:397:1: warning: unused variable 'max_args' [clang-diagnostic-unused-variable]
  397 | IMGUI_FUNCTION(GetContentRegionAvail)
      | ^
C:\Users\Administrator\source\repos\xtlua-Tu-154\XTLua\src\imgui_lua_bindings\imgui_lua_bindings.cpp:528:7: note: expanded from macro 'IMGUI_FUNCTION'
  528 |   int max_args = lua_gettop(L); \
      |       ^~~~~~~~
C:\Users\Administrator\source\repos\xtlua-Tu-154\XTLua\src\imgui_lua_bindings\imgui_iterator.inl:403:1: warning: unused variable 'arg' [clang-diagnostic-unused-variable]
  403 | IMGUI_FUNCTION(GetCursorPos)
      | ^
C:\Users\Administrator\source\repos\xtlua-Tu-154\XTLua\src\imgui_lua_bindings\imgui_lua_bindings.cpp:529:7: note: expanded from macro 'IMGUI_FUNCTION'
  529 |   int arg = 1; \
      |       ^~~
C:\Users\Administrator\source\repos\xtlua-Tu-154\XTLua\src\imgui_lua_bindings\imgui_iterator.inl:403:1: warning: unused variable 'max_args' [clang-diagnostic-unused-variable]
  403 | IMGUI_FUNCTION(GetCursorPos)
      | ^
C:\Users\Administrator\source\repos\xtlua-Tu-154\XTLua\src\imgui_lua_bindings\imgui_lua_bindings.cpp:528:7: note: expanded from macro 'IMGUI_FUNCTION'
  528 |   int max_args = lua_gettop(L); \
      |       ^~~~~~~~
C:\Users\Administrator\source\repos\xtlua-Tu-154\XTLua\src\imgui_lua_bindings\imgui_iterator.inl:409:1: warning: unused variable 'arg' [clang-diagnostic-unused-variable]
  409 | IMGUI_FUNCTION(GetCursorPosX)
      | ^
C:\Users\Administrator\source\repos\xtlua-Tu-154\XTLua\src\imgui_lua_bindings\imgui_lua_bindings.cpp:529:7: note: expanded from macro 'IMGUI_FUNCTION'
  529 |   int arg = 1; \
      |       ^~~
C:\Users\Administrator\source\repos\xtlua-Tu-154\XTLua\src\imgui_lua_bindings\imgui_iterator.inl:409:1: warning: unused variable 'max_args' [clang-diagnostic-unused-variable]
  409 | IMGUI_FUNCTION(GetCursorPosX)
      | ^
C:\Users\Administrator\source\repos\xtlua-Tu-154\XTLua\src\imgui_lua_bindings\imgui_lua_bindings.cpp:528:7: note: expanded from macro 'IMGUI_FUNCTION'
  528 |   int max_args = lua_gettop(L); \
      |       ^~~~~~~~
C:\Users\Administrator\source\repos\xtlua-Tu-154\XTLua\src\imgui_lua_bindings\imgui_iterator.inl:414:1: warning: unused variable 'arg' [clang-diagnostic-unused-variable]
  414 | IMGUI_FUNCTION(GetCursorPosY)
      | ^
C:\Users\Administrator\source\repos\xtlua-Tu-154\XTLua\src\imgui_lua_bindings\imgui_lua_bindings.cpp:529:7: note: expanded from macro 'IMGUI_FUNCTION'
  529 |   int arg = 1; \
      |       ^~~
C:\Users\Administrator\source\repos\xtlua-Tu-154\XTLua\src\imgui_lua_bindings\imgui_iterator.inl:414:1: warning: unused variable 'max_args' [clang-diagnostic-unused-variable]
  414 | IMGUI_FUNCTION(GetCursorPosY)
      | ^
C:\Users\Administrator\source\repos\xtlua-Tu-154\XTLua\src\imgui_lua_bindings\imgui_lua_bindings.cpp:528:7: note: expanded from macro 'IMGUI_FUNCTION'
  528 |   int max_args = lua_gettop(L); \
      |       ^~~~~~~~
C:\Users\Administrator\source\repos\xtlua-Tu-154\XTLua\src\imgui_lua_bindings\imgui_iterator.inl:419:1: warning: unused variable 'max_args' [clang-diagnostic-unused-variable]
  419 | IMGUI_FUNCTION(SetCursorPos)
      | ^
C:\Users\Administrator\source\repos\xtlua-Tu-154\XTLua\src\imgui_lua_bindings\imgui_lua_bindings.cpp:528:7: note: expanded from macro 'IMGUI_FUNCTION'
  528 |   int max_args = lua_gettop(L); \
      |       ^~~~~~~~
C:\Users\Administrator\source\repos\xtlua-Tu-154\XTLua\src\imgui_lua_bindings\imgui_iterator.inl:424:1: warning: unused variable 'max_args' [clang-diagnostic-unused-variable]
  424 | IMGUI_FUNCTION(SetCursorPosX)
      | ^
C:\Users\Administrator\source\repos\xtlua-Tu-154\XTLua\src\imgui_lua_bindings\imgui_lua_bindings.cpp:528:7: note: expanded from macro 'IMGUI_FUNCTION'
  528 |   int max_args = lua_gettop(L); \
      |       ^~~~~~~~
C:\Users\Administrator\source\repos\xtlua-Tu-154\XTLua\src\imgui_lua_bindings\imgui_iterator.inl:429:1: warning: unused variable 'max_args' [clang-diagnostic-unused-variable]
  429 | IMGUI_FUNCTION(SetCursorPosY)
      | ^
C:\Users\Administrator\source\repos\xtlua-Tu-154\XTLua\src\imgui_lua_bindings\imgui_lua_bindings.cpp:528:7: note: expanded from macro 'IMGUI_FUNCTION'
  528 |   int max_args = lua_gettop(L); \
      |       ^~~~~~~~
C:\Users\Administrator\source\repos\xtlua-Tu-154\XTLua\src\imgui_lua_bindings\imgui_iterator.inl:434:1: warning: unused variable 'arg' [clang-diagnostic-unused-variable]
  434 | IMGUI_FUNCTION(GetCursorStartPos)
      | ^
C:\Users\Administrator\source\repos\xtlua-Tu-154\XTLua\src\imgui_lua_bindings\imgui_lua_bindings.cpp:529:7: note: expanded from macro 'IMGUI_FUNCTION'
  529 |   int arg = 1; \
      |       ^~~
C:\Users\Administrator\source\repos\xtlua-Tu-154\XTLua\src\imgui_lua_bindings\imgui_iterator.inl:434:1: warning: unused variable 'max_args' [clang-diagnostic-unused-variable]
  434 | IMGUI_FUNCTION(GetCursorStartPos)
      | ^
C:\Users\Administrator\source\repos\xtlua-Tu-154\XTLua\src\imgui_lua_bindings\imgui_lua_bindings.cpp:528:7: note: expanded from macro 'IMGUI_FUNCTION'
  528 |   int max_args = lua_gettop(L); \
      |       ^~~~~~~~
C:\Users\Administrator\source\repos\xtlua-Tu-154\XTLua\src\imgui_lua_bindings\imgui_iterator.inl:440:1: warning: unused variable 'arg' [clang-diagnostic-unused-variable]
  440 | IMGUI_FUNCTION(Separator)
      | ^
C:\Users\Administrator\source\repos\xtlua-Tu-154\XTLua\src\imgui_lua_bindings\imgui_lua_bindings.cpp:529:7: note: expanded from macro 'IMGUI_FUNCTION'
  529 |   int arg = 1; \
      |       ^~~
C:\Users\Administrator\source\repos\xtlua-Tu-154\XTLua\src\imgui_lua_bindings\imgui_iterator.inl:440:1: warning: unused variable 'max_args' [clang-diagnostic-unused-variable]
  440 | IMGUI_FUNCTION(Separator)
      | ^
C:\Users\Administrator\source\repos\xtlua-Tu-154\XTLua\src\imgui_lua_bindings\imgui_lua_bindings.cpp:528:7: note: expanded from macro 'IMGUI_FUNCTION'
  528 |   int max_args = lua_gettop(L); \
      |       ^~~~~~~~
C:\Users\Administrator\source\repos\xtlua-Tu-154\XTLua\src\imgui_lua_bindings\imgui_iterator.inl:450:1: warning: unused variable 'arg' [clang-diagnostic-unused-variable]
  450 | IMGUI_FUNCTION(NewLine)
      | ^
C:\Users\Administrator\source\repos\xtlua-Tu-154\XTLua\src\imgui_lua_bindings\imgui_lua_bindings.cpp:529:7: note: expanded from macro 'IMGUI_FUNCTION'
  529 |   int arg = 1; \
      |       ^~~
C:\Users\Administrator\source\repos\xtlua-Tu-154\XTLua\src\imgui_lua_bindings\imgui_iterator.inl:450:1: warning: unused variable 'max_args' [clang-diagnostic-unused-variable]
  450 | IMGUI_FUNCTION(NewLine)
      | ^
C:\Users\Administrator\source\repos\xtlua-Tu-154\XTLua\src\imgui_lua_bindings\imgui_lua_bindings.cpp:528:7: note: expanded from macro 'IMGUI_FUNCTION'
  528 |   int max_args = lua_gettop(L); \
      |       ^~~~~~~~
C:\Users\Administrator\source\repos\xtlua-Tu-154\XTLua\src\imgui_lua_bindings\imgui_iterator.inl:454:1: warning: unused variable 'arg' [clang-diagnostic-unused-variable]
  454 | IMGUI_FUNCTION(Spacing)
      | ^
C:\Users\Administrator\source\repos\xtlua-Tu-154\XTLua\src\imgui_lua_bindings\imgui_lua_bindings.cpp:529:7: note: expanded from macro 'IMGUI_FUNCTION'
  529 |   int arg = 1; \
      |       ^~~
C:\Users\Administrator\source\repos\xtlua-Tu-154\XTLua\src\imgui_lua_bindings\imgui_iterator.inl:454:1: warning: unused variable 'max_args' [clang-diagnostic-unused-variable]
  454 | IMGUI_FUNCTION(Spacing)
      | ^
C:\Users\Administrator\source\repos\xtlua-Tu-154\XTLua\src\imgui_lua_bindings\imgui_lua_bindings.cpp:528:7: note: expanded from macro 'IMGUI_FUNCTION'
  528 |   int max_args = lua_gettop(L); \
      |       ^~~~~~~~
C:\Users\Administrator\source\repos\xtlua-Tu-154\XTLua\src\imgui_lua_bindings\imgui_iterator.inl:458:1: warning: unused variable 'max_args' [clang-diagnostic-unused-variable]
  458 | IMGUI_FUNCTION(Dummy)
      | ^
C:\Users\Administrator\source\repos\xtlua-Tu-154\XTLua\src\imgui_lua_bindings\imgui_lua_bindings.cpp:528:7: note: expanded from macro 'IMGUI_FUNCTION'
  528 |   int max_args = lua_gettop(L); \
      |       ^~~~~~~~
C:\Users\Administrator\source\repos\xtlua-Tu-154\XTLua\src\imgui_lua_bindings\imgui_iterator.inl:473:1: warning: unused variable 'arg' [clang-diagnostic-unused-variable]
  473 | IMGUI_FUNCTION(BeginGroup)
      | ^
C:\Users\Administrator\source\repos\xtlua-Tu-154\XTLua\src\imgui_lua_bindings\imgui_lua_bindings.cpp:529:7: note: expanded from macro 'IMGUI_FUNCTION'
  529 |   int arg = 1; \
      |       ^~~
C:\Users\Administrator\source\repos\xtlua-Tu-154\XTLua\src\imgui_lua_bindings\imgui_iterator.inl:473:1: warning: unused variable 'max_args' [clang-diagnostic-unused-variable]
  473 | IMGUI_FUNCTION(BeginGroup)
      | ^
C:\Users\Administrator\source\repos\xtlua-Tu-154\XTLua\src\imgui_lua_bindings\imgui_lua_bindings.cpp:528:7: note: expanded from macro 'IMGUI_FUNCTION'
  528 |   int max_args = lua_gettop(L); \
      |       ^~~~~~~~
C:\Users\Administrator\source\repos\xtlua-Tu-154\XTLua\src\imgui_lua_bindings\imgui_iterator.inl:478:1: warning: unused variable 'arg' [clang-diagnostic-unused-variable]
  478 | IMGUI_FUNCTION(EndGroup)
      | ^
C:\Users\Administrator\source\repos\xtlua-Tu-154\XTLua\src\imgui_lua_bindings\imgui_lua_bindings.cpp:529:7: note: expanded from macro 'IMGUI_FUNCTION'
  529 |   int arg = 1; \
      |       ^~~
C:\Users\Administrator\source\repos\xtlua-Tu-154\XTLua\src\imgui_lua_bindings\imgui_iterator.inl:478:1: warning: unused variable 'max_args' [clang-diagnostic-unused-variable]
  478 | IMGUI_FUNCTION(EndGroup)
      | ^
C:\Users\Administrator\source\repos\xtlua-Tu-154\XTLua\src\imgui_lua_bindings\imgui_lua_bindings.cpp:528:7: note: expanded from macro 'IMGUI_FUNCTION'
  528 |   int max_args = lua_gettop(L); \
      |       ^~~~~~~~
C:\Users\Administrator\source\repos\xtlua-Tu-154\XTLua\src\imgui_lua_bindings\imgui_iterator.inl:483:1: warning: unused variable 'arg' [clang-diagnostic-unused-variable]
  483 | IMGUI_FUNCTION(AlignTextToFramePadding)
      | ^
C:\Users\Administrator\source\repos\xtlua-Tu-154\XTLua\src\imgui_lua_bindings\imgui_lua_bindings.cpp:529:7: note: expanded from macro 'IMGUI_FUNCTION'
  529 |   int arg = 1; \
      |       ^~~
C:\Users\Administrator\source\repos\xtlua-Tu-154\XTLua\src\imgui_lua_bindings\imgui_iterator.inl:483:1: warning: unused variable 'max_args' [clang-diagnostic-unused-variable]
  483 | IMGUI_FUNCTION(AlignTextToFramePadding)
      | ^
C:\Users\Administrator\source\repos\xtlua-Tu-154\XTLua\src\imgui_lua_bindings\imgui_lua_bindings.cpp:528:7: note: expanded from macro 'IMGUI_FUNCTION'
  528 |   int max_args = lua_gettop(L); \
      |       ^~~~~~~~
C:\Users\Administrator\source\repos\xtlua-Tu-154\XTLua\src\imgui_lua_bindings\imgui_iterator.inl:487:1: warning: unused variable 'arg' [clang-diagnostic-unused-variable]
  487 | IMGUI_FUNCTION(GetTextLineHeight)
      | ^
C:\Users\Administrator\source\repos\xtlua-Tu-154\XTLua\src\imgui_lua_bindings\imgui_lua_bindings.cpp:529:7: note: expanded from macro 'IMGUI_FUNCTION'
  529 |   int arg = 1; \
      |       ^~~
C:\Users\Administrator\source\repos\xtlua-Tu-154\XTLua\src\imgui_lua_bindings\imgui_iterator.inl:487:1: warning: unused variable 'max_args' [clang-diagnostic-unused-variable]
  487 | IMGUI_FUNCTION(GetTextLineHeight)
      | ^
C:\Users\Administrator\source\repos\xtlua-Tu-154\XTLua\src\imgui_lua_bindings\imgui_lua_bindings.cpp:528:7: note: expanded from macro 'IMGUI_FUNCTION'
  528 |   int max_args = lua_gettop(L); \
      |       ^~~~~~~~
C:\Users\Administrator\source\repos\xtlua-Tu-154\XTLua\src\imgui_lua_bindings\imgui_iterator.inl:492:1: warning: unused variable 'arg' [clang-diagnostic-unused-variable]
  492 | IMGUI_FUNCTION(GetTextLineHeightWithSpacing)
      | ^
C:\Users\Administrator\source\repos\xtlua-Tu-154\XTLua\src\imgui_lua_bindings\imgui_lua_bindings.cpp:529:7: note: expanded from macro 'IMGUI_FUNCTION'
  529 |   int arg = 1; \
      |       ^~~
C:\Users\Administrator\source\repos\xtlua-Tu-154\XTLua\src\imgui_lua_bindings\imgui_iterator.inl:492:1: warning: unused variable 'max_args' [clang-diagnostic-unused-variable]
  492 | IMGUI_FUNCTION(GetTextLineHeightWithSpacing)
      | ^
C:\Users\Administrator\source\repos\xtlua-Tu-154\XTLua\src\imgui_lua_bindings\imgui_lua_bindings.cpp:528:7: note: expanded from macro 'IMGUI_FUNCTION'
  528 |   int max_args = lua_gettop(L); \
      |       ^~~~~~~~
C:\Users\Administrator\source\repos\xtlua-Tu-154\XTLua\src\imgui_lua_bindings\imgui_iterator.inl:497:1: warning: unused variable 'arg' [clang-diagnostic-unused-variable]
  497 | IMGUI_FUNCTION(GetFrameHeight)
      | ^
C:\Users\Administrator\source\repos\xtlua-Tu-154\XTLua\src\imgui_lua_bindings\imgui_lua_bindings.cpp:529:7: note: expanded from macro 'IMGUI_FUNCTION'
  529 |   int arg = 1; \
      |       ^~~
C:\Users\Administrator\source\repos\xtlua-Tu-154\XTLua\src\imgui_lua_bindings\imgui_iterator.inl:497:1: warning: unused variable 'max_args' [clang-diagnostic-unused-variable]
  497 | IMGUI_FUNCTION(GetFrameHeight)
      | ^
C:\Users\Administrator\source\repos\xtlua-Tu-154\XTLua\src\imgui_lua_bindings\imgui_lua_bindings.cpp:528:7: note: expanded from macro 'IMGUI_FUNCTION'
  528 |   int max_args = lua_gettop(L); \
      |       ^~~~~~~~
C:\Users\Administrator\source\repos\xtlua-Tu-154\XTLua\src\imgui_lua_bindings\imgui_iterator.inl:502:1: warning: unused variable 'arg' [clang-diagnostic-unused-variable]
  502 | IMGUI_FUNCTION(GetFrameHeightWithSpacing)
      | ^
C:\Users\Administrator\source\repos\xtlua-Tu-154\XTLua\src\imgui_lua_bindings\imgui_lua_bindings.cpp:529:7: note: expanded from macro 'IMGUI_FUNCTION'
  529 |   int arg = 1; \
      |       ^~~
C:\Users\Administrator\source\repos\xtlua-Tu-154\XTLua\src\imgui_lua_bindings\imgui_iterator.inl:502:1: warning: unused variable 'max_args' [clang-diagnostic-unused-variable]
  502 | IMGUI_FUNCTION(GetFrameHeightWithSpacing)
      | ^
C:\Users\Administrator\source\repos\xtlua-Tu-154\XTLua\src\imgui_lua_bindings\imgui_lua_bindings.cpp:528:7: note: expanded from macro 'IMGUI_FUNCTION'
  528 |   int max_args = lua_gettop(L); \
      |       ^~~~~~~~
C:\Users\Administrator\source\repos\xtlua-Tu-154\XTLua\src\imgui_lua_bindings\imgui_iterator.inl:507:1: warning: unused variable 'max_args' [clang-diagnostic-unused-variable]
  507 | IMGUI_FUNCTION(PushID)
      | ^
C:\Users\Administrator\source\repos\xtlua-Tu-154\XTLua\src\imgui_lua_bindings\imgui_lua_bindings.cpp:528:7: note: expanded from macro 'IMGUI_FUNCTION'
  528 |   int max_args = lua_gettop(L); \
      |       ^~~~~~~~
C:\Users\Administrator\source\repos\xtlua-Tu-154\XTLua\src\imgui_lua_bindings\imgui_iterator.inl:512:1: warning: unused variable 'max_args' [clang-diagnostic-unused-variable]
  512 | IMGUI_FUNCTION(PushID_2)
      | ^
C:\Users\Administrator\source\repos\xtlua-Tu-154\XTLua\src\imgui_lua_bindings\imgui_lua_bindings.cpp:528:7: note: expanded from macro 'IMGUI_FUNCTION'
  528 |   int max_args = lua_gettop(L); \
      |       ^~~~~~~~
C:\Users\Administrator\source\repos\xtlua-Tu-154\XTLua\src\imgui_lua_bindings\imgui_iterator.inl:520:1: warning: unused variable 'max_args' [clang-diagnostic-unused-variable]
  520 | IMGUI_FUNCTION(PushID_1)
      | ^
C:\Users\Administrator\source\repos\xtlua-Tu-154\XTLua\src\imgui_lua_bindings\imgui_lua_bindings.cpp:528:7: note: expanded from macro 'IMGUI_FUNCTION'
  528 |   int max_args = lua_gettop(L); \
      |       ^~~~~~~~
C:\Users\Administrator\source\repos\xtlua-Tu-154\XTLua\src\imgui_lua_bindings\imgui_iterator.inl:525:1: warning: unused variable 'arg' [clang-diagnostic-unused-variable]
  525 | IMGUI_FUNCTION(PopID)
      | ^
C:\Users\Administrator\source\repos\xtlua-Tu-154\XTLua\src\imgui_lua_bindings\imgui_lua_bindings.cpp:529:7: note: expanded from macro 'IMGUI_FUNCTION'
  529 |   int arg = 1; \
      |       ^~~
C:\Users\Administrator\source\repos\xtlua-Tu-154\XTLua\src\imgui_lua_bindings\imgui_iterator.inl:525:1: warning: unused variable 'max_args' [clang-diagnostic-unused-variable]
  525 | IMGUI_FUNCTION(PopID)
      | ^
C:\Users\Administrator\source\repos\xtlua-Tu-154\XTLua\src\imgui_lua_bindings\imgui_lua_bindings.cpp:528:7: note: expanded from macro 'IMGUI_FUNCTION'
  528 |   int max_args = lua_gettop(L); \
      |       ^~~~~~~~
C:\Users\Administrator\source\repos\xtlua-Tu-154\XTLua\src\imgui_lua_bindings\imgui_iterator.inl:529:1: warning: unused variable 'max_args' [clang-diagnostic-unused-variable]
  529 | IMGUI_FUNCTION(GetID)
      | ^
C:\Users\Administrator\source\repos\xtlua-Tu-154\XTLua\src\imgui_lua_bindings\imgui_lua_bindings.cpp:528:7: note: expanded from macro 'IMGUI_FUNCTION'
  528 |   int max_args = lua_gettop(L); \
      |       ^~~~~~~~
C:\Users\Administrator\source\repos\xtlua-Tu-154\XTLua\src\imgui_lua_bindings\imgui_iterator.inl:535:1: warning: unused variable 'max_args' [clang-diagnostic-unused-variable]
  535 | IMGUI_FUNCTION(GetID_2)
      | ^
C:\Users\Administrator\source\repos\xtlua-Tu-154\XTLua\src\imgui_lua_bindings\imgui_lua_bindings.cpp:528:7: note: expanded from macro 'IMGUI_FUNCTION'
  528 |   int max_args = lua_gettop(L); \
      |       ^~~~~~~~
C:\Users\Administrator\source\repos\xtlua-Tu-154\XTLua\src\imgui_lua_bindings\imgui_iterator.inl:544:1: warning: unused variable 'max_args' [clang-diagnostic-unused-variable]
  544 | IMGUI_FUNCTION(GetID_1)
      | ^
C:\Users\Administrator\source\repos\xtlua-Tu-154\XTLua\src\imgui_lua_bindings\imgui_lua_bindings.cpp:528:7: note: expanded from macro 'IMGUI_FUNCTION'
  528 |   int max_args = lua_gettop(L); \
      |       ^~~~~~~~
C:\Users\Administrator\source\repos\xtlua-Tu-154\XTLua\src\imgui_lua_bindings\imgui_iterator.inl:580:1: warning: unused variable 'max_args' [clang-diagnostic-unused-variable]
  580 | IMGUI_FUNCTION(SeparatorText)
      | ^
C:\Users\Administrator\source\repos\xtlua-Tu-154\XTLua\src\imgui_lua_bindings\imgui_lua_bindings.cpp:528:7: note: expanded from macro 'IMGUI_FUNCTION'
  528 |   int max_args = lua_gettop(L); \
      |       ^~~~~~~~
C:\Users\Administrator\source\repos\xtlua-Tu-154\XTLua\src\imgui_lua_bindings\imgui_iterator.inl:592:1: warning: unused variable 'max_args' [clang-diagnostic-unused-variable]
  592 | IMGUI_FUNCTION(SmallButton)
      | ^
C:\Users\Administrator\source\repos\xtlua-Tu-154\XTLua\src\imgui_lua_bindings\imgui_lua_bindings.cpp:528:7: note: expanded from macro 'IMGUI_FUNCTION'
  528 |   int max_args = lua_gettop(L); \
      |       ^~~~~~~~
C:\Users\Administrator\source\repos\xtlua-Tu-154\XTLua\src\imgui_lua_bindings\imgui_iterator.inl:602:1: warning: unused variable 'max_args' [clang-diagnostic-unused-variable]
  602 | IMGUI_FUNCTION(Checkbox)
      | ^
C:\Users\Administrator\source\repos\xtlua-Tu-154\XTLua\src\imgui_lua_bindings\imgui_lua_bindings.cpp:528:7: note: expanded from macro 'IMGUI_FUNCTION'
  528 |   int max_args = lua_gettop(L); \
      |       ^~~~~~~~
C:\Users\Administrator\source\repos\xtlua-Tu-154\XTLua\src\imgui_lua_bindings\imgui_iterator.inl:610:1: warning: unused variable 'max_args' [clang-diagnostic-unused-variable]
  610 | IMGUI_FUNCTION(CheckboxFlags)
      | ^
C:\Users\Administrator\source\repos\xtlua-Tu-154\XTLua\src\imgui_lua_bindings\imgui_lua_bindings.cpp:528:7: note: expanded from macro 'IMGUI_FUNCTION'
  528 |   int max_args = lua_gettop(L); \
      |       ^~~~~~~~
C:\Users\Administrator\source\repos\xtlua-Tu-154\XTLua\src\imgui_lua_bindings\imgui_iterator.inl:619:1: warning: unused variable 'max_args' [clang-diagnostic-unused-variable]
  619 | IMGUI_FUNCTION(CheckboxFlags_3)
      | ^
C:\Users\Administrator\source\repos\xtlua-Tu-154\XTLua\src\imgui_lua_bindings\imgui_lua_bindings.cpp:528:7: note: expanded from macro 'IMGUI_FUNCTION'
  528 |   int max_args = lua_gettop(L); \
      |       ^~~~~~~~
C:\Users\Administrator\source\repos\xtlua-Tu-154\XTLua\src\imgui_lua_bindings\imgui_iterator.inl:628:1: warning: unused variable 'max_args' [clang-diagnostic-unused-variable]
  628 | IMGUI_FUNCTION(RadioButton)
      | ^
C:\Users\Administrator\source\repos\xtlua-Tu-154\XTLua\src\imgui_lua_bindings\imgui_lua_bindings.cpp:528:7: note: expanded from macro 'IMGUI_FUNCTION'
  528 |   int max_args = lua_gettop(L); \
      |       ^~~~~~~~
C:\Users\Administrator\source\repos\xtlua-Tu-154\XTLua\src\imgui_lua_bindings\imgui_iterator.inl:635:1: warning: unused variable 'max_args' [clang-diagnostic-unused-variable]
  635 | IMGUI_FUNCTION(RadioButton_3)
      | ^
C:\Users\Administrator\source\repos\xtlua-Tu-154\XTLua\src\imgui_lua_bindings\imgui_lua_bindings.cpp:528:7: note: expanded from macro 'IMGUI_FUNCTION'
  528 |   int max_args = lua_gettop(L); \
      |       ^~~~~~~~
C:\Users\Administrator\source\repos\xtlua-Tu-154\XTLua\src\imgui_lua_bindings\imgui_iterator.inl:646:1: warning: unused variable 'arg' [clang-diagnostic-unused-variable]
  646 | IMGUI_FUNCTION(Bullet)
      | ^
C:\Users\Administrator\source\repos\xtlua-Tu-154\XTLua\src\imgui_lua_bindings\imgui_lua_bindings.cpp:529:7: note: expanded from macro 'IMGUI_FUNCTION'
  529 |   int arg = 1; \
      |       ^~~
C:\Users\Administrator\source\repos\xtlua-Tu-154\XTLua\src\imgui_lua_bindings\imgui_iterator.inl:646:1: warning: unused variable 'max_args' [clang-diagnostic-unused-variable]
  646 | IMGUI_FUNCTION(Bullet)
      | ^
C:\Users\Administrator\source\repos\xtlua-Tu-154\XTLua\src\imgui_lua_bindings\imgui_lua_bindings.cpp:528:7: note: expanded from macro 'IMGUI_FUNCTION'
  528 |   int max_args = lua_gettop(L); \
      |       ^~~~~~~~
C:\Users\Administrator\source\repos\xtlua-Tu-154\XTLua\src\imgui_lua_bindings\imgui_iterator.inl:650:1: warning: unused variable 'max_args' [clang-diagnostic-unused-variable]
  650 | IMGUI_FUNCTION(TextLink)
      | ^
C:\Users\Administrator\source\repos\xtlua-Tu-154\XTLua\src\imgui_lua_bindings\imgui_lua_bindings.cpp:528:7: note: expanded from macro 'IMGUI_FUNCTION'
  528 |   int max_args = lua_gettop(L); \
      |       ^~~~~~~~
C:\Users\Administrator\source\repos\xtlua-Tu-154\XTLua\src\imgui_lua_bindings\imgui_iterator.inl:681:1: warning: unused variable 'arg' [clang-diagnostic-unused-variable]
  681 | IMGUI_FUNCTION(EndCombo)
      | ^
C:\Users\Administrator\source\repos\xtlua-Tu-154\XTLua\src\imgui_lua_bindings\imgui_lua_bindings.cpp:529:7: note: expanded from macro 'IMGUI_FUNCTION'
  529 |   int arg = 1; \
      |       ^~~
C:\Users\Administrator\source\repos\xtlua-Tu-154\XTLua\src\imgui_lua_bindings\imgui_iterator.inl:681:1: warning: unused variable 'max_args' [clang-diagnostic-unused-variable]
  681 | IMGUI_FUNCTION(EndCombo)
      | ^
C:\Users\Administrator\source\repos\xtlua-Tu-154\XTLua\src\imgui_lua_bindings\imgui_lua_bindings.cpp:528:7: note: expanded from macro 'IMGUI_FUNCTION'
  528 |   int max_args = lua_gettop(L); \
      |       ^~~~~~~~
C:\Users\Administrator\source\repos\xtlua-Tu-154\XTLua\src\imgui_lua_bindings\imgui_iterator.inl:868:1: warning: unused variable 'max_args' [clang-diagnostic-unused-variable]
  868 | IMGUI_FUNCTION(TreeNode)
      | ^
C:\Users\Administrator\source\repos\xtlua-Tu-154\XTLua\src\imgui_lua_bindings\imgui_lua_bindings.cpp:528:7: note: expanded from macro 'IMGUI_FUNCTION'
  528 |   int max_args = lua_gettop(L); \
      |       ^~~~~~~~
C:\Users\Administrator\source\repos\xtlua-Tu-154\XTLua\src\imgui_lua_bindings\imgui_iterator.inl:901:1: warning: unused variable 'max_args' [clang-diagnostic-unused-variable]
  901 | IMGUI_FUNCTION(TreePush)
      | ^
C:\Users\Administrator\source\repos\xtlua-Tu-154\XTLua\src\imgui_lua_bindings\imgui_lua_bindings.cpp:528:7: note: expanded from macro 'IMGUI_FUNCTION'
  528 |   int max_args = lua_gettop(L); \
      |       ^~~~~~~~
C:\Users\Administrator\source\repos\xtlua-Tu-154\XTLua\src\imgui_lua_bindings\imgui_iterator.inl:909:1: warning: unused variable 'arg' [clang-diagnostic-unused-variable]
  909 | IMGUI_FUNCTION(TreePop)
      | ^
C:\Users\Administrator\source\repos\xtlua-Tu-154\XTLua\src\imgui_lua_bindings\imgui_lua_bindings.cpp:529:7: note: expanded from macro 'IMGUI_FUNCTION'
  529 |   int arg = 1; \
      |       ^~~
C:\Users\Administrator\source\repos\xtlua-Tu-154\XTLua\src\imgui_lua_bindings\imgui_iterator.inl:909:1: warning: unused variable 'max_args' [clang-diagnostic-unused-variable]
  909 | IMGUI_FUNCTION(TreePop)
      | ^
C:\Users\Administrator\source\repos\xtlua-Tu-154\XTLua\src\imgui_lua_bindings\imgui_lua_bindings.cpp:528:7: note: expanded from macro 'IMGUI_FUNCTION'
  528 |   int max_args = lua_gettop(L); \
      |       ^~~~~~~~
C:\Users\Administrator\source\repos\xtlua-Tu-154\XTLua\src\imgui_lua_bindings\imgui_iterator.inl:914:1: warning: unused variable 'arg' [clang-diagnostic-unused-variable]
  914 | IMGUI_FUNCTION(GetTreeNodeToLabelSpacing)
      | ^
C:\Users\Administrator\source\repos\xtlua-Tu-154\XTLua\src\imgui_lua_bindings\imgui_lua_bindings.cpp:529:7: note: expanded from macro 'IMGUI_FUNCTION'
  529 |   int arg = 1; \
      |       ^~~
C:\Users\Administrator\source\repos\xtlua-Tu-154\XTLua\src\imgui_lua_bindings\imgui_iterator.inl:914:1: warning: unused variable 'max_args' [clang-diagnostic-unused-variable]
  914 | IMGUI_FUNCTION(GetTreeNodeToLabelSpacing)
      | ^
C:\Users\Administrator\source\repos\xtlua-Tu-154\XTLua\src\imgui_lua_bindings\imgui_lua_bindings.cpp:528:7: note: expanded from macro 'IMGUI_FUNCTION'
  528 |   int max_args = lua_gettop(L); \
      |       ^~~~~~~~
C:\Users\Administrator\source\repos\xtlua-Tu-154\XTLua\src\imgui_lua_bindings\imgui_iterator.inl:925:1: warning: unused variable 'max_args' [clang-diagnostic-unused-variable]
  925 | IMGUI_FUNCTION(SetNextItemStorageID)
      | ^
C:\Users\Administrator\source\repos\xtlua-Tu-154\XTLua\src\imgui_lua_bindings\imgui_lua_bindings.cpp:528:7: note: expanded from macro 'IMGUI_FUNCTION'
  528 |   int max_args = lua_gettop(L); \
      |       ^~~~~~~~
C:\Users\Administrator\source\repos\xtlua-Tu-154\XTLua\src\imgui_lua_bindings\imgui_iterator.inl:930:1: warning: unused variable 'max_args' [clang-diagnostic-unused-variable]
  930 | IMGUI_FUNCTION(TreeNodeGetOpen)
      | ^
C:\Users\Administrator\source\repos\xtlua-Tu-154\XTLua\src\imgui_lua_bindings\imgui_lua_bindings.cpp:528:7: note: expanded from macro 'IMGUI_FUNCTION'
  528 |   int max_args = lua_gettop(L); \
      |       ^~~~~~~~
C:\Users\Administrator\source\repos\xtlua-Tu-154\XTLua\src\imgui_lua_bindings\imgui_iterator.inl:947:1: warning: unused variable 'arg' [clang-diagnostic-unused-variable]
  947 | IMGUI_FUNCTION(IsItemToggledSelection)
      | ^
C:\Users\Administrator\source\repos\xtlua-Tu-154\XTLua\src\imgui_lua_bindings\imgui_lua_bindings.cpp:529:7: note: expanded from macro 'IMGUI_FUNCTION'
  529 |   int arg = 1; \
      |       ^~~
C:\Users\Administrator\source\repos\xtlua-Tu-154\XTLua\src\imgui_lua_bindings\imgui_iterator.inl:947:1: warning: unused variable 'max_args' [clang-diagnostic-unused-variable]
  947 | IMGUI_FUNCTION(IsItemToggledSelection)
      | ^
C:\Users\Administrator\source\repos\xtlua-Tu-154\XTLua\src\imgui_lua_bindings\imgui_lua_bindings.cpp:528:7: note: expanded from macro 'IMGUI_FUNCTION'
  528 |   int max_args = lua_gettop(L); \
      |       ^~~~~~~~
C:\Users\Administrator\source\repos\xtlua-Tu-154\XTLua\src\imgui_lua_bindings\imgui_iterator.inl:954:1: warning: unused variable 'arg' [clang-diagnostic-unused-variable]
  954 | IMGUI_FUNCTION(EndListBox)
      | ^
C:\Users\Administrator\source\repos\xtlua-Tu-154\XTLua\src\imgui_lua_bindings\imgui_lua_bindings.cpp:529:7: note: expanded from macro 'IMGUI_FUNCTION'
  529 |   int arg = 1; \
      |       ^~~
C:\Users\Administrator\source\repos\xtlua-Tu-154\XTLua\src\imgui_lua_bindings\imgui_iterator.inl:954:1: warning: unused variable 'max_args' [clang-diagnostic-unused-variable]
  954 | IMGUI_FUNCTION(EndListBox)
      | ^
C:\Users\Administrator\source\repos\xtlua-Tu-154\XTLua\src\imgui_lua_bindings\imgui_lua_bindings.cpp:528:7: note: expanded from macro 'IMGUI_FUNCTION'
  528 |   int max_args = lua_gettop(L); \
      |       ^~~~~~~~
C:\Users\Administrator\source\repos\xtlua-Tu-154\XTLua\src\imgui_lua_bindings\imgui_iterator.inl:978:1: warning: unused variable 'max_args' [clang-diagnostic-unused-variable]
  978 | IMGUI_FUNCTION(Value)
      | ^
C:\Users\Administrator\source\repos\xtlua-Tu-154\XTLua\src\imgui_lua_bindings\imgui_lua_bindings.cpp:528:7: note: expanded from macro 'IMGUI_FUNCTION'
  528 |   int max_args = lua_gettop(L); \
      |       ^~~~~~~~
C:\Users\Administrator\source\repos\xtlua-Tu-154\XTLua\src\imgui_lua_bindings\imgui_iterator.inl:984:1: warning: unused variable 'max_args' [clang-diagnostic-unused-variable]
  984 | IMGUI_FUNCTION(Value_2)
      | ^
C:\Users\Administrator\source\repos\xtlua-Tu-154\XTLua\src\imgui_lua_bindings\imgui_lua_bindings.cpp:528:7: note: expanded from macro 'IMGUI_FUNCTION'
  528 |   int max_args = lua_gettop(L); \
      |       ^~~~~~~~
C:\Users\Administrator\source\repos\xtlua-Tu-154\XTLua\src\imgui_lua_bindings\imgui_iterator.inl:990:1: warning: unused variable 'max_args' [clang-diagnostic-unused-variable]
  990 | IMGUI_FUNCTION(Value_2_2)
      | ^
C:\Users\Administrator\source\repos\xtlua-Tu-154\XTLua\src\imgui_lua_bindings\imgui_lua_bindings.cpp:528:7: note: expanded from macro 'IMGUI_FUNCTION'
  528 |   int max_args = lua_gettop(L); \
      |       ^~~~~~~~
C:\Users\Administrator\source\repos\xtlua-Tu-154\XTLua\src\imgui_lua_bindings\imgui_iterator.inl:1003:1: warning: unused variable 'arg' [clang-diagnostic-unused-variable]
 1003 | IMGUI_FUNCTION(BeginMenuBar)
      | ^
C:\Users\Administrator\source\repos\xtlua-Tu-154\XTLua\src\imgui_lua_bindings\imgui_lua_bindings.cpp:529:7: note: expanded from macro 'IMGUI_FUNCTION'
  529 |   int arg = 1; \
      |       ^~~
C:\Users\Administrator\source\repos\xtlua-Tu-154\XTLua\src\imgui_lua_bindings\imgui_iterator.inl:1003:1: warning: unused variable 'max_args' [clang-diagnostic-unused-variable]
 1003 | IMGUI_FUNCTION(BeginMenuBar)
      | ^
C:\Users\Administrator\source\repos\xtlua-Tu-154\XTLua\src\imgui_lua_bindings\imgui_lua_bindings.cpp:528:7: note: expanded from macro 'IMGUI_FUNCTION'
  528 |   int max_args = lua_gettop(L); \
      |       ^~~~~~~~
C:\Users\Administrator\source\repos\xtlua-Tu-154\XTLua\src\imgui_lua_bindings\imgui_iterator.inl:1009:1: warning: unused variable 'arg' [clang-diagnostic-unused-variable]
 1009 | IMGUI_FUNCTION(EndMenuBar)
      | ^
C:\Users\Administrator\source\repos\xtlua-Tu-154\XTLua\src\imgui_lua_bindings\imgui_lua_bindings.cpp:529:7: note: expanded from macro 'IMGUI_FUNCTION'
  529 |   int arg = 1; \
      |       ^~~
C:\Users\Administrator\source\repos\xtlua-Tu-154\XTLua\src\imgui_lua_bindings\imgui_iterator.inl:1009:1: warning: unused variable 'max_args' [clang-diagnostic-unused-variable]
 1009 | IMGUI_FUNCTION(EndMenuBar)
      | ^
C:\Users\Administrator\source\repos\xtlua-Tu-154\XTLua\src\imgui_lua_bindings\imgui_lua_bindings.cpp:528:7: note: expanded from macro 'IMGUI_FUNCTION'
  528 |   int max_args = lua_gettop(L); \
      |       ^~~~~~~~
C:\Users\Administrator\source\repos\xtlua-Tu-154\XTLua\src\imgui_lua_bindings\imgui_iterator.inl:1014:1: warning: unused variable 'arg' [clang-diagnostic-unused-variable]
 1014 | IMGUI_FUNCTION(BeginMainMenuBar)
      | ^
C:\Users\Administrator\source\repos\xtlua-Tu-154\XTLua\src\imgui_lua_bindings\imgui_lua_bindings.cpp:529:7: note: expanded from macro 'IMGUI_FUNCTION'
  529 |   int arg = 1; \
      |       ^~~
C:\Users\Administrator\source\repos\xtlua-Tu-154\XTLua\src\imgui_lua_bindings\imgui_iterator.inl:1014:1: warning: unused variable 'max_args' [clang-diagnostic-unused-variable]
 1014 | IMGUI_FUNCTION(BeginMainMenuBar)
      | ^
C:\Users\Administrator\source\repos\xtlua-Tu-154\XTLua\src\imgui_lua_bindings\imgui_lua_bindings.cpp:528:7: note: expanded from macro 'IMGUI_FUNCTION'
  528 |   int max_args = lua_gettop(L); \
      |       ^~~~~~~~
C:\Users\Administrator\source\repos\xtlua-Tu-154\XTLua\src\imgui_lua_bindings\imgui_iterator.inl:1020:1: warning: unused variable 'arg' [clang-diagnostic-unused-variable]
 1020 | IMGUI_FUNCTION(EndMainMenuBar)
      | ^
C:\Users\Administrator\source\repos\xtlua-Tu-154\XTLua\src\imgui_lua_bindings\imgui_lua_bindings.cpp:529:7: note: expanded from macro 'IMGUI_FUNCTION'
  529 |   int arg = 1; \
      |       ^~~
C:\Users\Administrator\source\repos\xtlua-Tu-154\XTLua\src\imgui_lua_bindings\imgui_iterator.inl:1020:1: warning: unused variable 'max_args' [clang-diagnostic-unused-variable]
 1020 | IMGUI_FUNCTION(EndMainMenuBar)
      | ^
C:\Users\Administrator\source\repos\xtlua-Tu-154\XTLua\src\imgui_lua_bindings\imgui_lua_bindings.cpp:528:7: note: expanded from macro 'IMGUI_FUNCTION'
  528 |   int max_args = lua_gettop(L); \
      |       ^~~~~~~~
C:\Users\Administrator\source\repos\xtlua-Tu-154\XTLua\src\imgui_lua_bindings\imgui_iterator.inl:1033:1: warning: unused variable 'arg' [clang-diagnostic-unused-variable]
 1033 | IMGUI_FUNCTION(EndMenu)
      | ^
C:\Users\Administrator\source\repos\xtlua-Tu-154\XTLua\src\imgui_lua_bindings\imgui_lua_bindings.cpp:529:7: note: expanded from macro 'IMGUI_FUNCTION'
  529 |   int arg = 1; \
      |       ^~~
C:\Users\Administrator\source\repos\xtlua-Tu-154\XTLua\src\imgui_lua_bindings\imgui_iterator.inl:1033:1: warning: unused variable 'max_args' [clang-diagnostic-unused-variable]
 1033 | IMGUI_FUNCTION(EndMenu)
      | ^
C:\Users\Administrator\source\repos\xtlua-Tu-154\XTLua\src\imgui_lua_bindings\imgui_lua_bindings.cpp:528:7: note: expanded from macro 'IMGUI_FUNCTION'
  528 |   int max_args = lua_gettop(L); \
      |       ^~~~~~~~
C:\Users\Administrator\source\repos\xtlua-Tu-154\XTLua\src\imgui_lua_bindings\imgui_iterator.inl:1057:1: warning: unused variable 'arg' [clang-diagnostic-unused-variable]
 1057 | IMGUI_FUNCTION(BeginTooltip)
      | ^
C:\Users\Administrator\source\repos\xtlua-Tu-154\XTLua\src\imgui_lua_bindings\imgui_lua_bindings.cpp:529:7: note: expanded from macro 'IMGUI_FUNCTION'
  529 |   int arg = 1; \
      |       ^~~
C:\Users\Administrator\source\repos\xtlua-Tu-154\XTLua\src\imgui_lua_bindings\imgui_iterator.inl:1057:1: warning: unused variable 'max_args' [clang-diagnostic-unused-variable]
 1057 | IMGUI_FUNCTION(BeginTooltip)
      | ^
C:\Users\Administrator\source\repos\xtlua-Tu-154\XTLua\src\imgui_lua_bindings\imgui_lua_bindings.cpp:528:7: note: expanded from macro 'IMGUI_FUNCTION'
  528 |   int max_args = lua_gettop(L); \
      |       ^~~~~~~~
C:\Users\Administrator\source\repos\xtlua-Tu-154\XTLua\src\imgui_lua_bindings\imgui_iterator.inl:1063:1: warning: unused variable 'arg' [clang-diagnostic-unused-variable]
 1063 | IMGUI_FUNCTION(EndTooltip)
      | ^
C:\Users\Administrator\source\repos\xtlua-Tu-154\XTLua\src\imgui_lua_bindings\imgui_lua_bindings.cpp:529:7: note: expanded from macro 'IMGUI_FUNCTION'
  529 |   int arg = 1; \
      |       ^~~
C:\Users\Administrator\source\repos\xtlua-Tu-154\XTLua\src\imgui_lua_bindings\imgui_iterator.inl:1063:1: warning: unused variable 'max_args' [clang-diagnostic-unused-variable]
 1063 | IMGUI_FUNCTION(EndTooltip)
      | ^
C:\Users\Administrator\source\repos\xtlua-Tu-154\XTLua\src\imgui_lua_bindings\imgui_lua_bindings.cpp:528:7: note: expanded from macro 'IMGUI_FUNCTION'
  528 |   int max_args = lua_gettop(L); \
      |       ^~~~~~~~
C:\Users\Administrator\source\repos\xtlua-Tu-154\XTLua\src\imgui_lua_bindings\imgui_iterator.inl:1072:1: warning: unused variable 'arg' [clang-diagnostic-unused-variable]
 1072 | IMGUI_FUNCTION(BeginItemTooltip)
      | ^
C:\Users\Administrator\source\repos\xtlua-Tu-154\XTLua\src\imgui_lua_bindings\imgui_lua_bindings.cpp:529:7: note: expanded from macro 'IMGUI_FUNCTION'
  529 |   int arg = 1; \
      |       ^~~
C:\Users\Administrator\source\repos\xtlua-Tu-154\XTLua\src\imgui_lua_bindings\imgui_iterator.inl:1072:1: warning: unused variable 'max_args' [clang-diagnostic-unused-variable]
 1072 | IMGUI_FUNCTION(BeginItemTooltip)
      | ^
C:\Users\Administrator\source\repos\xtlua-Tu-154\XTLua\src\imgui_lua_bindings\imgui_lua_bindings.cpp:528:7: note: expanded from macro 'IMGUI_FUNCTION'
  528 |   int max_args = lua_gettop(L); \
      |       ^~~~~~~~
C:\Users\Administrator\source\repos\xtlua-Tu-154\XTLua\src\imgui_lua_bindings\imgui_iterator.inl:1100:1: warning: unused variable 'arg' [clang-diagnostic-unused-variable]
 1100 | IMGUI_FUNCTION(EndPopup)
      | ^
C:\Users\Administrator\source\repos\xtlua-Tu-154\XTLua\src\imgui_lua_bindings\imgui_lua_bindings.cpp:529:7: note: expanded from macro 'IMGUI_FUNCTION'
  529 |   int arg = 1; \
      |       ^~~
C:\Users\Administrator\source\repos\xtlua-Tu-154\XTLua\src\imgui_lua_bindings\imgui_iterator.inl:1100:1: warning: unused variable 'max_args' [clang-diagnostic-unused-variable]
 1100 | IMGUI_FUNCTION(EndPopup)
      | ^
C:\Users\Administrator\source\repos\xtlua-Tu-154\XTLua\src\imgui_lua_bindings\imgui_lua_bindings.cpp:528:7: note: expanded from macro 'IMGUI_FUNCTION'
  528 |   int max_args = lua_gettop(L); \
      |       ^~~~~~~~
C:\Users\Administrator\source\repos\xtlua-Tu-154\XTLua\src\imgui_lua_bindings\imgui_iterator.inl:1111:1: warning: unused variable 'arg' [clang-diagnostic-unused-variable]
 1111 | IMGUI_FUNCTION(CloseCurrentPopup)
      | ^
C:\Users\Administrator\source\repos\xtlua-Tu-154\XTLua\src\imgui_lua_bindings\imgui_lua_bindings.cpp:529:7: note: expanded from macro 'IMGUI_FUNCTION'
  529 |   int arg = 1; \
      |       ^~~
C:\Users\Administrator\source\repos\xtlua-Tu-154\XTLua\src\imgui_lua_bindings\imgui_iterator.inl:1111:1: warning: unused variable 'max_args' [clang-diagnostic-unused-variable]
 1111 | IMGUI_FUNCTION(CloseCurrentPopup)
      | ^
C:\Users\Administrator\source\repos\xtlua-Tu-154\XTLua\src\imgui_lua_bindings\imgui_lua_bindings.cpp:528:7: note: expanded from macro 'IMGUI_FUNCTION'
  528 |   int max_args = lua_gettop(L); \
      |       ^~~~~~~~
C:\Users\Administrator\source\repos\xtlua-Tu-154\XTLua\src\imgui_lua_bindings\imgui_iterator.inl:1126:1: warning: unused variable 'arg' [clang-diagnostic-unused-variable]
 1126 | IMGUI_FUNCTION(EndTable)
      | ^
C:\Users\Administrator\source\repos\xtlua-Tu-154\XTLua\src\imgui_lua_bindings\imgui_lua_bindings.cpp:529:7: note: expanded from macro 'IMGUI_FUNCTION'
  529 |   int arg = 1; \
      |       ^~~
C:\Users\Administrator\source\repos\xtlua-Tu-154\XTLua\src\imgui_lua_bindings\imgui_iterator.inl:1126:1: warning: unused variable 'max_args' [clang-diagnostic-unused-variable]
 1126 | IMGUI_FUNCTION(EndTable)
      | ^
C:\Users\Administrator\source\repos\xtlua-Tu-154\XTLua\src\imgui_lua_bindings\imgui_lua_bindings.cpp:528:7: note: expanded from macro 'IMGUI_FUNCTION'
  528 |   int max_args = lua_gettop(L); \
      |       ^~~~~~~~
C:\Users\Administrator\source\repos\xtlua-Tu-154\XTLua\src\imgui_lua_bindings\imgui_iterator.inl:1133:1: warning: unused variable 'arg' [clang-diagnostic-unused-variable]
 1133 | IMGUI_FUNCTION(TableNextColumn)
      | ^
C:\Users\Administrator\source\repos\xtlua-Tu-154\XTLua\src\imgui_lua_bindings\imgui_lua_bindings.cpp:529:7: note: expanded from macro 'IMGUI_FUNCTION'
  529 |   int arg = 1; \
      |       ^~~
C:\Users\Administrator\source\repos\xtlua-Tu-154\XTLua\src\imgui_lua_bindings\imgui_iterator.inl:1133:1: warning: unused variable 'max_args' [clang-diagnostic-unused-variable]
 1133 | IMGUI_FUNCTION(TableNextColumn)
      | ^
C:\Users\Administrator\source\repos\xtlua-Tu-154\XTLua\src\imgui_lua_bindings\imgui_lua_bindings.cpp:528:7: note: expanded from macro 'IMGUI_FUNCTION'
  528 |   int max_args = lua_gettop(L); \
      |       ^~~~~~~~
C:\Users\Administrator\source\repos\xtlua-Tu-154\XTLua\src\imgui_lua_bindings\imgui_iterator.inl:1138:1: warning: unused variable 'max_args' [clang-diagnostic-unused-variable]
 1138 | IMGUI_FUNCTION(TableSetColumnIndex)
      | ^
C:\Users\Administrator\source\repos\xtlua-Tu-154\XTLua\src\imgui_lua_bindings\imgui_lua_bindings.cpp:528:7: note: expanded from macro 'IMGUI_FUNCTION'
  528 |   int max_args = lua_gettop(L); \
      |       ^~~~~~~~
C:\Users\Administrator\source\repos\xtlua-Tu-154\XTLua\src\imgui_lua_bindings\imgui_iterator.inl:1146:1: warning: unused variable 'max_args' [clang-diagnostic-unused-variable]
 1146 | IMGUI_FUNCTION(TableSetupScrollFreeze)
      | ^
C:\Users\Administrator\source\repos\xtlua-Tu-154\XTLua\src\imgui_lua_bindings\imgui_lua_bindings.cpp:528:7: note: expanded from macro 'IMGUI_FUNCTION'
  528 |   int max_args = lua_gettop(L); \
      |       ^~~~~~~~
C:\Users\Administrator\source\repos\xtlua-Tu-154\XTLua\src\imgui_lua_bindings\imgui_iterator.inl:1152:1: warning: unused variable 'max_args' [clang-diagnostic-unused-variable]
 1152 | IMGUI_FUNCTION(TableHeader)
      | ^
C:\Users\Administrator\source\repos\xtlua-Tu-154\XTLua\src\imgui_lua_bindings\imgui_lua_bindings.cpp:528:7: note: expanded from macro 'IMGUI_FUNCTION'
  528 |   int max_args = lua_gettop(L); \
      |       ^~~~~~~~
C:\Users\Administrator\source\repos\xtlua-Tu-154\XTLua\src\imgui_lua_bindings\imgui_iterator.inl:1157:1: warning: unused variable 'arg' [clang-diagnostic-unused-variable]
 1157 | IMGUI_FUNCTION(TableHeadersRow)
      | ^
C:\Users\Administrator\source\repos\xtlua-Tu-154\XTLua\src\imgui_lua_bindings\imgui_lua_bindings.cpp:529:7: note: expanded from macro 'IMGUI_FUNCTION'
  529 |   int arg = 1; \
      |       ^~~
C:\Users\Administrator\source\repos\xtlua-Tu-154\XTLua\src\imgui_lua_bindings\imgui_iterator.inl:1157:1: warning: unused variable 'max_args' [clang-diagnostic-unused-variable]
 1157 | IMGUI_FUNCTION(TableHeadersRow)
      | ^
C:\Users\Administrator\source\repos\xtlua-Tu-154\XTLua\src\imgui_lua_bindings\imgui_lua_bindings.cpp:528:7: note: expanded from macro 'IMGUI_FUNCTION'
  528 |   int max_args = lua_gettop(L); \
      |       ^~~~~~~~
C:\Users\Administrator\source\repos\xtlua-Tu-154\XTLua\src\imgui_lua_bindings\imgui_iterator.inl:1161:1: warning: unused variable 'arg' [clang-diagnostic-unused-variable]
 1161 | IMGUI_FUNCTION(TableAngledHeadersRow)
      | ^
C:\Users\Administrator\source\repos\xtlua-Tu-154\XTLua\src\imgui_lua_bindings\imgui_lua_bindings.cpp:529:7: note: expanded from macro 'IMGUI_FUNCTION'
  529 |   int arg = 1; \
      |       ^~~
C:\Users\Administrator\source\repos\xtlua-Tu-154\XTLua\src\imgui_lua_bindings\imgui_iterator.inl:1161:1: warning: unused variable 'max_args' [clang-diagnostic-unused-variable]
 1161 | IMGUI_FUNCTION(TableAngledHeadersRow)
      | ^
C:\Users\Administrator\source\repos\xtlua-Tu-154\XTLua\src\imgui_lua_bindings\imgui_lua_bindings.cpp:528:7: note: expanded from macro 'IMGUI_FUNCTION'
  528 |   int max_args = lua_gettop(L); \
      |       ^~~~~~~~
C:\Users\Administrator\source\repos\xtlua-Tu-154\XTLua\src\imgui_lua_bindings\imgui_iterator.inl:1181:1: warning: unused variable 'max_args' [clang-diagnostic-unused-variable]
 1181 | IMGUI_FUNCTION(TableSetColumnEnabled)
      | ^
C:\Users\Administrator\source\repos\xtlua-Tu-154\XTLua\src\imgui_lua_bindings\imgui_lua_bindings.cpp:528:7: note: expanded from macro 'IMGUI_FUNCTION'
  528 |   int max_args = lua_gettop(L); \
      |       ^~~~~~~~
C:\Users\Administrator\source\repos\xtlua-Tu-154\XTLua\src\imgui_lua_bindings\imgui_iterator.inl:1198:1: warning: unused variable 'arg' [clang-diagnostic-unused-variable]
 1198 | IMGUI_FUNCTION(NextColumn)
      | ^
C:\Users\Administrator\source\repos\xtlua-Tu-154\XTLua\src\imgui_lua_bindings\imgui_lua_bindings.cpp:529:7: note: expanded from macro 'IMGUI_FUNCTION'
  529 |   int arg = 1; \
      |       ^~~
C:\Users\Administrator\source\repos\xtlua-Tu-154\XTLua\src\imgui_lua_bindings\imgui_iterator.inl:1198:1: warning: unused variable 'max_args' [clang-diagnostic-unused-variable]
 1198 | IMGUI_FUNCTION(NextColumn)
      | ^
C:\Users\Administrator\source\repos\xtlua-Tu-154\XTLua\src\imgui_lua_bindings\imgui_lua_bindings.cpp:528:7: note: expanded from macro 'IMGUI_FUNCTION'
  528 |   int max_args = lua_gettop(L); \
      |       ^~~~~~~~
C:\Users\Administrator\source\repos\xtlua-Tu-154\XTLua\src\imgui_lua_bindings\imgui_iterator.inl:1210:1: warning: unused variable 'max_args' [clang-diagnostic-unused-variable]
 1210 | IMGUI_FUNCTION(SetColumnWidth)
      | ^
C:\Users\Administrator\source\repos\xtlua-Tu-154\XTLua\src\imgui_lua_bindings\imgui_lua_bindings.cpp:528:7: note: expanded from macro 'IMGUI_FUNCTION'
  528 |   int max_args = lua_gettop(L); \
      |       ^~~~~~~~
C:\Users\Administrator\source\repos\xtlua-Tu-154\XTLua\src\imgui_lua_bindings\imgui_iterator.inl:1222:1: warning: unused variable 'max_args' [clang-diagnostic-unused-variable]
 1222 | IMGUI_FUNCTION(SetColumnOffset)
      | ^
C:\Users\Administrator\source\repos\xtlua-Tu-154\XTLua\src\imgui_lua_bindings\imgui_lua_bindings.cpp:528:7: note: expanded from macro 'IMGUI_FUNCTION'
  528 |   int max_args = lua_gettop(L); \
      |       ^~~~~~~~
C:\Users\Administrator\source\repos\xtlua-Tu-154\XTLua\src\imgui_lua_bindings\imgui_iterator.inl:1232:1: warning: unused variable 'arg' [clang-diagnostic-unused-variable]
 1232 | IMGUI_FUNCTION(EndTabBar)
      | ^
C:\Users\Administrator\source\repos\xtlua-Tu-154\XTLua\src\imgui_lua_bindings\imgui_lua_bindings.cpp:529:7: note: expanded from macro 'IMGUI_FUNCTION'
  529 |   int arg = 1; \
      |       ^~~
C:\Users\Administrator\source\repos\xtlua-Tu-154\XTLua\src\imgui_lua_bindings\imgui_iterator.inl:1232:1: warning: unused variable 'max_args' [clang-diagnostic-unused-variable]
 1232 | IMGUI_FUNCTION(EndTabBar)
      | ^
C:\Users\Administrator\source\repos\xtlua-Tu-154\XTLua\src\imgui_lua_bindings\imgui_lua_bindings.cpp:528:7: note: expanded from macro 'IMGUI_FUNCTION'
  528 |   int max_args = lua_gettop(L); \
      |       ^~~~~~~~
C:\Users\Administrator\source\repos\xtlua-Tu-154\XTLua\src\imgui_lua_bindings\imgui_iterator.inl:1239:1: warning: unused variable 'arg' [clang-diagnostic-unused-variable]
 1239 | IMGUI_FUNCTION(EndTabItem)
      | ^
C:\Users\Administrator\source\repos\xtlua-Tu-154\XTLua\src\imgui_lua_bindings\imgui_lua_bindings.cpp:529:7: note: expanded from macro 'IMGUI_FUNCTION'
  529 |   int arg = 1; \
      |       ^~~
C:\Users\Administrator\source\repos\xtlua-Tu-154\XTLua\src\imgui_lua_bindings\imgui_iterator.inl:1239:1: warning: unused variable 'max_args' [clang-diagnostic-unused-variable]
 1239 | IMGUI_FUNCTION(EndTabItem)
      | ^
C:\Users\Administrator\source\repos\xtlua-Tu-154\XTLua\src\imgui_lua_bindings\imgui_lua_bindings.cpp:528:7: note: expanded from macro 'IMGUI_FUNCTION'
  528 |   int max_args = lua_gettop(L); \
      |       ^~~~~~~~
C:\Users\Administrator\source\repos\xtlua-Tu-154\XTLua\src\imgui_lua_bindings\imgui_iterator.inl:1246:1: warning: unused variable 'max_args' [clang-diagnostic-unused-variable]
 1246 | IMGUI_FUNCTION(SetTabItemClosed)
      | ^
C:\Users\Administrator\source\repos\xtlua-Tu-154\XTLua\src\imgui_lua_bindings\imgui_lua_bindings.cpp:528:7: note: expanded from macro 'IMGUI_FUNCTION'
  528 |   int max_args = lua_gettop(L); \
      |       ^~~~~~~~
C:\Users\Administrator\source\repos\xtlua-Tu-154\XTLua\src\imgui_lua_bindings\imgui_iterator.inl:1267:1: warning: unused variable 'arg' [clang-diagnostic-unused-variable]
 1267 | IMGUI_FUNCTION(LogFinish)
      | ^
C:\Users\Administrator\source\repos\xtlua-Tu-154\XTLua\src\imgui_lua_bindings\imgui_lua_bindings.cpp:529:7: note: expanded from macro 'IMGUI_FUNCTION'
  529 |   int arg = 1; \
      |       ^~~
C:\Users\Administrator\source\repos\xtlua-Tu-154\XTLua\src\imgui_lua_bindings\imgui_iterator.inl:1267:1: warning: unused variable 'max_args' [clang-diagnostic-unused-variable]
 1267 | IMGUI_FUNCTION(LogFinish)
      | ^
C:\Users\Administrator\source\repos\xtlua-Tu-154\XTLua\src\imgui_lua_bindings\imgui_lua_bindings.cpp:528:7: note: expanded from macro 'IMGUI_FUNCTION'
  528 |   int max_args = lua_gettop(L); \
      |       ^~~~~~~~
C:\Users\Administrator\source\repos\xtlua-Tu-154\XTLua\src\imgui_lua_bindings\imgui_iterator.inl:1271:1: warning: unused variable 'arg' [clang-diagnostic-unused-variable]
 1271 | IMGUI_FUNCTION(LogButtons)
      | ^
C:\Users\Administrator\source\repos\xtlua-Tu-154\XTLua\src\imgui_lua_bindings\imgui_lua_bindings.cpp:529:7: note: expanded from macro 'IMGUI_FUNCTION'
  529 |   int arg = 1; \
      |       ^~~
C:\Users\Administrator\source\repos\xtlua-Tu-154\XTLua\src\imgui_lua_bindings\imgui_iterator.inl:1271:1: warning: unused variable 'max_args' [clang-diagnostic-unused-variable]
 1271 | IMGUI_FUNCTION(LogButtons)
      | ^
C:\Users\Administrator\source\repos\xtlua-Tu-154\XTLua\src\imgui_lua_bindings\imgui_lua_bindings.cpp:528:7: note: expanded from macro 'IMGUI_FUNCTION'
  528 |   int max_args = lua_gettop(L); \
      |       ^~~~~~~~
C:\Users\Administrator\source\repos\xtlua-Tu-154\XTLua\src\imgui_lua_bindings\imgui_iterator.inl:1285:1: warning: unused variable 'arg' [clang-diagnostic-unused-variable]
 1285 | IMGUI_FUNCTION(EndDragDropSource)
      | ^
C:\Users\Administrator\source\repos\xtlua-Tu-154\XTLua\src\imgui_lua_bindings\imgui_lua_bindings.cpp:529:7: note: expanded from macro 'IMGUI_FUNCTION'
  529 |   int arg = 1; \
      |       ^~~
C:\Users\Administrator\source\repos\xtlua-Tu-154\XTLua\src\imgui_lua_bindings\imgui_iterator.inl:1285:1: warning: unused variable 'max_args' [clang-diagnostic-unused-variable]
 1285 | IMGUI_FUNCTION(EndDragDropSource)
      | ^
C:\Users\Administrator\source\repos\xtlua-Tu-154\XTLua\src\imgui_lua_bindings\imgui_lua_bindings.cpp:528:7: note: expanded from macro 'IMGUI_FUNCTION'
  528 |   int max_args = lua_gettop(L); \
      |       ^~~~~~~~
C:\Users\Administrator\source\repos\xtlua-Tu-154\XTLua\src\imgui_lua_bindings\imgui_iterator.inl:1290:1: warning: unused variable 'arg' [clang-diagnostic-unused-variable]
 1290 | IMGUI_FUNCTION(BeginDragDropTarget)
      | ^
C:\Users\Administrator\source\repos\xtlua-Tu-154\XTLua\src\imgui_lua_bindings\imgui_lua_bindings.cpp:529:7: note: expanded from macro 'IMGUI_FUNCTION'
  529 |   int arg = 1; \
      |       ^~~
C:\Users\Administrator\source\repos\xtlua-Tu-154\XTLua\src\imgui_lua_bindings\imgui_iterator.inl:1290:1: warning: unused variable 'max_args' [clang-diagnostic-unused-variable]
 1290 | IMGUI_FUNCTION(BeginDragDropTarget)
      | ^
C:\Users\Administrator\source\repos\xtlua-Tu-154\XTLua\src\imgui_lua_bindings\imgui_lua_bindings.cpp:528:7: note: expanded from macro 'IMGUI_FUNCTION'
  528 |   int max_args = lua_gettop(L); \
      |       ^~~~~~~~
C:\Users\Administrator\source\repos\xtlua-Tu-154\XTLua\src\imgui_lua_bindings\imgui_iterator.inl:1299:1: warning: unused variable 'arg' [clang-diagnostic-unused-variable]
 1299 | IMGUI_FUNCTION(EndDragDropTarget)
      | ^
C:\Users\Administrator\source\repos\xtlua-Tu-154\XTLua\src\imgui_lua_bindings\imgui_lua_bindings.cpp:529:7: note: expanded from macro 'IMGUI_FUNCTION'
  529 |   int arg = 1; \
      |       ^~~
C:\Users\Administrator\source\repos\xtlua-Tu-154\XTLua\src\imgui_lua_bindings\imgui_iterator.inl:1299:1: warning: unused variable 'max_args' [clang-diagnostic-unused-variable]
 1299 | IMGUI_FUNCTION(EndDragDropTarget)
      | ^
C:\Users\Administrator\source\repos\xtlua-Tu-154\XTLua\src\imgui_lua_bindings\imgui_lua_bindings.cpp:528:7: note: expanded from macro 'IMGUI_FUNCTION'
  528 |   int max_args = lua_gettop(L); \
      |       ^~~~~~~~
C:\Users\Administrator\source\repos\xtlua-Tu-154\XTLua\src\imgui_lua_bindings\imgui_iterator.inl:1312:1: warning: unused variable 'arg' [clang-diagnostic-unused-variable]
 1312 | IMGUI_FUNCTION(EndDisabled)
      | ^
C:\Users\Administrator\source\repos\xtlua-Tu-154\XTLua\src\imgui_lua_bindings\imgui_lua_bindings.cpp:529:7: note: expanded from macro 'IMGUI_FUNCTION'
  529 |   int arg = 1; \
      |       ^~~
C:\Users\Administrator\source\repos\xtlua-Tu-154\XTLua\src\imgui_lua_bindings\imgui_iterator.inl:1312:1: warning: unused variable 'max_args' [clang-diagnostic-unused-variable]
 1312 | IMGUI_FUNCTION(EndDisabled)
      | ^
C:\Users\Administrator\source\repos\xtlua-Tu-154\XTLua\src\imgui_lua_bindings\imgui_lua_bindings.cpp:528:7: note: expanded from macro 'IMGUI_FUNCTION'
  528 |   int max_args = lua_gettop(L); \
      |       ^~~~~~~~
C:\Users\Administrator\source\repos\xtlua-Tu-154\XTLua\src\imgui_lua_bindings\imgui_iterator.inl:1317:1: warning: unused variable 'max_args' [clang-diagnostic-unused-variable]
 1317 | IMGUI_FUNCTION(PushClipRect)
      | ^
C:\Users\Administrator\source\repos\xtlua-Tu-154\XTLua\src\imgui_lua_bindings\imgui_lua_bindings.cpp:528:7: note: expanded from macro 'IMGUI_FUNCTION'
  528 |   int max_args = lua_gettop(L); \
      |       ^~~~~~~~
C:\Users\Administrator\source\repos\xtlua-Tu-154\XTLua\src\imgui_lua_bindings\imgui_iterator.inl:1324:1: warning: unused variable 'arg' [clang-diagnostic-unused-variable]
 1324 | IMGUI_FUNCTION(PopClipRect)
      | ^
C:\Users\Administrator\source\repos\xtlua-Tu-154\XTLua\src\imgui_lua_bindings\imgui_lua_bindings.cpp:529:7: note: expanded from macro 'IMGUI_FUNCTION'
  529 |   int arg = 1; \
      |       ^~~
C:\Users\Administrator\source\repos\xtlua-Tu-154\XTLua\src\imgui_lua_bindings\imgui_iterator.inl:1324:1: warning: unused variable 'max_args' [clang-diagnostic-unused-variable]
 1324 | IMGUI_FUNCTION(PopClipRect)
      | ^
C:\Users\Administrator\source\repos\xtlua-Tu-154\XTLua\src\imgui_lua_bindings\imgui_lua_bindings.cpp:528:7: note: expanded from macro 'IMGUI_FUNCTION'
  528 |   int max_args = lua_gettop(L); \
      |       ^~~~~~~~
C:\Users\Administrator\source\repos\xtlua-Tu-154\XTLua\src\imgui_lua_bindings\imgui_iterator.inl:1328:1: warning: unused variable 'arg' [clang-diagnostic-unused-variable]
 1328 | IMGUI_FUNCTION(SetItemDefaultFocus)
      | ^
C:\Users\Administrator\source\repos\xtlua-Tu-154\XTLua\src\imgui_lua_bindings\imgui_lua_bindings.cpp:529:7: note: expanded from macro 'IMGUI_FUNCTION'
  529 |   int arg = 1; \
      |       ^~~
C:\Users\Administrator\source\repos\xtlua-Tu-154\XTLua\src\imgui_lua_bindings\imgui_iterator.inl:1328:1: warning: unused variable 'max_args' [clang-diagnostic-unused-variable]
 1328 | IMGUI_FUNCTION(SetItemDefaultFocus)
      | ^
C:\Users\Administrator\source\repos\xtlua-Tu-154\XTLua\src\imgui_lua_bindings\imgui_lua_bindings.cpp:528:7: note: expanded from macro 'IMGUI_FUNCTION'
  528 |   int max_args = lua_gettop(L); \
      |       ^~~~~~~~
C:\Users\Administrator\source\repos\xtlua-Tu-154\XTLua\src\imgui_lua_bindings\imgui_iterator.inl:1337:1: warning: unused variable 'max_args' [clang-diagnostic-unused-variable]
 1337 | IMGUI_FUNCTION(SetNavCursorVisible)
      | ^
C:\Users\Administrator\source\repos\xtlua-Tu-154\XTLua\src\imgui_lua_bindings\imgui_lua_bindings.cpp:528:7: note: expanded from macro 'IMGUI_FUNCTION'
  528 |   int max_args = lua_gettop(L); \
      |       ^~~~~~~~
C:\Users\Administrator\source\repos\xtlua-Tu-154\XTLua\src\imgui_lua_bindings\imgui_iterator.inl:1342:1: warning: unused variable 'arg' [clang-diagnostic-unused-variable]
 1342 | IMGUI_FUNCTION(SetNextItemAllowOverlap)
      | ^
C:\Users\Administrator\source\repos\xtlua-Tu-154\XTLua\src\imgui_lua_bindings\imgui_lua_bindings.cpp:529:7: note: expanded from macro 'IMGUI_FUNCTION'
  529 |   int arg = 1; \
      |       ^~~
C:\Users\Administrator\source\repos\xtlua-Tu-154\XTLua\src\imgui_lua_bindings\imgui_iterator.inl:1342:1: warning: unused variable 'max_args' [clang-diagnostic-unused-variable]
 1342 | IMGUI_FUNCTION(SetNextItemAllowOverlap)
      | ^
C:\Users\Administrator\source\repos\xtlua-Tu-154\XTLua\src\imgui_lua_bindings\imgui_lua_bindings.cpp:528:7: note: expanded from macro 'IMGUI_FUNCTION'
  528 |   int max_args = lua_gettop(L); \
      |       ^~~~~~~~
C:\Users\Administrator\source\repos\xtlua-Tu-154\XTLua\src\imgui_lua_bindings\imgui_iterator.inl:1348:1: warning: unused variable 'arg' [clang-diagnostic-unused-variable]
 1348 | IMGUI_FUNCTION(IsItemActive)
      | ^
C:\Users\Administrator\source\repos\xtlua-Tu-154\XTLua\src\imgui_lua_bindings\imgui_lua_bindings.cpp:529:7: note: expanded from macro 'IMGUI_FUNCTION'
  529 |   int arg = 1; \
      |       ^~~
C:\Users\Administrator\source\repos\xtlua-Tu-154\XTLua\src\imgui_lua_bindings\imgui_iterator.inl:1348:1: warning: unused variable 'max_args' [clang-diagnostic-unused-variable]
 1348 | IMGUI_FUNCTION(IsItemActive)
      | ^
C:\Users\Administrator\source\repos\xtlua-Tu-154\XTLua\src\imgui_lua_bindings\imgui_lua_bindings.cpp:528:7: note: expanded from macro 'IMGUI_FUNCTION'
  528 |   int max_args = lua_gettop(L); \
      |       ^~~~~~~~
C:\Users\Administrator\source\repos\xtlua-Tu-154\XTLua\src\imgui_lua_bindings\imgui_iterator.inl:1353:1: warning: unused variable 'arg' [clang-diagnostic-unused-variable]
 1353 | IMGUI_FUNCTION(IsItemFocused)
      | ^
C:\Users\Administrator\source\repos\xtlua-Tu-154\XTLua\src\imgui_lua_bindings\imgui_lua_bindings.cpp:529:7: note: expanded from macro 'IMGUI_FUNCTION'
  529 |   int arg = 1; \
      |       ^~~
C:\Users\Administrator\source\repos\xtlua-Tu-154\XTLua\src\imgui_lua_bindings\imgui_iterator.inl:1353:1: warning: unused variable 'max_args' [clang-diagnostic-unused-variable]
 1353 | IMGUI_FUNCTION(IsItemFocused)
      | ^
C:\Users\Administrator\source\repos\xtlua-Tu-154\XTLua\src\imgui_lua_bindings\imgui_lua_bindings.cpp:528:7: note: expanded from macro 'IMGUI_FUNCTION'
  528 |   int max_args = lua_gettop(L); \
      |       ^~~~~~~~
C:\Users\Administrator\source\repos\xtlua-Tu-154\XTLua\src\imgui_lua_bindings\imgui_iterator.inl:1360:1: warning: unused variable 'arg' [clang-diagnostic-unused-variable]
 1360 | IMGUI_FUNCTION(IsItemVisible)
      | ^
C:\Users\Administrator\source\repos\xtlua-Tu-154\XTLua\src\imgui_lua_bindings\imgui_lua_bindings.cpp:529:7: note: expanded from macro 'IMGUI_FUNCTION'
  529 |   int arg = 1; \
      |       ^~~
C:\Users\Administrator\source\repos\xtlua-Tu-154\XTLua\src\imgui_lua_bindings\imgui_iterator.inl:1360:1: warning: unused variable 'max_args' [clang-diagnostic-unused-variable]
 1360 | IMGUI_FUNCTION(IsItemVisible)
      | ^
C:\Users\Administrator\source\repos\xtlua-Tu-154\XTLua\src\imgui_lua_bindings\imgui_lua_bindings.cpp:528:7: note: expanded from macro 'IMGUI_FUNCTION'
  528 |   int max_args = lua_gettop(L); \
      |       ^~~~~~~~
C:\Users\Administrator\source\repos\xtlua-Tu-154\XTLua\src\imgui_lua_bindings\imgui_iterator.inl:1365:1: warning: unused variable 'arg' [clang-diagnostic-unused-variable]
 1365 | IMGUI_FUNCTION(IsItemEdited)
      | ^
C:\Users\Administrator\source\repos\xtlua-Tu-154\XTLua\src\imgui_lua_bindings\imgui_lua_bindings.cpp:529:7: note: expanded from macro 'IMGUI_FUNCTION'
  529 |   int arg = 1; \
      |       ^~~
C:\Users\Administrator\source\repos\xtlua-Tu-154\XTLua\src\imgui_lua_bindings\imgui_iterator.inl:1365:1: warning: unused variable 'max_args' [clang-diagnostic-unused-variable]
 1365 | IMGUI_FUNCTION(IsItemEdited)
      | ^
C:\Users\Administrator\source\repos\xtlua-Tu-154\XTLua\src\imgui_lua_bindings\imgui_lua_bindings.cpp:528:7: note: expanded from macro 'IMGUI_FUNCTION'
  528 |   int max_args = lua_gettop(L); \
      |       ^~~~~~~~
C:\Users\Administrator\source\repos\xtlua-Tu-154\XTLua\src\imgui_lua_bindings\imgui_iterator.inl:1370:1: warning: unused variable 'arg' [clang-diagnostic-unused-variable]
 1370 | IMGUI_FUNCTION(IsItemActivated)
      | ^
C:\Users\Administrator\source\repos\xtlua-Tu-154\XTLua\src\imgui_lua_bindings\imgui_lua_bindings.cpp:529:7: note: expanded from macro 'IMGUI_FUNCTION'
  529 |   int arg = 1; \
      |       ^~~
C:\Users\Administrator\source\repos\xtlua-Tu-154\XTLua\src\imgui_lua_bindings\imgui_iterator.inl:1370:1: warning: unused variable 'max_args' [clang-diagnostic-unused-variable]
 1370 | IMGUI_FUNCTION(IsItemActivated)
      | ^
C:\Users\Administrator\source\repos\xtlua-Tu-154\XTLua\src\imgui_lua_bindings\imgui_lua_bindings.cpp:528:7: note: expanded from macro 'IMGUI_FUNCTION'
  528 |   int max_args = lua_gettop(L); \
      |       ^~~~~~~~
C:\Users\Administrator\source\repos\xtlua-Tu-154\XTLua\src\imgui_lua_bindings\imgui_iterator.inl:1375:1: warning: unused variable 'arg' [clang-diagnostic-unused-variable]
 1375 | IMGUI_FUNCTION(IsItemDeactivated)
      | ^
C:\Users\Administrator\source\repos\xtlua-Tu-154\XTLua\src\imgui_lua_bindings\imgui_lua_bindings.cpp:529:7: note: expanded from macro 'IMGUI_FUNCTION'
  529 |   int arg = 1; \
      |       ^~~
C:\Users\Administrator\source\repos\xtlua-Tu-154\XTLua\src\imgui_lua_bindings\imgui_iterator.inl:1375:1: warning: unused variable 'max_args' [clang-diagnostic-unused-variable]
 1375 | IMGUI_FUNCTION(IsItemDeactivated)
      | ^
C:\Users\Administrator\source\repos\xtlua-Tu-154\XTLua\src\imgui_lua_bindings\imgui_lua_bindings.cpp:528:7: note: expanded from macro 'IMGUI_FUNCTION'
  528 |   int max_args = lua_gettop(L); \
      |       ^~~~~~~~
C:\Users\Administrator\source\repos\xtlua-Tu-154\XTLua\src\imgui_lua_bindings\imgui_iterator.inl:1380:1: warning: unused variable 'arg' [clang-diagnostic-unused-variable]
 1380 | IMGUI_FUNCTION(IsItemDeactivatedAfterEdit)
      | ^
C:\Users\Administrator\source\repos\xtlua-Tu-154\XTLua\src\imgui_lua_bindings\imgui_lua_bindings.cpp:529:7: note: expanded from macro 'IMGUI_FUNCTION'
  529 |   int arg = 1; \
      |       ^~~
C:\Users\Administrator\source\repos\xtlua-Tu-154\XTLua\src\imgui_lua_bindings\imgui_iterator.inl:1380:1: warning: unused variable 'max_args' [clang-diagnostic-unused-variable]
 1380 | IMGUI_FUNCTION(IsItemDeactivatedAfterEdit)
      | ^
C:\Users\Administrator\source\repos\xtlua-Tu-154\XTLua\src\imgui_lua_bindings\imgui_lua_bindings.cpp:528:7: note: expanded from macro 'IMGUI_FUNCTION'
  528 |   int max_args = lua_gettop(L); \
      |       ^~~~~~~~
C:\Users\Administrator\source\repos\xtlua-Tu-154\XTLua\src\imgui_lua_bindings\imgui_iterator.inl:1385:1: warning: unused variable 'arg' [clang-diagnostic-unused-variable]
 1385 | IMGUI_FUNCTION(IsItemToggledOpen)
      | ^
C:\Users\Administrator\source\repos\xtlua-Tu-154\XTLua\src\imgui_lua_bindings\imgui_lua_bindings.cpp:529:7: note: expanded from macro 'IMGUI_FUNCTION'
  529 |   int arg = 1; \
      |       ^~~
C:\Users\Administrator\source\repos\xtlua-Tu-154\XTLua\src\imgui_lua_bindings\imgui_iterator.inl:1385:1: warning: unused variable 'max_args' [clang-diagnostic-unused-variable]
 1385 | IMGUI_FUNCTION(IsItemToggledOpen)
      | ^
C:\Users\Administrator\source\repos\xtlua-Tu-154\XTLua\src\imgui_lua_bindings\imgui_lua_bindings.cpp:528:7: note: expanded from macro 'IMGUI_FUNCTION'
  528 |   int max_args = lua_gettop(L); \
      |       ^~~~~~~~
C:\Users\Administrator\source\repos\xtlua-Tu-154\XTLua\src\imgui_lua_bindings\imgui_iterator.inl:1390:1: warning: unused variable 'arg' [clang-diagnostic-unused-variable]
 1390 | IMGUI_FUNCTION(IsAnyItemHovered)
      | ^
C:\Users\Administrator\source\repos\xtlua-Tu-154\XTLua\src\imgui_lua_bindings\imgui_lua_bindings.cpp:529:7: note: expanded from macro 'IMGUI_FUNCTION'
  529 |   int arg = 1; \
      |       ^~~
C:\Users\Administrator\source\repos\xtlua-Tu-154\XTLua\src\imgui_lua_bindings\imgui_iterator.inl:1390:1: warning: unused variable 'max_args' [clang-diagnostic-unused-variable]
 1390 | IMGUI_FUNCTION(IsAnyItemHovered)
      | ^
C:\Users\Administrator\source\repos\xtlua-Tu-154\XTLua\src\imgui_lua_bindings\imgui_lua_bindings.cpp:528:7: note: expanded from macro 'IMGUI_FUNCTION'
  528 |   int max_args = lua_gettop(L); \
      |       ^~~~~~~~
C:\Users\Administrator\source\repos\xtlua-Tu-154\XTLua\src\imgui_lua_bindings\imgui_iterator.inl:1395:1: warning: unused variable 'arg' [clang-diagnostic-unused-variable]
 1395 | IMGUI_FUNCTION(IsAnyItemActive)
      | ^
C:\Users\Administrator\source\repos\xtlua-Tu-154\XTLua\src\imgui_lua_bindings\imgui_lua_bindings.cpp:529:7: note: expanded from macro 'IMGUI_FUNCTION'
  529 |   int arg = 1; \
      |       ^~~
C:\Users\Administrator\source\repos\xtlua-Tu-154\XTLua\src\imgui_lua_bindings\imgui_iterator.inl:1395:1: warning: unused variable 'max_args' [clang-diagnostic-unused-variable]
 1395 | IMGUI_FUNCTION(IsAnyItemActive)
      | ^
C:\Users\Administrator\source\repos\xtlua-Tu-154\XTLua\src\imgui_lua_bindings\imgui_lua_bindings.cpp:528:7: note: expanded from macro 'IMGUI_FUNCTION'
  528 |   int max_args = lua_gettop(L); \
      |       ^~~~~~~~
C:\Users\Administrator\source\repos\xtlua-Tu-154\XTLua\src\imgui_lua_bindings\imgui_iterator.inl:1400:1: warning: unused variable 'arg' [clang-diagnostic-unused-variable]
 1400 | IMGUI_FUNCTION(IsAnyItemFocused)
      | ^
C:\Users\Administrator\source\repos\xtlua-Tu-154\XTLua\src\imgui_lua_bindings\imgui_lua_bindings.cpp:529:7: note: expanded from macro 'IMGUI_FUNCTION'
  529 |   int arg = 1; \
      |       ^~~
C:\Users\Administrator\source\repos\xtlua-Tu-154\XTLua\src\imgui_lua_bindings\imgui_iterator.inl:1400:1: warning: unused variable 'max_args' [clang-diagnostic-unused-variable]
 1400 | IMGUI_FUNCTION(IsAnyItemFocused)
      | ^
C:\Users\Administrator\source\repos\xtlua-Tu-154\XTLua\src\imgui_lua_bindings\imgui_lua_bindings.cpp:528:7: note: expanded from macro 'IMGUI_FUNCTION'
  528 |   int max_args = lua_gettop(L); \
      |       ^~~~~~~~
C:\Users\Administrator\source\repos\xtlua-Tu-154\XTLua\src\imgui_lua_bindings\imgui_iterator.inl:1405:1: warning: unused variable 'arg' [clang-diagnostic-unused-variable]
 1405 | IMGUI_FUNCTION(GetItemID)
      | ^
C:\Users\Administrator\source\repos\xtlua-Tu-154\XTLua\src\imgui_lua_bindings\imgui_lua_bindings.cpp:529:7: note: expanded from macro 'IMGUI_FUNCTION'
  529 |   int arg = 1; \
      |       ^~~
C:\Users\Administrator\source\repos\xtlua-Tu-154\XTLua\src\imgui_lua_bindings\imgui_iterator.inl:1405:1: warning: unused variable 'max_args' [clang-diagnostic-unused-variable]
 1405 | IMGUI_FUNCTION(GetItemID)
      | ^
C:\Users\Administrator\source\repos\xtlua-Tu-154\XTLua\src\imgui_lua_bindings\imgui_lua_bindings.cpp:528:7: note: expanded from macro 'IMGUI_FUNCTION'
  528 |   int max_args = lua_gettop(L); \
      |       ^~~~~~~~
C:\Users\Administrator\source\repos\xtlua-Tu-154\XTLua\src\imgui_lua_bindings\imgui_iterator.inl:1410:1: warning: unused variable 'arg' [clang-diagnostic-unused-variable]
 1410 | IMGUI_FUNCTION(GetItemRectMin)
      | ^
C:\Users\Administrator\source\repos\xtlua-Tu-154\XTLua\src\imgui_lua_bindings\imgui_lua_bindings.cpp:529:7: note: expanded from macro 'IMGUI_FUNCTION'
  529 |   int arg = 1; \
      |       ^~~
C:\Users\Administrator\source\repos\xtlua-Tu-154\XTLua\src\imgui_lua_bindings\imgui_iterator.inl:1410:1: warning: unused variable 'max_args' [clang-diagnostic-unused-variable]
 1410 | IMGUI_FUNCTION(GetItemRectMin)
      | ^
C:\Users\Administrator\source\repos\xtlua-Tu-154\XTLua\src\imgui_lua_bindings\imgui_lua_bindings.cpp:528:7: note: expanded from macro 'IMGUI_FUNCTION'
  528 |   int max_args = lua_gettop(L); \
      |       ^~~~~~~~
C:\Users\Administrator\source\repos\xtlua-Tu-154\XTLua\src\imgui_lua_bindings\imgui_iterator.inl:1416:1: warning: unused variable 'arg' [clang-diagnostic-unused-variable]
 1416 | IMGUI_FUNCTION(GetItemRectMax)
      | ^
C:\Users\Administrator\source\repos\xtlua-Tu-154\XTLua\src\imgui_lua_bindings\imgui_lua_bindings.cpp:529:7: note: expanded from macro 'IMGUI_FUNCTION'
  529 |   int arg = 1; \
      |       ^~~
C:\Users\Administrator\source\repos\xtlua-Tu-154\XTLua\src\imgui_lua_bindings\imgui_iterator.inl:1416:1: warning: unused variable 'max_args' [clang-diagnostic-unused-variable]
 1416 | IMGUI_FUNCTION(GetItemRectMax)
      | ^
C:\Users\Administrator\source\repos\xtlua-Tu-154\XTLua\src\imgui_lua_bindings\imgui_lua_bindings.cpp:528:7: note: expanded from macro 'IMGUI_FUNCTION'
  528 |   int max_args = lua_gettop(L); \
      |       ^~~~~~~~
C:\Users\Administrator\source\repos\xtlua-Tu-154\XTLua\src\imgui_lua_bindings\imgui_iterator.inl:1422:1: warning: unused variable 'arg' [clang-diagnostic-unused-variable]
 1422 | IMGUI_FUNCTION(GetItemRectSize)
      | ^
C:\Users\Administrator\source\repos\xtlua-Tu-154\XTLua\src\imgui_lua_bindings\imgui_lua_bindings.cpp:529:7: note: expanded from macro 'IMGUI_FUNCTION'
  529 |   int arg = 1; \
      |       ^~~
C:\Users\Administrator\source\repos\xtlua-Tu-154\XTLua\src\imgui_lua_bindings\imgui_iterator.inl:1422:1: warning: unused variable 'max_args' [clang-diagnostic-unused-variable]
 1422 | IMGUI_FUNCTION(GetItemRectSize)
      | ^
C:\Users\Administrator\source\repos\xtlua-Tu-154\XTLua\src\imgui_lua_bindings\imgui_lua_bindings.cpp:528:7: note: expanded from macro 'IMGUI_FUNCTION'
  528 |   int max_args = lua_gettop(L); \
      |       ^~~~~~~~
C:\Users\Administrator\source\repos\xtlua-Tu-154\XTLua\src\imgui_lua_bindings\imgui_iterator.inl:1436:1: warning: unused variable 'max_args' [clang-diagnostic-unused-variable]
 1436 | IMGUI_FUNCTION(IsRectVisible)
      | ^
C:\Users\Administrator\source\repos\xtlua-Tu-154\XTLua\src\imgui_lua_bindings\imgui_lua_bindings.cpp:528:7: note: expanded from macro 'IMGUI_FUNCTION'
  528 |   int max_args = lua_gettop(L); \
      |       ^~~~~~~~
C:\Users\Administrator\source\repos\xtlua-Tu-154\XTLua\src\imgui_lua_bindings\imgui_iterator.inl:1442:1: warning: unused variable 'max_args' [clang-diagnostic-unused-variable]
 1442 | IMGUI_FUNCTION(IsRectVisible_2)
      | ^
C:\Users\Administrator\source\repos\xtlua-Tu-154\XTLua\src\imgui_lua_bindings\imgui_lua_bindings.cpp:528:7: note: expanded from macro 'IMGUI_FUNCTION'
  528 |   int max_args = lua_gettop(L); \
      |       ^~~~~~~~
C:\Users\Administrator\source\repos\xtlua-Tu-154\XTLua\src\imgui_lua_bindings\imgui_iterator.inl:1455:1: warning: unused variable 'max_args' [clang-diagnostic-unused-variable]
 1455 | IMGUI_FUNCTION(GetStyleColorName)
      | ^
C:\Users\Administrator\source\repos\xtlua-Tu-154\XTLua\src\imgui_lua_bindings\imgui_lua_bindings.cpp:528:7: note: expanded from macro 'IMGUI_FUNCTION'
  528 |   int max_args = lua_gettop(L); \
      |       ^~~~~~~~
C:\Users\Administrator\source\repos\xtlua-Tu-154\XTLua\src\imgui_lua_bindings\imgui_iterator.inl:1477:1: warning: unused variable 'max_args' [clang-diagnostic-unused-variable]
 1477 | IMGUI_FUNCTION(ColorConvertFloat4ToU32)
      | ^
C:\Users\Administrator\source\repos\xtlua-Tu-154\XTLua\src\imgui_lua_bindings\imgui_lua_bindings.cpp:528:7: note: expanded from macro 'IMGUI_FUNCTION'
  528 |   int max_args = lua_gettop(L); \
      |       ^~~~~~~~
C:\Users\Administrator\source\repos\xtlua-Tu-154\XTLua\src\imgui_lua_bindings\imgui_iterator.inl:1491:1: warning: unused variable 'max_args' [clang-diagnostic-unused-variable]
 1491 | IMGUI_FUNCTION(IsKeyDown)
      | ^
C:\Users\Administrator\source\repos\xtlua-Tu-154\XTLua\src\imgui_lua_bindings\imgui_lua_bindings.cpp:528:7: note: expanded from macro 'IMGUI_FUNCTION'
  528 |   int max_args = lua_gettop(L); \
      |       ^~~~~~~~
C:\Users\Administrator\source\repos\xtlua-Tu-154\XTLua\src\imgui_lua_bindings\imgui_iterator.inl:1504:1: warning: unused variable 'max_args' [clang-diagnostic-unused-variable]
 1504 | IMGUI_FUNCTION(IsKeyReleased)
      | ^
C:\Users\Administrator\source\repos\xtlua-Tu-154\XTLua\src\imgui_lua_bindings\imgui_lua_bindings.cpp:528:7: note: expanded from macro 'IMGUI_FUNCTION'
  528 |   int max_args = lua_gettop(L); \
      |       ^~~~~~~~
C:\Users\Administrator\source\repos\xtlua-Tu-154\XTLua\src\imgui_lua_bindings\imgui_iterator.inl:1514:1: warning: unused variable 'max_args' [clang-diagnostic-unused-variable]
 1514 | IMGUI_FUNCTION(GetKeyName)
      | ^
C:\Users\Administrator\source\repos\xtlua-Tu-154\XTLua\src\imgui_lua_bindings\imgui_lua_bindings.cpp:528:7: note: expanded from macro 'IMGUI_FUNCTION'
  528 |   int max_args = lua_gettop(L); \
      |       ^~~~~~~~
C:\Users\Administrator\source\repos\xtlua-Tu-154\XTLua\src\imgui_lua_bindings\imgui_iterator.inl:1520:1: warning: unused variable 'max_args' [clang-diagnostic-unused-variable]
 1520 | IMGUI_FUNCTION(SetNextFrameWantCaptureKeyboard)
      | ^
C:\Users\Administrator\source\repos\xtlua-Tu-154\XTLua\src\imgui_lua_bindings\imgui_lua_bindings.cpp:528:7: note: expanded from macro 'IMGUI_FUNCTION'
  528 |   int max_args = lua_gettop(L); \
      |       ^~~~~~~~
C:\Users\Administrator\source\repos\xtlua-Tu-154\XTLua\src\imgui_lua_bindings\imgui_iterator.inl:1531:1: warning: unused variable 'max_args' [clang-diagnostic-unused-variable]
 1531 | IMGUI_FUNCTION(SetItemKeyOwner)
      | ^
C:\Users\Administrator\source\repos\xtlua-Tu-154\XTLua\src\imgui_lua_bindings\imgui_lua_bindings.cpp:528:7: note: expanded from macro 'IMGUI_FUNCTION'
  528 |   int max_args = lua_gettop(L); \
      |       ^~~~~~~~
C:\Users\Administrator\source\repos\xtlua-Tu-154\XTLua\src\imgui_lua_bindings\imgui_iterator.inl:1559:1: warning: unused variable 'arg' [clang-diagnostic-unused-variable]
 1559 | IMGUI_FUNCTION(IsAnyMouseDown)
      | ^
C:\Users\Administrator\source\repos\xtlua-Tu-154\XTLua\src\imgui_lua_bindings\imgui_lua_bindings.cpp:529:7: note: expanded from macro 'IMGUI_FUNCTION'
  529 |   int arg = 1; \
      |       ^~~
C:\Users\Administrator\source\repos\xtlua-Tu-154\XTLua\src\imgui_lua_bindings\imgui_iterator.inl:1559:1: warning: unused variable 'max_args' [clang-diagnostic-unused-variable]
 1559 | IMGUI_FUNCTION(IsAnyMouseDown)
      | ^
C:\Users\Administrator\source\repos\xtlua-Tu-154\XTLua\src\imgui_lua_bindings\imgui_lua_bindings.cpp:528:7: note: expanded from macro 'IMGUI_FUNCTION'
  528 |   int max_args = lua_gettop(L); \
      |       ^~~~~~~~
C:\Users\Administrator\source\repos\xtlua-Tu-154\XTLua\src\imgui_lua_bindings\imgui_iterator.inl:1564:1: warning: unused variable 'arg' [clang-diagnostic-unused-variable]
 1564 | IMGUI_FUNCTION(GetMousePos)
      | ^
C:\Users\Administrator\source\repos\xtlua-Tu-154\XTLua\src\imgui_lua_bindings\imgui_lua_bindings.cpp:529:7: note: expanded from macro 'IMGUI_FUNCTION'
  529 |   int arg = 1; \
      |       ^~~
C:\Users\Administrator\source\repos\xtlua-Tu-154\XTLua\src\imgui_lua_bindings\imgui_iterator.inl:1564:1: warning: unused variable 'max_args' [clang-diagnostic-unused-variable]
 1564 | IMGUI_FUNCTION(GetMousePos)
      | ^
C:\Users\Administrator\source\repos\xtlua-Tu-154\XTLua\src\imgui_lua_bindings\imgui_lua_bindings.cpp:528:7: note: expanded from macro 'IMGUI_FUNCTION'
  528 |   int max_args = lua_gettop(L); \
      |       ^~~~~~~~
C:\Users\Administrator\source\repos\xtlua-Tu-154\XTLua\src\imgui_lua_bindings\imgui_iterator.inl:1570:1: warning: unused variable 'arg' [clang-diagnostic-unused-variable]
 1570 | IMGUI_FUNCTION(GetMousePosOnOpeningCurrentPopup)
      | ^
C:\Users\Administrator\source\repos\xtlua-Tu-154\XTLua\src\imgui_lua_bindings\imgui_lua_bindings.cpp:529:7: note: expanded from macro 'IMGUI_FUNCTION'
  529 |   int arg = 1; \
      |       ^~~
C:\Users\Administrator\source\repos\xtlua-Tu-154\XTLua\src\imgui_lua_bindings\imgui_iterator.inl:1570:1: warning: unused variable 'max_args' [clang-diagnostic-unused-variable]
 1570 | IMGUI_FUNCTION(GetMousePosOnOpeningCurrentPopup)
      | ^
C:\Users\Administrator\source\repos\xtlua-Tu-154\XTLua\src\imgui_lua_bindings\imgui_lua_bindings.cpp:528:7: note: expanded from macro 'IMGUI_FUNCTION'
  528 |   int max_args = lua_gettop(L); \
      |       ^~~~~~~~
C:\Users\Administrator\source\repos\xtlua-Tu-154\XTLua\src\imgui_lua_bindings\imgui_iterator.inl:1584:1: warning: unused variable 'max_args' [clang-diagnostic-unused-variable]
 1584 | IMGUI_FUNCTION(SetMouseCursor)
      | ^
C:\Users\Administrator\source\repos\xtlua-Tu-154\XTLua\src\imgui_lua_bindings\imgui_lua_bindings.cpp:528:7: note: expanded from macro 'IMGUI_FUNCTION'
  528 |   int max_args = lua_gettop(L); \
      |       ^~~~~~~~
C:\Users\Administrator\source\repos\xtlua-Tu-154\XTLua\src\imgui_lua_bindings\imgui_iterator.inl:1589:1: warning: unused variable 'max_args' [clang-diagnostic-unused-variable]
 1589 | IMGUI_FUNCTION(SetNextFrameWantCaptureMouse)
      | ^
C:\Users\Administrator\source\repos\xtlua-Tu-154\XTLua\src\imgui_lua_bindings\imgui_lua_bindings.cpp:528:7: note: expanded from macro 'IMGUI_FUNCTION'
  528 |   int max_args = lua_gettop(L); \
      |       ^~~~~~~~
C:\Users\Administrator\source\repos\xtlua-Tu-154\XTLua\src\imgui_lua_bindings\imgui_iterator.inl:1594:1: warning: unused variable 'arg' [clang-diagnostic-unused-variable]
 1594 | IMGUI_FUNCTION(GetClipboardText)
      | ^
C:\Users\Administrator\source\repos\xtlua-Tu-154\XTLua\src\imgui_lua_bindings\imgui_lua_bindings.cpp:529:7: note: expanded from macro 'IMGUI_FUNCTION'
  529 |   int arg = 1; \
      |       ^~~
C:\Users\Administrator\source\repos\xtlua-Tu-154\XTLua\src\imgui_lua_bindings\imgui_iterator.inl:1594:1: warning: unused variable 'max_args' [clang-diagnostic-unused-variable]
 1594 | IMGUI_FUNCTION(GetClipboardText)
      | ^
C:\Users\Administrator\source\repos\xtlua-Tu-154\XTLua\src\imgui_lua_bindings\imgui_lua_bindings.cpp:528:7: note: expanded from macro 'IMGUI_FUNCTION'
  528 |   int max_args = lua_gettop(L); \
      |       ^~~~~~~~
C:\Users\Administrator\source\repos\xtlua-Tu-154\XTLua\src\imgui_lua_bindings\imgui_iterator.inl:1599:1: warning: unused variable 'max_args' [clang-diagnostic-unused-variable]
 1599 | IMGUI_FUNCTION(SetClipboardText)
      | ^
C:\Users\Administrator\source\repos\xtlua-Tu-154\XTLua\src\imgui_lua_bindings\imgui_lua_bindings.cpp:528:7: note: expanded from macro 'IMGUI_FUNCTION'
  528 |   int max_args = lua_gettop(L); \
      |       ^~~~~~~~
C:\Users\Administrator\source\repos\xtlua-Tu-154\XTLua\src\imgui_lua_bindings\imgui_iterator.inl:1604:1: warning: unused variable 'max_args' [clang-diagnostic-unused-variable]
 1604 | IMGUI_FUNCTION(LoadIniSettingsFromDisk)
      | ^
C:\Users\Administrator\source\repos\xtlua-Tu-154\XTLua\src\imgui_lua_bindings\imgui_lua_bindings.cpp:528:7: note: expanded from macro 'IMGUI_FUNCTION'
  528 |   int max_args = lua_gettop(L); \
      |       ^~~~~~~~
C:\Users\Administrator\source\repos\xtlua-Tu-154\XTLua\src\imgui_lua_bindings\imgui_iterator.inl:1611:1: warning: unused variable 'max_args' [clang-diagnostic-unused-variable]
 1611 | IMGUI_FUNCTION(SaveIniSettingsToDisk)
      | ^
C:\Users\Administrator\source\repos\xtlua-Tu-154\XTLua\src\imgui_lua_bindings\imgui_lua_bindings.cpp:528:7: note: expanded from macro 'IMGUI_FUNCTION'
  528 |   int max_args = lua_gettop(L); \
      |       ^~~~~~~~
C:\Users\Administrator\source\repos\xtlua-Tu-154\XTLua\src\imgui_lua_bindings\imgui_iterator.inl:1618:1: warning: unused variable 'max_args' [clang-diagnostic-unused-variable]
 1618 | IMGUI_FUNCTION(DebugTextEncoding)
      | ^
C:\Users\Administrator\source\repos\xtlua-Tu-154\XTLua\src\imgui_lua_bindings\imgui_lua_bindings.cpp:528:7: note: expanded from macro 'IMGUI_FUNCTION'
  528 |   int max_args = lua_gettop(L); \
      |       ^~~~~~~~
C:\Users\Administrator\source\repos\xtlua-Tu-154\XTLua\src\imgui_lua_bindings\imgui_iterator.inl:1623:1: warning: unused variable 'max_args' [clang-diagnostic-unused-variable]
 1623 | IMGUI_FUNCTION(DebugFlashStyleColor)
      | ^
C:\Users\Administrator\source\repos\xtlua-Tu-154\XTLua\src\imgui_lua_bindings\imgui_lua_bindings.cpp:528:7: note: expanded from macro 'IMGUI_FUNCTION'
  528 |   int max_args = lua_gettop(L); \
      |       ^~~~~~~~
C:\Users\Administrator\source\repos\xtlua-Tu-154\XTLua\src\imgui_lua_bindings\imgui_iterator.inl:1628:1: warning: unused variable 'arg' [clang-diagnostic-unused-variable]
 1628 | IMGUI_FUNCTION(DebugStartItemPicker)
      | ^
C:\Users\Administrator\source\repos\xtlua-Tu-154\XTLua\src\imgui_lua_bindings\imgui_lua_bindings.cpp:529:7: note: expanded from macro 'IMGUI_FUNCTION'
  529 |   int arg = 1; \
      |       ^~~
C:\Users\Administrator\source\repos\xtlua-Tu-154\XTLua\src\imgui_lua_bindings\imgui_iterator.inl:1628:1: warning: unused variable 'max_args' [clang-diagnostic-unused-variable]
 1628 | IMGUI_FUNCTION(DebugStartItemPicker)
      | ^
C:\Users\Administrator\source\repos\xtlua-Tu-154\XTLua\src\imgui_lua_bindings\imgui_lua_bindings.cpp:528:7: note: expanded from macro 'IMGUI_FUNCTION'
  528 |   int max_args = lua_gettop(L); \
      |       ^~~~~~~~
C:\Users\Administrator\source\repos\xtlua-Tu-154\XTLua\src\imgui_lua_bindings\imgui_iterator.inl:1679:1: warning: unused variable 'i' [clang-diagnostic-unused-variable]
 1679 | START_ENUM(WindowFlags)
      | ^
C:\Users\Administrator\source\repos\xtlua-Tu-154\XTLua\src\imgui_lua_bindings\imgui_lua_bindings.cpp:841:9: note: expanded from macro 'START_ENUM'
  841 |     int i = 1;
      |         ^
C:\Users\Administrator\source\repos\xtlua-Tu-154\XTLua\src\imgui_lua_bindings\imgui_iterator.inl:1739:1: warning: unused variable 'i' [clang-diagnostic-unused-variable]
 1739 | START_ENUM(ChildFlags)
      | ^
C:\Users\Administrator\source\repos\xtlua-Tu-154\XTLua\src\imgui_lua_bindings\imgui_lua_bindings.cpp:841:9: note: expanded from macro 'START_ENUM'
  841 |     int i = 1;
      |         ^
C:\Users\Administrator\source\repos\xtlua-Tu-154\XTLua\src\imgui_lua_bindings\imgui_iterator.inl:1763:1: warning: unused variable 'i' [clang-diagnostic-unused-variable]
 1763 | START_ENUM(ItemFlags)
      | ^
C:\Users\Administrator\source\repos\xtlua-Tu-154\XTLua\src\imgui_lua_bindings\imgui_lua_bindings.cpp:841:9: note: expanded from macro 'START_ENUM'
  841 |     int i = 1;
      |         ^
C:\Users\Administrator\source\repos\xtlua-Tu-154\XTLua\src\imgui_lua_bindings\imgui_iterator.inl:1783:1: warning: unused variable 'i' [clang-diagnostic-unused-variable]
 1783 | START_ENUM(InputTextFlags)
      | ^
C:\Users\Administrator\source\repos\xtlua-Tu-154\XTLua\src\imgui_lua_bindings\imgui_lua_bindings.cpp:841:9: note: expanded from macro 'START_ENUM'
  841 |     int i = 1;
      |         ^
C:\Users\Administrator\source\repos\xtlua-Tu-154\XTLua\src\imgui_lua_bindings\imgui_iterator.inl:1839:1: warning: unused variable 'i' [clang-diagnostic-unused-variable]
 1839 | START_ENUM(TreeNodeFlags)
      | ^
C:\Users\Administrator\source\repos\xtlua-Tu-154\XTLua\src\imgui_lua_bindings\imgui_lua_bindings.cpp:841:9: note: expanded from macro 'START_ENUM'
  841 |     int i = 1;
      |         ^
C:\Users\Administrator\source\repos\xtlua-Tu-154\XTLua\src\imgui_lua_bindings\imgui_iterator.inl:1891:1: warning: unused variable 'i' [clang-diagnostic-unused-variable]
 1891 | START_ENUM(PopupFlags)
      | ^
C:\Users\Administrator\source\repos\xtlua-Tu-154\XTLua\src\imgui_lua_bindings\imgui_lua_bindings.cpp:841:9: note: expanded from macro 'START_ENUM'
  841 |     int i = 1;
      |         ^
C:\Users\Administrator\source\repos\xtlua-Tu-154\XTLua\src\imgui_lua_bindings\imgui_iterator.inl:1915:1: warning: unused variable 'i' [clang-diagnostic-unused-variable]
 1915 | START_ENUM(SelectableFlags)
      | ^
C:\Users\Administrator\source\repos\xtlua-Tu-154\XTLua\src\imgui_lua_bindings\imgui_lua_bindings.cpp:841:9: note: expanded from macro 'START_ENUM'
  841 |     int i = 1;
      |         ^
C:\Users\Administrator\source\repos\xtlua-Tu-154\XTLua\src\imgui_lua_bindings\imgui_iterator.inl:1937:1: warning: unused variable 'i' [clang-diagnostic-unused-variable]
 1937 | START_ENUM(ComboFlags)
      | ^
C:\Users\Administrator\source\repos\xtlua-Tu-154\XTLua\src\imgui_lua_bindings\imgui_lua_bindings.cpp:841:9: note: expanded from macro 'START_ENUM'
  841 |     int i = 1;
      |         ^
C:\Users\Administrator\source\repos\xtlua-Tu-154\XTLua\src\imgui_lua_bindings\imgui_iterator.inl:1959:1: warning: unused variable 'i' [clang-diagnostic-unused-variable]
 1959 | START_ENUM(TabBarFlags)
      | ^
C:\Users\Administrator\source\repos\xtlua-Tu-154\XTLua\src\imgui_lua_bindings\imgui_lua_bindings.cpp:841:9: note: expanded from macro 'START_ENUM'
  841 |     int i = 1;
      |         ^
C:\Users\Administrator\source\repos\xtlua-Tu-154\XTLua\src\imgui_lua_bindings\imgui_iterator.inl:1987:1: warning: unused variable 'i' [clang-diagnostic-unused-variable]
 1987 | START_ENUM(TabItemFlags)
      | ^
C:\Users\Administrator\source\repos\xtlua-Tu-154\XTLua\src\imgui_lua_bindings\imgui_lua_bindings.cpp:841:9: note: expanded from macro 'START_ENUM'
  841 |     int i = 1;
      |         ^
C:\Users\Administrator\source\repos\xtlua-Tu-154\XTLua\src\imgui_lua_bindings\imgui_iterator.inl:2011:1: warning: unused variable 'i' [clang-diagnostic-unused-variable]
 2011 | START_ENUM(FocusedFlags)
      | ^
C:\Users\Administrator\source\repos\xtlua-Tu-154\XTLua\src\imgui_lua_bindings\imgui_lua_bindings.cpp:841:9: note: expanded from macro 'START_ENUM'
  841 |     int i = 1;
      |         ^
C:\Users\Administrator\source\repos\xtlua-Tu-154\XTLua\src\imgui_lua_bindings\imgui_iterator.inl:2027:1: warning: unused variable 'i' [clang-diagnostic-unused-variable]
 2027 | START_ENUM(HoveredFlags)
      | ^
C:\Users\Administrator\source\repos\xtlua-Tu-154\XTLua\src\imgui_lua_bindings\imgui_lua_bindings.cpp:841:9: note: expanded from macro 'START_ENUM'
  841 |     int i = 1;
      |         ^
C:\Users\Administrator\source\repos\xtlua-Tu-154\XTLua\src\imgui_lua_bindings\imgui_iterator.inl:2071:1: warning: unused variable 'i' [clang-diagnostic-unused-variable]
 2071 | START_ENUM(DragDropFlags)
      | ^
C:\Users\Administrator\source\repos\xtlua-Tu-154\XTLua\src\imgui_lua_bindings\imgui_lua_bindings.cpp:841:9: note: expanded from macro 'START_ENUM'
  841 |     int i = 1;
      |         ^
C:\Users\Administrator\source\repos\xtlua-Tu-154\XTLua\src\imgui_lua_bindings\imgui_iterator.inl:2105:1: warning: unused variable 'i' [clang-diagnostic-unused-variable]
 2105 | START_ENUM(DataType)
      | ^
C:\Users\Administrator\source\repos\xtlua-Tu-154\XTLua\src\imgui_lua_bindings\imgui_lua_bindings.cpp:841:9: note: expanded from macro 'START_ENUM'
  841 |     int i = 1;
      |         ^
C:\Users\Administrator\source\repos\xtlua-Tu-154\XTLua\src\imgui_lua_bindings\imgui_iterator.inl:2141:1: warning: unused variable 'i' [clang-diagnostic-unused-variable]
 2141 | START_ENUM(InputFlags)
      | ^
C:\Users\Administrator\source\repos\xtlua-Tu-154\XTLua\src\imgui_lua_bindings\imgui_lua_bindings.cpp:841:9: note: expanded from macro 'START_ENUM'
  841 |     int i = 1;
      |         ^
C:\Users\Administrator\source\repos\xtlua-Tu-154\XTLua\src\imgui_lua_bindings\imgui_iterator.inl:2167:1: warning: unused variable 'i' [clang-diagnostic-unused-variable]
 2167 | START_ENUM(ConfigFlags)
      | ^
C:\Users\Administrator\source\repos\xtlua-Tu-154\XTLua\src\imgui_lua_bindings\imgui_lua_bindings.cpp:841:9: note: expanded from macro 'START_ENUM'
  841 |     int i = 1;
      |         ^
C:\Users\Administrator\source\repos\xtlua-Tu-154\XTLua\src\imgui_lua_bindings\imgui_iterator.inl:2191:1: warning: unused variable 'i' [clang-diagnostic-unused-variable]
 2191 | START_ENUM(BackendFlags)
      | ^
C:\Users\Administrator\source\repos\xtlua-Tu-154\XTLua\src\imgui_lua_bindings\imgui_lua_bindings.cpp:841:9: note: expanded from macro 'START_ENUM'
  841 |     int i = 1;
      |         ^
C:\Users\Administrator\source\repos\xtlua-Tu-154\XTLua\src\imgui_lua_bindings\imgui_iterator.inl:2207:1: warning: unused variable 'i' [clang-diagnostic-unused-variable]
 2207 | START_ENUM(Col)
      | ^
C:\Users\Administrator\source\repos\xtlua-Tu-154\XTLua\src\imgui_lua_bindings\imgui_lua_bindings.cpp:841:9: note: expanded from macro 'START_ENUM'
  841 |     int i = 1;
      |         ^
C:\Users\Administrator\source\repos\xtlua-Tu-154\XTLua\src\imgui_lua_bindings\imgui_iterator.inl:2341:1: warning: unused variable 'i' [clang-diagnostic-unused-variable]
 2341 | START_ENUM(StyleVar)
      | ^
C:\Users\Administrator\source\repos\xtlua-Tu-154\XTLua\src\imgui_lua_bindings\imgui_lua_bindings.cpp:841:9: note: expanded from macro 'START_ENUM'
  841 |     int i = 1;
      |         ^
C:\Users\Administrator\source\repos\xtlua-Tu-154\XTLua\src\imgui_lua_bindings\imgui_iterator.inl:2429:1: warning: unused variable 'i' [clang-diagnostic-unused-variable]
 2429 | START_ENUM(ButtonFlags)
      | ^
C:\Users\Administrator\source\repos\xtlua-Tu-154\XTLua\src\imgui_lua_bindings\imgui_lua_bindings.cpp:841:9: note: expanded from macro 'START_ENUM'
  841 |     int i = 1;
      |         ^
C:\Users\Administrator\source\repos\xtlua-Tu-154\XTLua\src\imgui_lua_bindings\imgui_iterator.inl:2445:1: warning: unused variable 'i' [clang-diagnostic-unused-variable]
 2445 | START_ENUM(ColorEditFlags)
      | ^
C:\Users\Administrator\source\repos\xtlua-Tu-154\XTLua\src\imgui_lua_bindings\imgui_lua_bindings.cpp:841:9: note: expanded from macro 'START_ENUM'
  841 |     int i = 1;
      |         ^
C:\Users\Administrator\source\repos\xtlua-Tu-154\XTLua\src\imgui_lua_bindings\imgui_iterator.inl:2503:1: warning: unused variable 'i' [clang-diagnostic-unused-variable]
 2503 | START_ENUM(SliderFlags)
      | ^
C:\Users\Administrator\source\repos\xtlua-Tu-154\XTLua\src\imgui_lua_bindings\imgui_lua_bindings.cpp:841:9: note: expanded from macro 'START_ENUM'
  841 |     int i = 1;
      |         ^
C:\Users\Administrator\source\repos\xtlua-Tu-154\XTLua\src\imgui_lua_bindings\imgui_iterator.inl:2527:1: warning: unused variable 'i' [clang-diagnostic-unused-variable]
 2527 | START_ENUM(MouseButton)
      | ^
C:\Users\Administrator\source\repos\xtlua-Tu-154\XTLua\src\imgui_lua_bindings\imgui_lua_bindings.cpp:841:9: note: expanded from macro 'START_ENUM'
  841 |     int i = 1;
      |         ^
C:\Users\Administrator\source\repos\xtlua-Tu-154\XTLua\src\imgui_lua_bindings\imgui_iterator.inl:2539:1: warning: unused variable 'i' [clang-diagnostic-unused-variable]
 2539 | START_ENUM(MouseCursor)
      | ^
C:\Users\Administrator\source\repos\xtlua-Tu-154\XTLua\src\imgui_lua_bindings\imgui_lua_bindings.cpp:841:9: note: expanded from macro 'START_ENUM'
  841 |     int i = 1;
      |         ^
C:\Users\Administrator\source\repos\xtlua-Tu-154\XTLua\src\imgui_lua_bindings\imgui_iterator.inl:2571:1: warning: unused variable 'i' [clang-diagnostic-unused-variable]
 2571 | START_ENUM(Cond)
      | ^
C:\Users\Administrator\source\repos\xtlua-Tu-154\XTLua\src\imgui_lua_bindings\imgui_lua_bindings.cpp:841:9: note: expanded from macro 'START_ENUM'
  841 |     int i = 1;
      |         ^
C:\Users\Administrator\source\repos\xtlua-Tu-154\XTLua\src\imgui_lua_bindings\imgui_iterator.inl:2585:1: warning: unused variable 'i' [clang-diagnostic-unused-variable]
 2585 | START_ENUM(TableFlags)
      | ^
C:\Users\Administrator\source\repos\xtlua-Tu-154\XTLua\src\imgui_lua_bindings\imgui_lua_bindings.cpp:841:9: note: expanded from macro 'START_ENUM'
  841 |     int i = 1;
      |         ^
C:\Users\Administrator\source\repos\xtlua-Tu-154\XTLua\src\imgui_lua_bindings\imgui_iterator.inl:2661:1: warning: unused variable 'i' [clang-diagnostic-unused-variable]
 2661 | START_ENUM(TableColumnFlags)
      | ^
C:\Users\Administrator\source\repos\xtlua-Tu-154\XTLua\src\imgui_lua_bindings\imgui_lua_bindings.cpp:841:9: note: expanded from macro 'START_ENUM'
  841 |     int i = 1;
      |         ^
C:\Users\Administrator\source\repos\xtlua-Tu-154\XTLua\src\imgui_lua_bindings\imgui_iterator.inl:2713:1: warning: unused variable 'i' [clang-diagnostic-unused-variable]
 2713 | START_ENUM(TableRowFlags)
      | ^
C:\Users\Administrator\source\repos\xtlua-Tu-154\XTLua\src\imgui_lua_bindings\imgui_lua_bindings.cpp:841:9: note: expanded from macro 'START_ENUM'
  841 |     int i = 1;
      |         ^
C:\Users\Administrator\source\repos\xtlua-Tu-154\XTLua\src\imgui_lua_bindings\imgui_iterator.inl:2721:1: warning: unused variable 'i' [clang-diagnostic-unused-variable]
 2721 | START_ENUM(TableBgTarget)
      | ^
C:\Users\Administrator\source\repos\xtlua-Tu-154\XTLua\src\imgui_lua_bindings\imgui_lua_bindings.cpp:841:9: note: expanded from macro 'START_ENUM'
  841 |     int i = 1;
      |         ^
C:\Users\Administrator\source\repos\xtlua-Tu-154\XTLua\src\imgui_lua_bindings\imgui_iterator.inl:2761:1: warning: unused variable 'i' [clang-diagnostic-unused-variable]
 2761 | START_ENUM(ListClipperFlags)
      | ^
C:\Users\Administrator\source\repos\xtlua-Tu-154\XTLua\src\imgui_lua_bindings\imgui_lua_bindings.cpp:841:9: note: expanded from macro 'START_ENUM'
  841 |     int i = 1;
      |         ^
C:\Users\Administrator\source\repos\xtlua-Tu-154\XTLua\src\imgui_lua_bindings\imgui_iterator.inl:2773:1: warning: unused variable 'i' [clang-diagnostic-unused-variable]
 2773 | START_ENUM(MultiSelectFlags)
      | ^
C:\Users\Administrator\source\repos\xtlua-Tu-154\XTLua\src\imgui_lua_bindings\imgui_lua_bindings.cpp:841:9: note: expanded from macro 'START_ENUM'
  841 |     int i = 1;
      |         ^
C:\Users\Administrator\source\repos\xtlua-Tu-154\XTLua\src\imgui_lua_bindings\imgui_iterator.inl:2854:1: warning: unused variable 'arg' [clang-diagnostic-unused-variable]
 2854 | IMGUI_FUNCTION_DRAW_LIST(PushClipRectFullScreen)
      | ^
C:\Users\Administrator\source\repos\xtlua-Tu-154\XTLua\src\imgui_lua_bindings\imgui_lua_bindings.cpp:521:7: note: expanded from macro 'IMGUI_FUNCTION_DRAW_LIST'
  521 |   int arg = 1; \
      |       ^~~
C:\Users\Administrator\source\repos\xtlua-Tu-154\XTLua\src\imgui_lua_bindings\imgui_iterator.inl:2854:1: warning: unused variable 'max_args' [clang-diagnostic-unused-variable]
 2854 | IMGUI_FUNCTION_DRAW_LIST(PushClipRectFullScreen)
      | ^
C:\Users\Administrator\source\repos\xtlua-Tu-154\XTLua\src\imgui_lua_bindings\imgui_lua_bindings.cpp:520:7: note: expanded from macro 'IMGUI_FUNCTION_DRAW_LIST'
  520 |   int max_args = lua_gettop(L); \
      |       ^~~~~~~~
C:\Users\Administrator\source\repos\xtlua-Tu-154\XTLua\src\imgui_lua_bindings\imgui_iterator.inl:2858:1: warning: unused variable 'arg' [clang-diagnostic-unused-variable]
 2858 | IMGUI_FUNCTION_DRAW_LIST(PopClipRect)
      | ^
C:\Users\Administrator\source\repos\xtlua-Tu-154\XTLua\src\imgui_lua_bindings\imgui_lua_bindings.cpp:521:7: note: expanded from macro 'IMGUI_FUNCTION_DRAW_LIST'
  521 |   int arg = 1; \
      |       ^~~
C:\Users\Administrator\source\repos\xtlua-Tu-154\XTLua\src\imgui_lua_bindings\imgui_iterator.inl:2858:1: warning: unused variable 'max_args' [clang-diagnostic-unused-variable]
 2858 | IMGUI_FUNCTION_DRAW_LIST(PopClipRect)
      | ^
C:\Users\Administrator\source\repos\xtlua-Tu-154\XTLua\src\imgui_lua_bindings\imgui_lua_bindings.cpp:520:7: note: expanded from macro 'IMGUI_FUNCTION_DRAW_LIST'
  520 |   int max_args = lua_gettop(L); \
      |       ^~~~~~~~
C:\Users\Administrator\source\repos\xtlua-Tu-154\XTLua\src\imgui_lua_bindings\imgui_iterator.inl:2864:1: warning: unused variable 'arg' [clang-diagnostic-unused-variable]
 2864 | IMGUI_FUNCTION_DRAW_LIST(PopTexture)
      | ^
C:\Users\Administrator\source\repos\xtlua-Tu-154\XTLua\src\imgui_lua_bindings\imgui_lua_bindings.cpp:521:7: note: expanded from macro 'IMGUI_FUNCTION_DRAW_LIST'
  521 |   int arg = 1; \
      |       ^~~
C:\Users\Administrator\source\repos\xtlua-Tu-154\XTLua\src\imgui_lua_bindings\imgui_iterator.inl:2864:1: warning: unused variable 'max_args' [clang-diagnostic-unused-variable]
 2864 | IMGUI_FUNCTION_DRAW_LIST(PopTexture)
      | ^
C:\Users\Administrator\source\repos\xtlua-Tu-154\XTLua\src\imgui_lua_bindings\imgui_lua_bindings.cpp:520:7: note: expanded from macro 'IMGUI_FUNCTION_DRAW_LIST'
  520 |   int max_args = lua_gettop(L); \
      |       ^~~~~~~~
C:\Users\Administrator\source\repos\xtlua-Tu-154\XTLua\src\imgui_lua_bindings\imgui_iterator.inl:2884:1: warning: unused variable 'max_args' [clang-diagnostic-unused-variable]
 2884 | IMGUI_FUNCTION_DRAW_LIST(AddRectFilledMultiColor)
      | ^
C:\Users\Administrator\source\repos\xtlua-Tu-154\XTLua\src\imgui_lua_bindings\imgui_lua_bindings.cpp:520:7: note: expanded from macro 'IMGUI_FUNCTION_DRAW_LIST'
  520 |   int max_args = lua_gettop(L); \
      |       ^~~~~~~~
C:\Users\Administrator\source\repos\xtlua-Tu-154\XTLua\src\imgui_lua_bindings\imgui_iterator.inl:2904:1: warning: unused variable 'max_args' [clang-diagnostic-unused-variable]
 2904 | IMGUI_FUNCTION_DRAW_LIST(AddQuadFilled)
      | ^
C:\Users\Administrator\source\repos\xtlua-Tu-154\XTLua\src\imgui_lua_bindings\imgui_lua_bindings.cpp:520:7: note: expanded from macro 'IMGUI_FUNCTION_DRAW_LIST'
  520 |   int max_args = lua_gettop(L); \
      |       ^~~~~~~~
C:\Users\Administrator\source\repos\xtlua-Tu-154\XTLua\src\imgui_lua_bindings\imgui_iterator.inl:2922:1: warning: unused variable 'max_args' [clang-diagnostic-unused-variable]
 2922 | IMGUI_FUNCTION_DRAW_LIST(AddTriangleFilled)
      | ^
C:\Users\Administrator\source\repos\xtlua-Tu-154\XTLua\src\imgui_lua_bindings\imgui_lua_bindings.cpp:520:7: note: expanded from macro 'IMGUI_FUNCTION_DRAW_LIST'
  520 |   int max_args = lua_gettop(L); \
      |       ^~~~~~~~
C:\Users\Administrator\source\repos\xtlua-Tu-154\XTLua\src\imgui_lua_bindings\imgui_iterator.inl:2956:1: warning: unused variable 'max_args' [clang-diagnostic-unused-variable]
 2956 | IMGUI_FUNCTION_DRAW_LIST(AddNgonFilled)
      | ^
C:\Users\Administrator\source\repos\xtlua-Tu-154\XTLua\src\imgui_lua_bindings\imgui_lua_bindings.cpp:520:7: note: expanded from macro 'IMGUI_FUNCTION_DRAW_LIST'
  520 |   int max_args = lua_gettop(L); \
      |       ^~~~~~~~
C:\Users\Administrator\source\repos\xtlua-Tu-154\XTLua\src\imgui_lua_bindings\imgui_iterator.inl:3065:1: warning: unused variable 'max_args' [clang-diagnostic-unused-variable]
 3065 | IMGUI_FUNCTION_DRAW_LIST(PathArcToFast)
      | ^
C:\Users\Administrator\source\repos\xtlua-Tu-154\XTLua\src\imgui_lua_bindings\imgui_lua_bindings.cpp:520:7: note: expanded from macro 'IMGUI_FUNCTION_DRAW_LIST'
  520 |   int max_args = lua_gettop(L); \
      |       ^~~~~~~~
C:\Users\Administrator\source\repos\xtlua-Tu-154\XTLua\src\imgui_lua_bindings\imgui_iterator.inl:3104:1: warning: unused variable 'arg' [clang-diagnostic-unused-variable]
 3104 | IMGUI_FUNCTION_DRAW_LIST(AddDrawCmd)
      | ^
C:\Users\Administrator\source\repos\xtlua-Tu-154\XTLua\src\imgui_lua_bindings\imgui_lua_bindings.cpp:521:7: note: expanded from macro 'IMGUI_FUNCTION_DRAW_LIST'
  521 |   int arg = 1; \
      |       ^~~
C:\Users\Administrator\source\repos\xtlua-Tu-154\XTLua\src\imgui_lua_bindings\imgui_iterator.inl:3104:1: warning: unused variable 'max_args' [clang-diagnostic-unused-variable]
 3104 | IMGUI_FUNCTION_DRAW_LIST(AddDrawCmd)
      | ^
C:\Users\Administrator\source\repos\xtlua-Tu-154\XTLua\src\imgui_lua_bindings\imgui_lua_bindings.cpp:520:7: note: expanded from macro 'IMGUI_FUNCTION_DRAW_LIST'
  520 |   int max_args = lua_gettop(L); \
      |       ^~~~~~~~
C:\Users\Administrator\source\repos\xtlua-Tu-154\XTLua\src\imgui_lua_bindings\imgui_iterator.inl:3116:1: warning: unused variable 'max_args' [clang-diagnostic-unused-variable]
 3116 | IMGUI_FUNCTION_DRAW_LIST(PrimReserve)
      | ^
C:\Users\Administrator\source\repos\xtlua-Tu-154\XTLua\src\imgui_lua_bindings\imgui_lua_bindings.cpp:520:7: note: expanded from macro 'IMGUI_FUNCTION_DRAW_LIST'
  520 |   int max_args = lua_gettop(L); \
      |       ^~~~~~~~
C:\Users\Administrator\source\repos\xtlua-Tu-154\XTLua\src\imgui_lua_bindings\imgui_iterator.inl:3122:1: warning: unused variable 'max_args' [clang-diagnostic-unused-variable]
 3122 | IMGUI_FUNCTION_DRAW_LIST(PrimUnreserve)
      | ^
C:\Users\Administrator\source\repos\xtlua-Tu-154\XTLua\src\imgui_lua_bindings\imgui_lua_bindings.cpp:520:7: note: expanded from macro 'IMGUI_FUNCTION_DRAW_LIST'
  520 |   int max_args = lua_gettop(L); \
      |       ^~~~~~~~
C:\Users\Administrator\source\repos\xtlua-Tu-154\XTLua\src\imgui_lua_bindings\imgui_iterator.inl:3128:1: warning: unused variable 'max_args' [clang-diagnostic-unused-variable]
 3128 | IMGUI_FUNCTION_DRAW_LIST(PrimRect)
      | ^
C:\Users\Administrator\source\repos\xtlua-Tu-154\XTLua\src\imgui_lua_bindings\imgui_lua_bindings.cpp:520:7: note: expanded from macro 'IMGUI_FUNCTION_DRAW_LIST'
  520 |   int max_args = lua_gettop(L); \
      |       ^~~~~~~~
C:\Users\Administrator\source\repos\xtlua-Tu-154\XTLua\src\imgui_lua_bindings\imgui_iterator.inl:3135:1: warning: unused variable 'max_args' [clang-diagnostic-unused-variable]
 3135 | IMGUI_FUNCTION_DRAW_LIST(PrimRectUV)
      | ^
C:\Users\Administrator\source\repos\xtlua-Tu-154\XTLua\src\imgui_lua_bindings\imgui_lua_bindings.cpp:520:7: note: expanded from macro 'IMGUI_FUNCTION_DRAW_LIST'
  520 |   int max_args = lua_gettop(L); \
      |       ^~~~~~~~
C:\Users\Administrator\source\repos\xtlua-Tu-154\XTLua\src\imgui_lua_bindings\imgui_iterator.inl:3144:1: warning: unused variable 'max_args' [clang-diagnostic-unused-variable]
 3144 | IMGUI_FUNCTION_DRAW_LIST(PrimQuadUV)
      | ^
C:\Users\Administrator\source\repos\xtlua-Tu-154\XTLua\src\imgui_lua_bindings\imgui_lua_bindings.cpp:520:7: note: expanded from macro 'IMGUI_FUNCTION_DRAW_LIST'
  520 |   int max_args = lua_gettop(L); \
      |       ^~~~~~~~
C:\Users\Administrator\source\repos\xtlua-Tu-154\XTLua\src\imgui_lua_bindings\imgui_iterator.inl:3198:1: warning: unused variable 'arg' [clang-diagnostic-unused-variable]
 3198 | IMGUI_FUNCTION_DRAW_LIST(_ResetForNewFrame)
      | ^
C:\Users\Administrator\source\repos\xtlua-Tu-154\XTLua\src\imgui_lua_bindings\imgui_lua_bindings.cpp:521:7: note: expanded from macro 'IMGUI_FUNCTION_DRAW_LIST'
  521 |   int arg = 1; \
      |       ^~~
C:\Users\Administrator\source\repos\xtlua-Tu-154\XTLua\src\imgui_lua_bindings\imgui_iterator.inl:3198:1: warning: unused variable 'max_args' [clang-diagnostic-unused-variable]
 3198 | IMGUI_FUNCTION_DRAW_LIST(_ResetForNewFrame)
      | ^
C:\Users\Administrator\source\repos\xtlua-Tu-154\XTLua\src\imgui_lua_bindings\imgui_lua_bindings.cpp:520:7: note: expanded from macro 'IMGUI_FUNCTION_DRAW_LIST'
  520 |   int max_args = lua_gettop(L); \
      |       ^~~~~~~~
C:\Users\Administrator\source\repos\xtlua-Tu-154\XTLua\src\imgui_lua_bindings\imgui_iterator.inl:3202:1: warning: unused variable 'arg' [clang-diagnostic-unused-variable]
 3202 | IMGUI_FUNCTION_DRAW_LIST(_ClearFreeMemory)
      | ^
C:\Users\Administrator\source\repos\xtlua-Tu-154\XTLua\src\imgui_lua_bindings\imgui_lua_bindings.cpp:521:7: note: expanded from macro 'IMGUI_FUNCTION_DRAW_LIST'
  521 |   int arg = 1; \
      |       ^~~
C:\Users\Administrator\source\repos\xtlua-Tu-154\XTLua\src\imgui_lua_bindings\imgui_iterator.inl:3202:1: warning: unused variable 'max_args' [clang-diagnostic-unused-variable]
 3202 | IMGUI_FUNCTION_DRAW_LIST(_ClearFreeMemory)
      | ^
C:\Users\Administrator\source\repos\xtlua-Tu-154\XTLua\src\imgui_lua_bindings\imgui_lua_bindings.cpp:520:7: note: expanded from macro 'IMGUI_FUNCTION_DRAW_LIST'
  520 |   int max_args = lua_gettop(L); \
      |       ^~~~~~~~
C:\Users\Administrator\source\repos\xtlua-Tu-154\XTLua\src\imgui_lua_bindings\imgui_iterator.inl:3206:1: warning: unused variable 'arg' [clang-diagnostic-unused-variable]
 3206 | IMGUI_FUNCTION_DRAW_LIST(_PopUnusedDrawCmd)
      | ^
C:\Users\Administrator\source\repos\xtlua-Tu-154\XTLua\src\imgui_lua_bindings\imgui_lua_bindings.cpp:521:7: note: expanded from macro 'IMGUI_FUNCTION_DRAW_LIST'
  521 |   int arg = 1; \
      |       ^~~
C:\Users\Administrator\source\repos\xtlua-Tu-154\XTLua\src\imgui_lua_bindings\imgui_iterator.inl:3206:1: warning: unused variable 'max_args' [clang-diagnostic-unused-variable]
 3206 | IMGUI_FUNCTION_DRAW_LIST(_PopUnusedDrawCmd)
      | ^
C:\Users\Administrator\source\repos\xtlua-Tu-154\XTLua\src\imgui_lua_bindings\imgui_lua_bindings.cpp:520:7: note: expanded from macro 'IMGUI_FUNCTION_DRAW_LIST'
  520 |   int max_args = lua_gettop(L); \
      |       ^~~~~~~~
C:\Users\Administrator\source\repos\xtlua-Tu-154\XTLua\src\imgui_lua_bindings\imgui_iterator.inl:3210:1: warning: unused variable 'arg' [clang-diagnostic-unused-variable]
 3210 | IMGUI_FUNCTION_DRAW_LIST(_TryMergeDrawCmds)
      | ^
C:\Users\Administrator\source\repos\xtlua-Tu-154\XTLua\src\imgui_lua_bindings\imgui_lua_bindings.cpp:521:7: note: expanded from macro 'IMGUI_FUNCTION_DRAW_LIST'
  521 |   int arg = 1; \
      |       ^~~
C:\Users\Administrator\source\repos\xtlua-Tu-154\XTLua\src\imgui_lua_bindings\imgui_iterator.inl:3210:1: warning: unused variable 'max_args' [clang-diagnostic-unused-variable]
 3210 | IMGUI_FUNCTION_DRAW_LIST(_TryMergeDrawCmds)
      | ^
C:\Users\Administrator\source\repos\xtlua-Tu-154\XTLua\src\imgui_lua_bindings\imgui_lua_bindings.cpp:520:7: note: expanded from macro 'IMGUI_FUNCTION_DRAW_LIST'
  520 |   int max_args = lua_gettop(L); \
      |       ^~~~~~~~
C:\Users\Administrator\source\repos\xtlua-Tu-154\XTLua\src\imgui_lua_bindings\imgui_iterator.inl:3214:1: warning: unused variable 'arg' [clang-diagnostic-unused-variable]
 3214 | IMGUI_FUNCTION_DRAW_LIST(_OnChangedClipRect)
      | ^
C:\Users\Administrator\source\repos\xtlua-Tu-154\XTLua\src\imgui_lua_bindings\imgui_lua_bindings.cpp:521:7: note: expanded from macro 'IMGUI_FUNCTION_DRAW_LIST'
  521 |   int arg = 1; \
      |       ^~~
C:\Users\Administrator\source\repos\xtlua-Tu-154\XTLua\src\imgui_lua_bindings\imgui_iterator.inl:3214:1: warning: unused variable 'max_args' [clang-diagnostic-unused-variable]
 3214 | IMGUI_FUNCTION_DRAW_LIST(_OnChangedClipRect)
      | ^
C:\Users\Administrator\source\repos\xtlua-Tu-154\XTLua\src\imgui_lua_bindings\imgui_lua_bindings.cpp:520:7: note: expanded from macro 'IMGUI_FUNCTION_DRAW_LIST'
  520 |   int max_args = lua_gettop(L); \
      |       ^~~~~~~~
C:\Users\Administrator\source\repos\xtlua-Tu-154\XTLua\src\imgui_lua_bindings\imgui_iterator.inl:3218:1: warning: unused variable 'arg' [clang-diagnostic-unused-variable]
 3218 | IMGUI_FUNCTION_DRAW_LIST(_OnChangedTexture)
      | ^
C:\Users\Administrator\source\repos\xtlua-Tu-154\XTLua\src\imgui_lua_bindings\imgui_lua_bindings.cpp:521:7: note: expanded from macro 'IMGUI_FUNCTION_DRAW_LIST'
  521 |   int arg = 1; \
      |       ^~~
C:\Users\Administrator\source\repos\xtlua-Tu-154\XTLua\src\imgui_lua_bindings\imgui_iterator.inl:3218:1: warning: unused variable 'max_args' [clang-diagnostic-unused-variable]
 3218 | IMGUI_FUNCTION_DRAW_LIST(_OnChangedTexture)
      | ^
C:\Users\Administrator\source\repos\xtlua-Tu-154\XTLua\src\imgui_lua_bindings\imgui_lua_bindings.cpp:520:7: note: expanded from macro 'IMGUI_FUNCTION_DRAW_LIST'
  520 |   int max_args = lua_gettop(L); \
      |       ^~~~~~~~
C:\Users\Administrator\source\repos\xtlua-Tu-154\XTLua\src\imgui_lua_bindings\imgui_iterator.inl:3222:1: warning: unused variable 'arg' [clang-diagnostic-unused-variable]
 3222 | IMGUI_FUNCTION_DRAW_LIST(_OnChangedVtxOffset)
      | ^
C:\Users\Administrator\source\repos\xtlua-Tu-154\XTLua\src\imgui_lua_bindings\imgui_lua_bindings.cpp:521:7: note: expanded from macro 'IMGUI_FUNCTION_DRAW_LIST'
  521 |   int arg = 1; \
      |       ^~~
C:\Users\Administrator\source\repos\xtlua-Tu-154\XTLua\src\imgui_lua_bindings\imgui_iterator.inl:3222:1: warning: unused variable 'max_args' [clang-diagnostic-unused-variable]
 3222 | IMGUI_FUNCTION_DRAW_LIST(_OnChangedVtxOffset)
      | ^
C:\Users\Administrator\source\repos\xtlua-Tu-154\XTLua\src\imgui_lua_bindings\imgui_lua_bindings.cpp:520:7: note: expanded from macro 'IMGUI_FUNCTION_DRAW_LIST'
  520 |   int max_args = lua_gettop(L); \
      |       ^~~~~~~~
C:\Users\Administrator\source\repos\xtlua-Tu-154\XTLua\src\imgui_lua_bindings\imgui_iterator.inl:3228:1: warning: unused variable 'max_args' [clang-diagnostic-unused-variable]
 3228 | IMGUI_FUNCTION_DRAW_LIST(_PathArcToFastEx)
      | ^
C:\Users\Administrator\source\repos\xtlua-Tu-154\XTLua\src\imgui_lua_bindings\imgui_lua_bindings.cpp:520:7: note: expanded from macro 'IMGUI_FUNCTION_DRAW_LIST'
  520 |   int max_args = lua_gettop(L); \
      |       ^~~~~~~~
C:\Users\Administrator\source\repos\xtlua-Tu-154\XTLua\src\imgui_lua_bindings\imgui_iterator.inl:3237:1: warning: unused variable 'max_args' [clang-diagnostic-unused-variable]
 3237 | IMGUI_FUNCTION_DRAW_LIST(_PathArcToN)
      | ^
C:\Users\Administrator\source\repos\xtlua-Tu-154\XTLua\src\imgui_lua_bindings\imgui_lua_bindings.cpp:520:7: note: expanded from macro 'IMGUI_FUNCTION_DRAW_LIST'
  520 |   int max_args = lua_gettop(L); \
      |       ^~~~~~~~
C:\Users\Administrator\source\repos\xtlua-Tu-154\XTLua\src\imgui_lua_bindings\imgui_iterator.inl:3279:1: warning: unused variable 'i' [clang-diagnostic-unused-variable]
 3279 | START_ENUM(ViewportFlags)
      | ^
C:\Users\Administrator\source\repos\xtlua-Tu-154\XTLua\src\imgui_lua_bindings\imgui_lua_bindings.cpp:841:9: note: expanded from macro 'START_ENUM'
  841 |     int i = 1;
      |         ^
C:\Users\Administrator\source\repos\xtlua-Tu-154\XTLua\src\stb_image.h:5016:31: warning: Although the value stored to 'z' is used in the enclosing expression, the value is never actually read from 'z' [clang-analyzer-deadcode.DeadStores]
 5016 |    if (z >= 0x00002) n +=  1, z >>=  1;
      |                               ^      ~
C:\Users\Administrator\source\repos\xtlua-Tu-154\XTLua\src\stb_image.h:5016:31: note: Although the value stored to 'z' is used in the enclosing expression, the value is never actually read from 'z'
 5016 |    if (z >= 0x00002) n +=  1, z >>=  1;
      |                               ^      ~
C:\Users\Administrator\source\repos\xtlua-Tu-154\XTLua\src\stb_image.h:5465:8: warning: Value stored to 'tga_x_origin' during its initialization is never read [clang-analyzer-deadcode.DeadStores]
 5465 |    int tga_x_origin = stbi__get16le(s);
      |        ^~~~~~~~~~~~   ~~~~~~~~~~~~~~~~
C:\Users\Administrator\source\repos\xtlua-Tu-154\XTLua\src\stb_image.h:5465:8: note: Value stored to 'tga_x_origin' during its initialization is never read
 5465 |    int tga_x_origin = stbi__get16le(s);
      |        ^~~~~~~~~~~~   ~~~~~~~~~~~~~~~~
C:\Users\Administrator\source\repos\xtlua-Tu-154\XTLua\src\stb_image.h:5466:8: warning: Value stored to 'tga_y_origin' during its initialization is never read [clang-analyzer-deadcode.DeadStores]
 5466 |    int tga_y_origin = stbi__get16le(s);
      |        ^~~~~~~~~~~~   ~~~~~~~~~~~~~~~~
C:\Users\Administrator\source\repos\xtlua-Tu-154\XTLua\src\stb_image.h:5466:8: note: Value stored to 'tga_y_origin' during its initialization is never read
 5466 |    int tga_y_origin = stbi__get16le(s);
      |        ^~~~~~~~~~~~   ~~~~~~~~~~~~~~~~
C:\Users\Administrator\source\repos\xtlua-Tu-154\XTLua\src\stb_image.h:5643:4: warning: Value stored to 'tga_palette_start' is never read [clang-analyzer-deadcode.DeadStores]
 5643 |    tga_palette_start = tga_palette_len = tga_palette_bits =
      |    ^                   ~~~~~~~~~~~~~~~~~~~~~~~~~~~~~~~~~~~~
 5644 |          tga_x_origin = tga_y_origin = 0;
      |          ~~~~~~~~~~~~~~~~~~~~~~~~~~~~~~~
C:\Users\Administrator\source\repos\xtlua-Tu-154\XTLua\src\stb_image.h:5643:4: note: Value stored to 'tga_palette_start' is never read
 5643 |    tga_palette_start = tga_palette_len = tga_palette_bits =
      |    ^                   ~~~~~~~~~~~~~~~~~~~~~~~~~~~~~~~~~~~~
 5644 |          tga_x_origin = tga_y_origin = 0;
      |          ~~~~~~~~~~~~~~~~~~~~~~~~~~~~~~~
C:\Users\Administrator\source\repos\xtlua-Tu-154\XTLua\src\stb_image.h:5643:24: warning: Although the value stored to 'tga_palette_len' is used in the enclosing expression, the value is never actually read from 'tga_palette_len' [clang-analyzer-deadcode.DeadStores]
 5643 |    tga_palette_start = tga_palette_len = tga_palette_bits =
      |                        ^                 ~~~~~~~~~~~~~~~~~~
 5644 |          tga_x_origin = tga_y_origin = 0;
      |          ~~~~~~~~~~~~~~~~~~~~~~~~~~~~~~~
C:\Users\Administrator\source\repos\xtlua-Tu-154\XTLua\src\stb_image.h:5643:24: note: Although the value stored to 'tga_palette_len' is used in the enclosing expression, the value is never actually read from 'tga_palette_len'
 5643 |    tga_palette_start = tga_palette_len = tga_palette_bits =
      |                        ^                 ~~~~~~~~~~~~~~~~~~
 5644 |          tga_x_origin = tga_y_origin = 0;
      |          ~~~~~~~~~~~~~~~~~~~~~~~~~~~~~~~
C:\Users\Administrator\source\repos\xtlua-Tu-154\XTLua\src\stb_image.h:5643:42: warning: Although the value stored to 'tga_palette_bits' is used in the enclosing expression, the value is never actually read from 'tga_palette_bits' [clang-analyzer-deadcode.DeadStores]
 5643 |    tga_palette_start = tga_palette_len = tga_palette_bits =
      |                                          ^
 5644 |          tga_x_origin = tga_y_origin = 0;
      |          ~~~~~~~~~~~~~~~~~~~~~~~~~~~~~~~
C:\Users\Administrator\source\repos\xtlua-Tu-154\XTLua\src\stb_image.h:5643:42: note: Although the value stored to 'tga_palette_bits' is used in the enclosing expression, the value is never actually read from 'tga_palette_bits'
 5643 |    tga_palette_start = tga_palette_len = tga_palette_bits =
      |                                          ^
 5644 |          tga_x_origin = tga_y_origin = 0;
      |          ~~~~~~~~~~~~~~~~~~~~~~~~~~~~~~~
C:\Users\Administrator\source\repos\xtlua-Tu-154\XTLua\src\stb_image.h:5644:10: warning: Although the value stored to 'tga_x_origin' is used in the enclosing expression, the value is never actually read from 'tga_x_origin' [clang-analyzer-deadcode.DeadStores]
 5644 |          tga_x_origin = tga_y_origin = 0;
      |          ^              ~~~~~~~~~~~~~~~~
C:\Users\Administrator\source\repos\xtlua-Tu-154\XTLua\src\stb_image.h:5644:10: note: Although the value stored to 'tga_x_origin' is used in the enclosing expression, the value is never actually read from 'tga_x_origin'
 5644 |          tga_x_origin = tga_y_origin = 0;
      |          ^              ~~~~~~~~~~~~~~~~
C:\Users\Administrator\source\repos\xtlua-Tu-154\XTLua\src\stb_image.h:5644:25: warning: Although the value stored to 'tga_y_origin' is used in the enclosing expression, the value is never actually read from 'tga_y_origin' [clang-analyzer-deadcode.DeadStores]
 5644 |          tga_x_origin = tga_y_origin = 0;
      |                         ^              ~
C:\Users\Administrator\source\repos\xtlua-Tu-154\XTLua\src\stb_image.h:5644:25: note: Although the value stored to 'tga_y_origin' is used in the enclosing expression, the value is never actually read from 'tga_y_origin'
 5644 |          tga_x_origin = tga_y_origin = 0;
      |                         ^              ~
C:\Users\Administrator\source\repos\xtlua-Tu-154\SDK\XLua_glue\XPLMDisplay_glue.cpp:127:12: warning: unused function 'cb_XPLMAvionicsCallback_f' [clang-diagnostic-unused-function]
  127 | static int cb_XPLMAvionicsCallback_f(XPLMDeviceID inDeviceID, int inIsBefore, void* inRefcon)
      |            ^~~~~~~~~~~~~~~~~~~~~~~~~
C:\Users\Administrator\source\repos\xtlua-Tu-154\SDK\XLua_glue\XPLMDisplay_glue.cpp:146:12: warning: unused function 'cb_XPLMAvionicsMouse_f' [clang-diagnostic-unused-function]
  146 | static int cb_XPLMAvionicsMouse_f(int x, int y, XPLMMouseStatus inMouse, void* inRefcon)
      |            ^~~~~~~~~~~~~~~~~~~~~~
C:\Users\Administrator\source\repos\xtlua-Tu-154\SDK\XLua_glue\XPLMDisplay_glue.cpp:165:12: warning: unused function 'cb_XPLMAvionicsMouseWheel_f' [clang-diagnostic-unused-function]
  165 | static int cb_XPLMAvionicsMouseWheel_f(int x, int y, int wheel, int clicks, void* inRefcon)
      |            ^~~~~~~~~~~~~~~~~~~~~~~~~~~
C:\Users\Administrator\source\repos\xtlua-Tu-154\SDK\XLua_glue\XPLMDisplay_glue.cpp:184:25: warning: unused function 'cb_XPLMAvionicsCursor_f' [clang-diagnostic-unused-function]
  184 | static XPLMCursorStatus cb_XPLMAvionicsCursor_f(int x, int y, void* inRefcon)
      |                         ^~~~~~~~~~~~~~~~~~~~~~~
C:\Users\Administrator\source\repos\xtlua-Tu-154\SDK\XLua_glue\XPLMDisplay_glue.cpp:1688:12: warning: unused function 'cb_XPLMHandleMouseClick_f' [clang-diagnostic-unused-function]
 1688 | static int cb_XPLMHandleMouseClick_f(XPLMWindowID inWindowID, int x, int y, XPLMMouseStatus inMouse, void* inRefcon)
      |            ^~~~~~~~~~~~~~~~~~~~~~~~~
C:\Users\Administrator\source\repos\xtlua-Tu-154\SDK\XLua_glue\XPLMUtilities_glue.cpp:284:12: warning: unused function 'cb_XPLMCommandCallback_f' [clang-diagnostic-unused-function]
  284 | static int cb_XPLMCommandCallback_f(XPLMCommandRef inCommand, XPLMCommandPhase inPhase, void* inRefcon)
      |            ^~~~~~~~~~~~~~~~~~~~~~~~
